Player,Team,Position,szn_GP_x,szn_TOI/GP_x,szn_G,szn_A,szn_SOG,szn_HIT,szn_BLK,szn_PIM,szn_FOW,l7_GP_x,l7_TOI/GP_x,l7_G,l7_A,l7_SOG,l7_HIT,l7_BLK,l7_PIM,l7_FOW,szn_GP_y,szn_TOI/GP_y,szn_PPP,l7_GP_y,l7_TOI/GP_y,l7_PPP
Brent Burns,COL,D,9,0 days 00:20:25.555555554,0.0,1.31,7.51,0.98,4.57,2.61,0.0,7.0,0 days 00:20:18.857142858,0.0,1.69,7.17,0.84,4.22,2.53,0.0,,,,,,
Corey Perry,L.A,R,3,0 days 00:14:26.666666664,2.77,0.0,6.92,0.0,1.38,2.77,2.77,3.0,0 days 00:14:26.666666664,2.77,0.0,6.92,0.0,1.38,2.77,2.77,,,,,,
Alex Ovechkin,WSH,L,9,0 days 00:17:39.444444444,0.76,1.89,7.55,7.55,0.0,0.76,0.0,7.0,0 days 00:17:35.857142856,0.97,1.95,7.31,7.79,0.0,0.97,0.0,9.0,0 days 00:04:57.888888888,2.69,7.0,0 days 00:04:59.285714286,3.44
Evgeni Malkin,PIT,C,9,0 days 00:17:13.777777776,0.77,4.64,7.74,1.93,0.77,1.55,10.83,7.0,0 days 00:17:12.142857144,1.0,3.49,7.47,2.49,0.5,1.99,11.46,,,,,,
Sidney Crosby,PIT,C,9,0 days 00:18:55.999999998,2.11,1.76,5.28,3.52,1.41,2.82,33.45,7.0,0 days 00:19:00.714285714,2.25,1.8,5.41,3.16,0.9,3.61,32.91,,,,,,
Anze Kopitar,L.A,C,5,0 days 00:18:59.400000,0.0,2.53,6.32,5.06,5.06,0.0,35.39,3.0,0 days 00:20:09.666666666,0.0,1.98,8.93,2.98,4.96,0.0,38.69,,,,,,
Kris Letang,PIT,D,9,0 days 00:21:14.111111112,0.31,0.94,3.45,3.77,4.4,1.26,0.0,7.0,0 days 00:20:12.857142858,0.42,1.27,2.54,2.97,5.51,0.85,0.0,,,,,,
Ryan Reaves,S.J,R,7,0 days 00:07:08.285714285,1.2,0.0,3.6,36.02,1.2,12.01,0.0,6.0,0 days 00:07:14.500000002,1.38,0.0,4.14,34.52,1.38,13.81,0.0,,,,,,
Brad Marchand,FLA,L,10,0 days 00:18:22.699999998,1.63,1.96,11.1,3.26,0.33,3.92,0.0,7.0,0 days 00:18:09.428571426,1.42,2.36,10.39,3.78,0.47,4.72,0.0,10.0,0 days 00:03:55.099999998,6.13,,,
Nick Foligno,CHI,L,5,0 days 00:14:39.400000002,0.0,1.64,4.09,9.01,4.09,7.37,24.56,4.0,0 days 00:15:22.249999998,0.0,1.95,4.88,8.78,4.88,3.9,24.4,,,,,,
Jeff Petry,FLA,D,10,0 days 00:14:58.200000,0.0,0.8,2.81,3.21,3.61,1.6,0.0,7.0,0 days 00:14:16.000000002,0.0,0.0,3.0,3.0,3.6,2.4,0.0,,,,,,
Claude Giroux,OTT,R,9,0 days 00:15:48.444444444,0.42,2.53,5.48,2.53,0.84,1.69,18.98,7.0,0 days 00:16:13.857142860,0.0,2.64,4.75,2.11,1.06,2.11,21.12,,,,,,
Jordan Staal,CAR,C,8,0 days 00:15:10.125000,1.48,0.0,4.45,6.43,1.48,0.99,48.95,7.0,0 days 00:15:23.714285712,1.67,0.0,5.01,6.12,1.67,0.0,48.99,,,,,,
Jonathan Toews,WPG,C,8,0 days 00:16:25.999999998,0.91,1.37,3.65,0.46,3.19,3.65,35.14,7.0,0 days 00:16:09.857142858,1.06,1.59,3.71,0.53,3.71,3.18,37.12,,,,,,
Alex Killorn,ANA,L,8,0 days 00:16:13.999999998,0.46,0.46,7.85,2.77,1.85,0.0,3.23,7.0,0 days 00:16:24.571428570,0.52,0.52,6.79,2.61,2.09,0.0,2.61,,,,,,
Ian Cole,UTA,D,9,0 days 00:19:02.777777778,0.35,1.05,1.4,4.55,8.4,2.8,0.0,7.0,0 days 00:19:12.857142858,0.45,1.34,1.34,4.01,8.03,1.78,0.0,,,,,,
James van Riemsdyk,DET,L,6,0 days 00:11:31.666666668,0.87,0.0,6.94,0.0,4.34,3.47,0.87,6.0,0 days 00:11:31.666666668,0.87,0.0,6.94,0.0,4.34,3.47,0.87,,,,,,
David Perron,OTT,L,9,0 days 00:14:12.888888888,0.94,1.41,5.63,4.22,1.41,2.81,0.0,7.0,0 days 00:14:18.714285714,1.2,1.8,5.99,4.19,1.8,2.4,0.0,,,,,,
Patrick Kane,DET,R,5,0 days 00:17:14.200000002,1.39,2.09,6.27,1.39,0.7,0.0,0.0,3.0,0 days 00:17:07.666666667,1.17,0.0,5.84,1.17,1.17,0.0,0.0,,,,,,
Mikael Backlund,CGY,C,9,0 days 00:16:57.777777780,0.79,0.39,6.68,2.75,0.79,1.57,30.66,7.0,0 days 00:16:38.714285712,1.03,0.51,7.72,1.54,1.03,2.06,26.78,,,,,,
Ryan McDonagh,T.B,D,8,0 days 00:21:36.124999998,1.04,0.69,2.08,1.04,4.51,0.0,0.0,7.0,0 days 00:22:00.571428570,1.17,0.78,1.95,1.17,4.67,0.0,0.0,,,,,,
Lars Eller,OTT,C,9,0 days 00:13:51.444444444,0.48,0.96,5.77,4.33,2.41,0.0,25.5,7.0,0 days 00:13:58.285714284,0.61,1.23,6.75,1.23,2.45,0.0,21.47,,,,,,
Drew Doughty,L.A,D,9,0 days 00:24:01.555555554,0.0,0.83,3.61,1.66,3.61,0.55,0.0,7.0,0 days 00:23:58.000000002,0.0,0.72,3.58,0.72,3.58,0.0,0.0,,,,,,
Steven Stamkos,NSH,C,9,0 days 00:17:36,0.38,0.38,7.58,1.14,2.65,3.03,8.71,7.0,0 days 00:17:17.142857142,0.5,0.5,7.93,0.99,3.47,0.99,8.43,9.0,0 days 00:04:01.222222224,1.66,,,
Zach Bogosian,MIN,D,5,0 days 00:13:52.600000002,0.0,0.0,4.32,5.19,7.78,0.0,0.0,3.0,0 days 00:12:41.333333334,0.0,0.0,4.73,6.3,9.46,0.0,0.0,,,,,,
Luke Schenn,WPG,D,7,0 days 00:13:55.000000002,0.0,0.0,3.7,11.7,3.7,3.08,0.0,6.0,0 days 00:14:18.666666666,0.0,0.0,3.49,11.18,3.49,3.49,0.0,,,,,,
Tyler Myers,VAN,D,9,0 days 00:20:55.000000002,0.32,0.64,3.19,4.46,7.33,2.55,0.0,7.0,0 days 00:21:15.571428569,0.4,0.81,3.23,3.63,6.45,2.42,0.0,,,,,,
Erik Karlsson,PIT,D,9,0 days 00:21:19.666666668,0.0,1.88,3.75,0.0,2.5,1.25,0.0,7.0,0 days 00:21:32.857142856,0.0,2.39,3.18,0.0,2.39,0.8,0.0,,,,,,
Jordan Eberle,SEA,R,9,0 days 00:19:19.444444446,1.38,1.38,7.93,3.79,1.72,1.38,1.72,7.0,0 days 00:19:23.714285712,1.77,0.88,7.51,3.54,1.33,0.88,2.21,,,,,,
John Carlson,WSH,D,9,0 days 00:23:14.444444442,0.57,1.43,6.6,1.72,4.02,0.57,0.0,7.0,0 days 00:22:49.571428572,0.75,1.5,7.13,2.25,2.25,0.0,0.0,9.0,0 days 00:03:44.222222220,5.35,,,
Roman Josi,NSH,D,8,0 days 00:24:05.125000002,0.31,1.25,5.92,1.25,4.67,1.87,0.0,6.0,0 days 00:23:41.166666666,0.42,1.27,7.18,1.69,3.38,2.53,0.0,8.0,0 days 00:04:03.874999998,3.69,,,
Adam Henrique,EDM,C,9,0 days 00:12:59.222222220,1.03,0.51,7.7,3.08,6.16,1.03,27.21,7.0,0 days 00:12:54.428571426,1.33,0.66,8.63,1.33,5.31,1.33,24.57,,,,,,
Gustav Nyquist,WPG,R,8,0 days 00:13:35.374999998,0.0,1.66,4.42,2.21,2.21,0.0,2.76,7.0,0 days 00:13:31.142857139,0.0,1.9,3.8,1.9,2.54,0.0,2.54,,,,,,
Jared Spurgeon,MIN,D,9,0 days 00:20:16.333333331,0.33,0.0,3.29,6.25,6.25,0.0,0.0,7.0,0 days 00:20:30.571428570,0.42,0.0,3.34,6.69,6.27,0.0,0.0,,,,,,
Marcus Johansson,MIN,L,9,0 days 00:15:01.555555554,1.33,1.33,5.77,1.77,1.77,0.89,1.33,7.0,0 days 00:14:42,1.75,1.17,5.83,0.58,1.75,1.17,1.75,,,,,,
Kyle Palmieri,NYI,C,8,0 days 00:20:04.750000002,1.12,1.12,9.34,3.36,2.24,2.24,0.37,7.0,0 days 00:19:59.857142856,0.86,1.29,7.29,3.86,2.57,1.71,0.43,8.0,0 days 00:04:09.250000002,3.61,,,
Ryan O'Reilly,NSH,C,9,0 days 00:19:26.555555556,1.71,1.03,4.46,1.37,3.09,0.0,28.8,7.0,0 days 00:19:11.714285712,1.79,1.34,4.47,1.34,3.57,0.0,29.03,9.0,0 days 00:03:36.666666666,1.85,,,
John Tavares,TOR,C,9,0 days 00:17:40.222222224,1.89,2.64,8.3,3.02,0.75,0.0,31.31,7.0,0 days 00:17:21.571428570,2.47,2.47,9.38,3.46,0.99,0.0,32.59,,,,,,
Victor Hedman,T.B,D,8,0 days 00:24:40.000000002,0.0,2.13,3.95,1.52,5.47,0.0,0.0,7.0,0 days 00:24:47.285714286,0.0,1.73,4.15,1.38,5.19,0.0,0.0,8.0,0 days 00:03:53.625000,7.7,,,
Matt Duchene,DAL,C,4,0 days 00:14:26.749999998,1.04,1.04,3.12,2.08,4.15,0.0,12.46,3.0,0 days 00:14:07.333333332,1.42,0.0,4.25,2.83,5.66,0.0,8.5,,,,,,
Evander Kane,VAN,L,9,0 days 00:16:56.333333334,0.0,1.18,9.05,9.05,2.76,4.72,1.18,7.0,0 days 00:16:42.571428570,0.0,1.03,9.23,7.18,3.08,4.1,1.03,,,,,,
Brayden Schenn,STL,C,8,0 days 00:17:03.625000002,0.44,0.88,4.4,11.87,0.88,2.64,29.89,7.0,0 days 00:17:09.857142858,0.5,1.0,4.49,11.49,1.0,2.0,30.96,,,,,,
Oliver Ekman-Larsson,TOR,D,9,0 days 00:20:15.777777780,0.33,1.97,3.95,4.28,3.29,2.63,0.0,7.0,0 days 00:21:07.571428572,0.41,2.43,4.46,2.84,4.06,2.43,0.0,,,,,,
Nazem Kadri,CGY,C,9,0 days 00:20:33.777777780,0.32,1.3,7.46,1.62,0.97,2.59,18.48,7.0,0 days 00:20:25.142857140,0.42,1.26,8.4,0.84,0.42,3.36,21.41,9.0,0 days 00:04:54.888888888,5.43,7.0,0 days 00:04:44.571428574,7.23
Nick Leddy,S.J,D,7,0 days 00:17:11.857142856,0.0,1.0,0.5,1.0,4.98,1.99,0.0,6.0,0 days 00:16:33.666666666,0.0,1.21,0.6,1.21,4.83,2.42,0.0,,,,,,
Chris Kreider,ANA,L,5,0 days 00:17:26.599999998,2.75,0.69,9.63,3.44,0.69,0.0,0.0,4.0,0 days 00:17:36,3.41,0.85,11.08,2.56,0.85,0.0,0.0,,,,,,
Brayden McNabb,VGK,D,8,0 days 00:21:28.624999998,0.0,0.0,1.05,3.49,9.78,1.4,0.0,7.0,0 days 00:21:55.714285716,0.0,0.0,1.17,3.52,9.38,1.56,0.0,,,,,,
Reilly Smith,VGK,R,8,0 days 00:13:30.124999998,0.56,0.0,5.55,3.33,0.56,0.0,0.0,7.0,0 days 00:13:36,0.63,0.0,5.67,3.15,0.0,0.0,0.0,,,,,,
Dmitry Orlov,S.J,D,8,0 days 00:23:10.249999998,0.0,2.27,3.88,5.18,2.27,2.59,0.0,7.0,0 days 00:23:22.999999998,0.0,2.2,4.03,5.13,2.57,2.93,0.0,,,,,,
Brian Dumoulin,L.A,D,9,0 days 00:20:14.111111112,0.0,0.0,3.62,3.29,3.62,0.66,0.0,7.0,0 days 00:20:21,0.0,0.0,3.37,2.53,2.95,0.84,0.0,,,,,,
Mattias Ekholm,EDM,D,9,0 days 00:20:23.777777778,0.0,1.31,5.56,2.29,7.19,1.31,0.0,7.0,0 days 00:20:28.857142860,0.0,1.67,6.28,2.09,7.95,1.67,0.0,,,,,,
Marcus Foligno,MIN,L,9,0 days 00:13:18.444444444,0.0,0.0,3.51,14.53,4.51,5.51,0.0,7.0,0 days 00:13:18,0.0,0.0,3.22,17.4,2.58,7.09,0.0,,,,,,
Casey Cizikas,NYI,C,8,0 days 00:10:04.000000002,0.75,0.75,3.73,15.65,3.73,2.98,17.88,7.0,0 days 00:09:42.714285714,0.88,0.88,3.53,16.77,2.65,3.53,15.0,,,,,,
Ben Chiarot,DET,D,9,0 days 00:21:24,0.0,0.62,2.8,5.3,5.3,0.0,0.0,7.0,0 days 00:21:40.428571428,0.0,0.79,3.16,4.35,5.93,0.0,0.0,,,,,,
Erik Haula,NSH,L,9,0 days 00:15:40.333333332,0.85,0.85,3.4,6.81,1.28,5.1,27.22,7.0,0 days 00:15:59.857142856,0.54,0.54,2.68,5.89,1.07,5.36,24.11,,,,,,
Anders Lee,NYI,L,8,0 days 00:14:23.625000,1.04,3.13,11.98,5.21,3.65,2.08,3.13,7.0,0 days 00:14:03.142857144,1.22,3.66,11.59,4.27,3.66,2.44,3.66,,,,,,
Nick Jensen,OTT,D,9,0 days 00:18:38.444444442,0.0,0.72,2.5,3.58,3.93,1.43,0.0,7.0,0 days 00:18:26.428571430,0.0,0.93,2.32,1.86,4.65,1.86,0.0,,,,,,
Nic Dowd,WSH,C,9,0 days 00:15:02.444444442,0.44,0.89,3.99,7.09,1.77,1.77,25.71,7.0,0 days 00:15:31.142857139,0.55,1.1,2.76,6.08,1.66,2.21,23.2,,,,,,
Brenden Dillon,N.J,D,8,0 days 00:18:13.375000002,0.82,0.82,3.29,7.82,6.59,1.65,0.0,7.0,0 days 00:18:25.285714284,0.93,0.93,3.26,8.38,6.51,1.86,0.0,,,,,,
Radko Gudas,ANA,D,7,0 days 00:15:34.714285716,0.0,1.1,4.4,12.65,6.6,1.1,0.0,6.0,0 days 00:15:00.499999998,0.0,1.33,4.0,14.66,7.33,1.33,0.0,,,,,,
Chris Tanev,TOR,D,7,0 days 00:17:41.714285712,0.0,0.48,2.91,0.97,3.88,0.0,0.0,5.0,0 days 00:16:36.600000,0.0,0.0,3.61,0.72,2.89,0.0,0.0,,,,,,
Calle Jarnkrok,TOR,C,8,0 days 00:11:15.250000002,2.0,0.0,6.66,2.0,1.33,1.33,2.67,6.0,0 days 00:11:45.333333336,0.85,0.0,6.81,2.55,1.7,1.7,3.4,,,,,,
Jason Zucker,BUF,L,9,0 days 00:14:25.666666668,1.85,0.92,8.78,5.54,0.46,1.85,2.77,7.0,0 days 00:12:59.857142856,1.98,1.32,7.25,3.96,0.0,1.32,3.96,,,,,,
Tyler Toffoli,S.J,C,8,0 days 00:17:18.375000,0.87,0.43,6.93,3.47,1.73,0.0,0.43,7.0,0 days 00:17:40.285714284,0.97,0.49,6.79,3.4,1.94,0.0,0.49,,,,,,
Charlie Coyle,CBJ,C,8,0 days 00:17:03.250000002,0.44,1.32,5.28,6.16,1.76,0.0,26.83,7.0,0 days 00:17:04.714285716,0.5,1.51,5.52,5.02,2.01,0.0,25.09,,,,,,
Justin Faulk,STL,D,8,0 days 00:23:27.124999998,0.32,0.96,4.48,2.88,5.12,1.28,0.0,7.0,0 days 00:23:33.428571426,0.36,1.09,4.0,2.18,4.73,0.73,0.0,,,,,,
Brock Nelson,COL,C,9,0 days 00:19:31.888888889,0.34,0.34,4.78,3.07,3.07,2.05,25.6,7.0,0 days 00:19:05.857142856,0.45,0.0,4.94,3.59,3.14,2.69,28.28,9.0,0 days 00:04:39.555555558,1.43,,,
Alex Petrovic,DAL,D,6,0 days 00:13:54.166666668,0.0,0.0,4.32,6.47,5.75,12.23,0.0,6.0,0 days 00:13:54.166666668,0.0,0.0,4.32,6.47,5.75,12.23,0.0,,,,,,
Nick Bjugstad,STL,C,8,0 days 00:09:45.625000002,0.77,0.0,4.61,16.91,6.15,3.07,20.75,7.0,0 days 00:09:40.285714284,0.89,0.0,3.55,17.73,5.32,3.55,20.38,,,,,,
Cam Fowler,STL,D,8,0 days 00:23:02.250000,0.0,0.65,4.88,0.33,1.63,0.65,0.0,7.0,0 days 00:23:14.571428574,0.0,0.74,5.16,0.37,1.48,0.74,0.0,,,,,,
Vladimir Tarasenko,MIN,R,9,0 days 00:15:47.111111112,0.42,1.69,5.91,1.69,1.69,0.0,0.0,7.0,0 days 00:15:43.428571428,0.55,1.64,4.36,2.18,1.64,0.0,0.0,9.0,0 days 00:04:47.888888886,5.56,7.0,0 days 00:04:47.428571430,5.37
Jaden Schwartz,SEA,L,9,0 days 00:17:12.666666666,1.55,1.55,6.2,6.97,3.49,1.55,1.94,7.0,0 days 00:17:15.714285714,1.99,1.49,7.45,6.46,3.97,1.99,1.49,,,,,,
Jeff Skinner,S.J,L,8,0 days 00:13:52.750000002,1.62,0.54,10.81,2.16,0.54,1.08,0.54,7.0,0 days 00:14:20.285714286,1.2,0.6,10.16,1.2,0.6,1.2,0.6,,,,,,
Erik Gudbranson,CBJ,D,4,0 days 00:14:50.500000002,0.0,0.0,3.03,5.05,1.01,6.06,0.0,3.0,0 days 00:14:23.666666664,0.0,0.0,1.39,2.78,1.39,8.34,0.0,,,,,,
Taylor Hall,CAR,L,8,0 days 00:13:54,1.08,1.62,6.47,3.78,1.62,4.32,0.54,7.0,0 days 00:14:07.999999998,0.61,1.21,6.06,4.25,1.21,4.85,0.61,,,,,,
Tyler Seguin,DAL,C,8,0 days 00:16:11.875000002,0.93,0.93,5.56,2.78,1.85,0.93,17.59,7.0,0 days 00:16:18.285714288,0.53,1.05,3.68,2.63,2.1,1.05,18.4,,,,,,
Mikael Granlund,ANA,C,8,0 days 00:17:17.625000,0.87,2.6,8.24,1.3,1.3,1.73,29.06,7.0,0 days 00:17:14.142857142,0.99,2.98,9.45,1.49,1.49,1.99,30.34,8.0,0 days 00:03:53.125000002,3.86,,,
Nino Niederreiter,WPG,R,8,0 days 00:14:27.625000002,1.04,2.07,7.78,9.34,1.56,3.11,0.52,7.0,0 days 00:14:22.000000002,1.19,2.39,6.56,8.35,1.79,3.58,0.6,,,,,,
Bryan Rust,PIT,R,7,0 days 00:20:30.714285714,0.42,1.25,6.69,0.42,5.01,1.67,0.0,7.0,0 days 00:20:30.714285714,0.42,1.25,6.69,0.42,5.01,1.67,0.0,,,,,,
Sam Carrick,NYR,C,9,0 days 00:13:07.333333332,0.0,2.03,9.14,6.1,4.06,2.54,18.29,7.0,0 days 00:13:38.428571430,0.0,1.89,10.68,5.66,3.77,3.14,19.48,,,,,,
Brendan Gallagher,MTL,R,10,0 days 00:13:48.100000002,0.0,2.61,6.96,3.48,0.43,2.61,0.87,7.0,0 days 00:13:47.714285712,0.0,1.86,9.32,3.73,0.0,1.24,0.62,,,,,,
John Klingberg,S.J,D,3,0 days 00:19:33.666666666,1.02,1.02,4.09,3.07,4.09,2.04,0.0,2.0,0 days 00:18:08.500000002,1.65,0.0,1.65,4.96,6.61,3.31,0.0,,,,,,
Mark Stone,VGK,R,6,0 days 00:18:24.499999998,1.09,5.98,10.32,1.63,2.72,0.0,0.0,5.0,0 days 00:18:30.600000,1.3,5.83,10.37,1.94,2.59,0.0,0.0,,,,,,
Colin Blackwell,DAL,C,8,0 days 00:11:47.125000002,0.0,0.64,3.18,8.91,2.55,3.82,6.36,7.0,0 days 00:11:46.285714284,0.0,0.73,3.64,8.01,2.18,4.37,6.55,,,,,,
Ondrej Palat,N.J,L,8,0 days 00:12:38.374999998,0.0,0.59,3.56,8.9,5.34,0.0,0.0,7.0,0 days 00:12:41.571428574,0.0,0.68,4.05,9.45,5.4,0.0,0.0,,,,,,
Josh Manson,COL,D,9,0 days 00:17:51.444444444,0.37,0.37,5.23,5.97,5.97,4.85,0.0,7.0,0 days 00:18:31.142857139,0.46,0.46,6.48,4.17,6.48,1.85,0.0,,,,,,
Dylan DeMelo,WPG,D,8,0 days 00:21:32.125000002,0.0,1.39,2.09,2.09,5.57,2.79,0.0,7.0,0 days 00:21:36.285714288,0.0,0.79,2.38,1.98,5.95,2.38,0.0,,,,,,
Nick Seeler,PHI,D,8,0 days 00:20:13.249999998,0.0,0.74,2.23,6.68,4.82,1.48,0.0,7.0,0 days 00:20:03.571428570,0.0,0.85,1.71,7.26,5.13,1.71,0.0,,,,,,
Sean Kuraly,BOS,C,10,0 days 00:13:51.799999998,0.43,0.87,6.49,4.33,3.03,2.6,21.64,7.0,0 days 00:14:01.999999997,0.0,1.22,5.5,3.05,4.28,1.22,16.49,,,,,,
Nick Cousins,OTT,C,9,0 days 00:11:22.444444446,0.59,0.59,4.1,10.55,2.93,3.52,1.17,7.0,0 days 00:11:30.285714288,0.75,0.75,4.47,9.69,2.98,4.47,1.49,,,,,,
Blake Coleman,CGY,L,9,0 days 00:17:31.666666668,1.14,0.38,7.99,7.99,2.66,1.52,1.9,7.0,0 days 00:17:36.142857144,0.97,0.49,7.79,5.36,1.95,1.95,2.43,,,,,,
Jean-Gabriel Pageau,NYI,C,8,0 days 00:14:36.625000002,1.03,1.54,4.11,8.73,2.57,0.0,34.91,7.0,0 days 00:14:47.428571430,1.16,1.74,4.06,8.11,2.32,0.0,35.93,,,,,,
Mike Reilly,CAR,D,6,0 days 00:18:07.000000002,0.0,1.66,7.18,1.1,4.97,0.0,0.0,6.0,0 days 00:18:07.000000002,0.0,1.66,7.18,1.1,4.97,0.0,0.0,,,,,,
Scott Mayfield,NYI,D,8,0 days 00:18:28.249999998,0.0,1.22,3.65,1.22,5.68,11.78,0.0,7.0,0 days 00:18:53.714285712,0.0,0.91,3.63,0.91,6.35,13.16,0.0,,,,,,
Boone Jenner,CBJ,C,8,0 days 00:16:49.375000002,0.89,1.78,6.24,9.36,4.01,5.8,13.37,7.0,0 days 00:16:47.428571430,1.02,2.04,6.64,9.19,4.08,5.62,15.31,,,,,,
Brandon Saad,VGK,L,8,0 days 00:13:44.500000002,0.0,0.55,4.91,1.09,2.73,0.0,0.0,7.0,0 days 00:14:02.285714286,0.0,0.61,5.5,1.22,2.44,0.0,0.0,,,,,,
Joel Edmundson,L.A,D,9,0 days 00:16:51.222222222,0.0,0.79,3.16,4.35,3.16,2.37,0.0,7.0,0 days 00:16:48,0.0,1.02,3.57,2.55,3.57,0.0,0.0,,,,,,
William Karlsson,VGK,C,8,0 days 00:15:46.125000,1.43,0.48,8.56,0.48,3.8,1.9,24.26,7.0,0 days 00:15:38.571428574,1.64,0.55,7.12,0.0,4.38,1.1,24.11,,,,,,
Nikita Kucherov,T.B,R,6,0 days 00:20:55.666666668,0.96,2.39,8.12,0.96,0.48,0.96,0.0,5.0,0 days 00:20:55.800000,0.0,2.87,7.45,1.15,0.57,1.15,0.0,,,,,,
Ryan Nugent-Hopkins,EDM,C,9,0 days 00:18:21.111111114,1.82,1.82,6.18,1.45,0.36,1.45,10.17,7.0,0 days 00:18:01.714285716,1.9,1.43,5.71,1.43,0.48,0.95,9.51,9.0,0 days 00:03:38.777777778,10.97,,,
Gabriel Landeskog,COL,L,9,0 days 00:14:22.222222224,0.0,0.93,5.1,6.49,0.93,1.86,5.1,7.0,0 days 00:14:49.285714284,0.0,1.16,5.78,5.78,0.58,1.16,3.47,,,,,,
Jonathan Huberdeau,CGY,L,4,0 days 00:19:53.250000,0.75,0.0,5.28,2.26,1.51,1.51,0.75,4.0,0 days 00:19:53.250000,0.75,0.0,5.28,2.26,1.51,1.51,0.75,,,,,,
Adam Larsson,SEA,D,9,0 days 00:22:37.333333332,0.0,0.59,2.95,3.83,6.48,1.77,0.0,7.0,0 days 00:22:35.571428574,0.0,0.38,3.04,2.66,6.07,2.28,0.0,,,,,,
Mika Zibanejad,NYR,C,9,0 days 00:20:59.333333334,0.95,0.64,10.48,3.49,1.91,0.0,21.28,7.0,0 days 00:21:24.714285714,1.2,0.8,10.01,3.2,2.0,0.0,21.62,9.0,0 days 00:03:47.222222220,3.52,,,
Mark Scheifele,WPG,C,8,0 days 00:20:21.250000002,2.58,1.84,8.47,1.11,0.37,1.47,26.16,7.0,0 days 00:20:13.428571428,2.97,0.85,9.32,1.27,0.42,0.85,25.85,8.0,0 days 00:04:18.375000,6.97,7.0,0 days 00:04:18.142857144,7.97
Sean Couturier,PHI,C,8,0 days 00:19:39.375000,0.76,2.29,5.34,3.43,2.29,2.29,32.43,7.0,0 days 00:19:31.571428572,0.88,2.63,5.71,3.51,2.19,2.63,28.97,,,,,,
Dougie Hamilton,N.J,D,8,0 days 00:21:52.624999998,1.03,0.34,7.88,3.77,4.46,1.37,0.0,7.0,0 days 00:22:02.428571430,0.78,0.39,8.17,3.11,5.06,1.56,0.0,,,,,,
Jonas Brodin,MIN,D,8,0 days 00:21:16.125000,0.35,0.35,1.76,0.35,5.29,0.71,0.0,7.0,0 days 00:21:53.142857142,0.39,0.39,1.57,0.0,5.09,0.78,0.0,,,,,,
Jamie Oleksiak,SEA,D,9,0 days 00:17:44.888888886,0.38,0.0,4.51,4.51,6.76,1.5,0.0,7.0,0 days 00:18:23.571428574,0.47,0.0,4.19,4.19,6.52,0.0,0.0,,,,,,
J.T. Miller,NYR,C,9,0 days 00:21:02.111111112,0.63,1.27,6.66,6.66,0.95,0.63,30.11,7.0,0 days 00:21:35.571428574,0.4,1.19,7.94,6.35,0.79,0.79,32.15,9.0,0 days 00:03:39.222222222,3.65,,,
Joel Armia,L.A,R,9,0 days 00:14:06.444444444,0.47,1.89,7.09,4.25,1.42,3.78,1.42,7.0,0 days 00:14:48.285714288,0.58,1.74,6.37,4.05,1.16,4.63,1.74,,,,,,
Connor Murphy,CHI,D,8,0 days 00:16:37.375000002,0.0,0.0,4.96,1.8,5.87,1.8,0.0,7.0,0 days 00:16:20.857142856,0.0,0.0,4.72,2.1,5.24,2.1,0.0,,,,,,
Phillip Danault,L.A,C,9,0 days 00:17:45.444444444,0.0,0.75,4.51,3.75,0.75,0.0,27.78,7.0,0 days 00:17:23.285714286,0.0,0.49,3.94,3.94,0.99,0.0,28.59,,,,,,
Vladislav Namestnikov,WPG,C,8,0 days 00:14:44.500000002,1.53,0.51,4.58,4.58,2.54,0.0,12.21,7.0,0 days 00:14:39.285714288,1.75,0.58,5.26,4.09,2.92,0.0,12.28,,,,,,
Rickard Rakell,PIT,R,9,0 days 00:17:44.444444442,1.13,1.88,6.39,3.38,3.76,0.75,0.38,7.0,0 days 00:17:40.285714284,0.97,1.94,5.34,3.4,2.91,0.97,0.49,,,,,,
Jonathan Marchessault,NSH,R,6,0 days 00:18:08.333333334,1.1,1.1,9.37,6.62,0.55,2.21,1.65,4.0,0 days 00:18:16.750000002,1.64,0.82,9.03,4.1,0.82,1.64,1.64,,,,,,
Barclay Goodrow,S.J,C,8,0 days 00:11:45.250000002,0.0,0.0,4.47,8.29,5.74,0.0,1.28,7.0,0 days 00:11:56.428571430,0.0,0.0,5.02,7.9,5.02,0.0,1.44,,,,,,
Luke Glendening,N.J,C,8,0 days 00:10:49.624999998,0.0,1.39,2.77,9.01,5.54,0.0,38.1,7.0,0 days 00:10:53.571428574,0.0,1.57,3.15,10.23,4.72,0.0,36.98,,,,,,
Yanni Gourde,T.B,C,8,0 days 00:16:00.874999998,0.94,0.0,5.62,6.56,0.47,2.81,14.99,7.0,0 days 00:15:51.285714288,1.08,0.0,5.41,7.03,0.54,3.24,14.06,,,,,,
Morgan Rielly,TOR,D,8,0 days 00:21:50.749999998,0.69,1.37,7.21,2.06,1.72,0.69,0.0,6.0,0 days 00:21:57.333333336,0.46,0.46,6.38,1.82,0.91,0.91,0.0,,,,,,
Hampus Lindholm,BOS,D,3,0 days 00:15:03.666666666,0.0,0.0,2.66,0.0,7.97,2.66,0.0,,,,,,,,,,,,,,,
Brady Skjei,NSH,D,9,0 days 00:22:39.333333336,0.0,0.59,3.24,2.06,2.35,1.18,0.0,7.0,0 days 00:22:33.571428570,0.0,0.76,2.66,1.52,1.9,1.52,0.0,,,,,,
Tanner Pearson,WPG,L,8,0 days 00:11:03.499999998,1.36,0.68,4.75,4.75,4.75,5.43,0.68,7.0,0 days 00:11:33.571428570,1.48,0.74,3.71,4.45,5.19,5.93,0.74,,,,,,
Mark Jankowski,CAR,L,3,0 days 00:10:07.333333332,0.0,0.0,5.93,1.98,3.95,3.95,23.71,3.0,0 days 00:10:07.333333332,0.0,0.0,5.93,1.98,3.95,3.95,23.71,,,,,,
Olli Määttä,UTA,D,9,0 days 00:11:09.888888888,0.0,0.6,1.19,0.0,4.78,0.0,0.0,7.0,0 days 00:12:53.571428574,0.0,0.66,1.33,0.0,5.32,0.0,0.0,,,,,,
Mike Matheson,MTL,D,10,0 days 00:24:39.300000,0.73,0.73,3.65,2.92,5.11,1.95,0.0,7.0,0 days 00:25:47.285714286,0.66,0.66,3.66,2.99,5.65,2.66,0.0,,,,,,
Cody Ceci,L.A,D,9,0 days 00:17:42.444444444,0.38,0.38,4.52,1.88,4.52,0.0,0.0,7.0,0 days 00:17:35.714285712,0.49,0.49,3.41,1.46,3.41,0.0,0.0,,,,,,
Tom Wilson,WSH,R,9,0 days 00:19:46.888888890,1.69,2.02,7.08,9.1,1.01,1.35,0.34,7.0,0 days 00:19:29.857142856,1.76,2.2,7.47,8.79,0.88,1.76,0.44,9.0,0 days 00:03:37.000000002,7.37,,,
Tomas Hertl,VGK,C,8,0 days 00:17:33.499999998,1.28,1.71,7.26,5.55,0.85,3.42,35.03,7.0,0 days 00:17:16.857142859,1.49,1.98,7.44,3.97,0.99,3.97,34.22,8.0,0 days 00:04:02.125000002,5.58,,,
Teuvo Teravainen,CHI,C,8,0 days 00:18:12.750000,0.41,2.88,2.47,1.24,1.65,0.0,0.41,7.0,0 days 00:18:13.857142860,0.0,2.82,2.35,1.41,0.94,0.0,0.47,,,,,,
Jacob Trouba,ANA,D,8,0 days 00:20:45.375000,0.72,1.08,3.97,8.67,6.87,0.0,0.0,7.0,0 days 00:21:05.714285712,0.81,1.22,4.06,8.53,7.31,0.0,0.0,,,,,,
Filip Forsberg,NSH,L,9,0 days 00:19:03.111111114,1.05,1.05,9.8,8.05,1.4,0.0,0.0,7.0,0 days 00:18:44.285714286,0.91,0.91,9.15,8.23,0.46,0.0,0.0,9.0,0 days 00:03:55.111111110,1.7,,,
Radek Faksa,DAL,C,8,0 days 00:12:20.125000002,0.61,0.61,3.04,7.3,4.26,1.22,23.71,7.0,0 days 00:12:11.428571430,0.7,0.7,3.52,6.33,4.92,1.41,23.2,,,,,,
Matt Grzelcyk,CHI,D,8,0 days 00:14:36.625000002,0.0,0.51,4.11,1.03,4.11,1.03,0.0,7.0,0 days 00:14:03.714285714,0.0,0.61,3.66,1.22,3.66,1.22,0.0,,,,,,
Colton Parayko,STL,D,8,0 days 00:23:19.500000,0.0,1.29,4.82,3.54,5.47,0.64,0.0,7.0,0 days 00:23:39.571428570,0.0,1.45,5.43,3.26,5.8,0.72,0.0,,,,,,
Esa Lindell,DAL,D,8,0 days 00:22:34.624999998,0.33,1.0,2.99,2.33,5.65,0.66,0.0,7.0,0 days 00:22:40.285714284,0.38,1.13,3.02,2.27,6.05,0.76,0.0,,,,,,
Chandler Stephenson,SEA,C,9,0 days 00:20:34.777777776,0.65,0.97,4.86,0.32,3.24,0.0,29.8,7.0,0 days 00:20:39.142857144,0.83,1.25,5.4,0.42,2.49,0.0,29.47,,,,,,
Shayne Gostisbehere,CAR,D,5,0 days 00:16:01.399999998,0.75,4.49,4.49,1.5,5.99,1.5,0.0,4.0,0 days 00:14:59.749999998,1.0,4.0,5.0,1.0,7.0,2.0,0.0,,,,,,
Adam Pelech,NYI,D,8,0 days 00:19:16.000000002,0.0,0.39,3.89,1.56,4.67,0.78,0.0,7.0,0 days 00:19:26.142857142,0.0,0.44,3.09,1.32,5.29,0.88,0.0,,,,,,
Jordan Martinook,CAR,L,8,0 days 00:14:28.624999998,0.0,2.07,6.22,8.29,2.59,0.0,1.04,7.0,0 days 00:14:39.571428570,0.0,1.75,5.26,8.77,2.92,0.0,1.17,,,,,,
Damon Severson,CBJ,D,8,0 days 00:19:51.375000,0.38,0.76,3.4,3.02,3.02,0.0,0.0,7.0,0 days 00:19:50.571428574,0.43,0.43,3.02,3.46,2.59,0.0,0.0,,,,,,
Colton Sissons,VGK,C,8,0 days 00:11:34.624999998,0.0,0.65,1.94,5.18,3.24,8.42,34.98,7.0,0 days 00:11:36.285714288,0.0,0.74,1.48,4.43,2.22,8.12,36.19,,,,,,
Teddy Blueger,VAN,C,2,0 days 00:15:49.500000,1.9,0.0,3.79,5.69,5.69,0.0,17.06,2.0,0 days 00:15:49.500000,1.9,0.0,3.79,5.69,5.69,0.0,17.06,,,,,,
Jake McCabe,TOR,D,9,0 days 00:20:51.777777780,0.32,0.64,1.92,4.79,7.99,2.24,0.0,7.0,0 days 00:20:34.714285716,0.42,0.83,2.08,5.0,8.33,2.92,0.0,,,,,,
Jaccob Slavin,CAR,D,2,0 days 00:18:31.999999998,0.0,0.0,3.24,0.0,4.86,0.0,0.0,,,,,,,,,,,,,,,
Brett Kulak,EDM,D,9,0 days 00:18:59.333333334,0.0,0.7,1.76,0.7,3.51,0.7,0.0,7.0,0 days 00:18:47.857142856,0.0,0.91,2.28,0.91,3.65,0.91,0.0,,,,,,
Josh Anderson,MTL,R,10,0 days 00:15:07.099999998,0.4,0.4,4.76,4.76,2.38,1.59,1.98,7.0,0 days 00:15:19.999999998,0.56,0.56,5.03,2.8,1.68,2.24,2.8,,,,,,
Vinnie Hinostroza,MIN,C,9,0 days 00:11:00.777777780,0.0,0.61,4.24,7.87,1.21,1.21,0.61,7.0,0 days 00:11:18.857142858,0.0,0.76,3.03,8.33,1.52,0.0,0.0,,,,,,
Connor Brown,N.J,R,8,0 days 00:15:25.875000,1.94,0.49,5.35,1.94,4.37,0.97,0.97,7.0,0 days 00:15:36.714285714,2.2,0.55,5.49,1.1,4.94,1.1,1.1,,,,,,
Ben Hutton,VGK,D,7,0 days 00:16:04.714285716,0.0,1.07,6.4,1.07,3.73,2.67,0.0,7.0,0 days 00:16:04.714285716,0.0,1.07,6.4,1.07,3.73,2.67,0.0,,,,,,
Liam O'Brien,UTA,C,5,0 days 00:09:42.199999998,1.24,0.0,12.37,9.89,4.95,6.18,0.0,5.0,0 days 00:09:42.199999998,1.24,0.0,12.37,9.89,4.95,6.18,0.0,,,,,,
Nate Schmidt,UTA,D,9,0 days 00:20:43.666666668,0.0,0.32,3.86,3.86,2.57,0.64,0.0,7.0,0 days 00:21:14.285714286,0.0,0.4,4.04,4.44,1.61,0.0,0.0,,,,,,
MacKenzie Weegar,CGY,D,9,0 days 00:24:54.444444444,0.0,0.54,3.48,6.69,3.75,5.35,0.0,7.0,0 days 00:25:03.857142858,0.0,0.68,3.76,5.81,4.1,1.37,0.0,9.0,0 days 00:04:16.999999998,1.56,,,
Connor Clifton,PIT,D,3,0 days 00:17:33.666666666,0.0,0.0,2.28,18.22,10.25,2.28,0.0,3.0,0 days 00:17:33.666666666,0.0,0.0,2.28,18.22,10.25,2.28,0.0,,,,,,
Carson Soucy,NYR,D,5,0 days 00:13:23.800000002,0.9,0.9,4.48,5.37,3.58,0.0,0.0,,,,,,,,,,,,,,,
John Hayden,SEA,C,3,0 days 00:10:04.666666668,0.0,0.0,3.97,13.89,3.97,3.97,11.91,3.0,0 days 00:10:04.666666668,0.0,0.0,3.97,13.89,3.97,3.97,11.91,,,,,,
Pavel Buchnevich,STL,L,8,0 days 00:17:57.124999998,0.84,1.67,5.85,2.09,0.84,1.67,0.84,7.0,0 days 00:18:12.571428570,0.94,1.88,5.18,0.94,0.94,1.88,0.94,,,,,,
Jake Guentzel,T.B,C,8,0 days 00:21:49.375000002,1.37,1.72,9.97,0.34,1.72,1.37,3.44,7.0,0 days 00:21:43.285714284,1.58,1.18,10.65,0.39,1.18,1.58,3.95,8.0,0 days 00:04:11.125000002,3.58,,,
Anthony Duclair,NYI,L,8,0 days 00:15:38.500000002,0.96,0.48,6.23,0.0,2.88,0.0,0.0,7.0,0 days 00:16:15.571428569,1.05,0.53,6.33,0.0,2.11,0.0,0.0,,,,,,
Carter Verhaeghe,FLA,C,10,0 days 00:17:46.900000002,0.67,0.67,9.45,2.02,1.01,0.0,1.69,7.0,0 days 00:18:18.428571426,0.47,0.47,8.9,2.81,1.4,0.0,1.87,,,,,,
Oliver Bjorkstrand,T.B,R,8,0 days 00:14:13.999999998,0.53,1.05,4.22,2.63,1.58,0.0,1.58,7.0,0 days 00:14:10.428571428,0.0,1.21,3.63,1.81,1.21,0.0,1.81,,,,,,
Andrew Copp,DET,C,9,0 days 00:14:58.222222224,0.45,1.34,5.34,3.12,3.56,0.89,14.25,7.0,0 days 00:14:50.428571430,0.0,1.73,5.2,2.89,3.47,1.16,13.28,,,,,,
Andre Burakovsky,CHI,L,7,0 days 00:16:37.999999998,1.03,1.03,4.64,2.58,0.52,2.06,0.0,6.0,0 days 00:16:47.666666664,1.19,1.19,5.36,2.38,0.6,2.38,0.0,,,,,,
Michael McCarron,NSH,C,9,0 days 00:14:37.444444446,0.46,0.91,5.01,11.4,3.65,7.29,25.98,7.0,0 days 00:14:52.285714284,0.58,1.15,4.61,12.1,4.03,8.07,25.94,,,,,,
Shea Theodore,VGK,D,8,0 days 00:23:33.250000002,0.0,0.64,5.73,0.0,5.73,0.64,0.0,7.0,0 days 00:23:26.142857142,0.0,0.73,5.49,0.0,6.22,0.73,0.0,,,,,,
Jason Dickinson,CHI,C,5,0 days 00:14:53.400000,0.81,0.81,5.64,3.22,2.42,1.61,40.3,4.0,0 days 00:15:03.250000002,1.0,1.0,5.98,3.99,2.99,1.99,38.86,,,,,,
Ryan Hartman,MIN,R,9,0 days 00:16:19.111111110,0.82,0.41,12.26,3.27,4.09,1.63,25.33,7.0,0 days 00:16:08.285714285,0.0,0.53,10.09,3.72,3.72,2.12,23.9,,,,,,
Adam Erne,DAL,L,5,0 days 00:10:08.400000,0.0,1.18,2.37,27.22,3.55,0.0,2.37,5.0,0 days 00:10:08.400000,0.0,1.18,2.37,27.22,3.55,0.0,2.37,,,,,,
J.T. Compher,DET,L,9,0 days 00:16:46.000000002,0.8,1.19,3.18,1.19,2.78,0.8,19.88,7.0,0 days 00:17:03.142857144,1.01,1.51,3.02,0.5,1.51,1.01,22.12,,,,,,
Artturi Lehkonen,COL,L,9,0 days 00:20:00.333333336,1.33,2.0,8.0,2.0,2.33,0.0,0.0,7.0,0 days 00:19:23.428571430,1.33,2.21,8.4,2.21,2.21,0.0,0.0,9.0,0 days 00:03:45.222222222,0.0,,,
William Carrier,CAR,L,7,0 days 00:10:19.428571428,0.83,1.66,4.98,11.62,0.83,1.66,0.0,6.0,0 days 00:10:11.500000002,0.98,0.98,5.89,11.77,0.98,1.96,0.0,,,,,,
Tyler Bertuzzi,CHI,L,8,0 days 00:16:55.125000,0.89,1.77,7.54,4.43,0.0,0.89,6.21,7.0,0 days 00:16:35.857142856,1.03,1.03,8.26,4.13,0.0,1.03,6.71,,,,,,
Brett Pesce,N.J,D,8,0 days 00:21:20.875000002,0.0,1.05,2.81,1.41,8.08,0.7,0.0,7.0,0 days 00:21:17.857142856,0.0,0.8,3.22,1.61,8.05,0.8,0.0,,,,,,
Nathan MacKinnon,COL,C,9,0 days 00:22:02.888888886,1.81,2.12,12.09,2.72,1.51,2.42,30.84,7.0,0 days 00:22:20.428571430,1.92,1.92,13.04,2.69,1.53,2.3,28.01,9.0,0 days 00:05:46.777777776,2.31,7.0,0 days 00:05:27.714285714,1.57
Jonathan Drouin,NYI,L,7,0 days 00:18:07.714285716,0.47,1.89,3.78,0.95,1.42,8.04,1.42,6.0,0 days 00:17:51.166666668,0.0,2.24,3.92,1.12,1.68,1.12,1.68,7.0,0 days 00:04:20.571428574,0.0,,,
Seth Jones,FLA,D,10,0 days 00:23:10.399999998,0.0,1.29,3.62,3.88,2.07,1.04,0.0,7.0,0 days 00:23:45.857142858,0.0,1.08,3.25,4.69,2.16,0.72,0.0,10.0,0 days 00:04:15.400000002,4.23,7.0,0 days 00:04:24.857142858,3.88
Elias Lindholm,BOS,C,10,0 days 00:18:26.599999998,0.98,1.3,6.51,4.88,4.23,2.6,35.46,7.0,0 days 00:18:42.285714288,0.46,0.92,4.58,3.21,4.58,3.67,33.45,10.0,0 days 00:03:43.300000002,8.06,,,
Sean Monahan,CBJ,C,8,0 days 00:19:19.125000,0.0,1.16,8.54,2.33,0.39,0.78,34.55,7.0,0 days 00:19:39.285714288,0.0,1.31,8.72,2.18,0.44,0.0,34.45,,,,,,
Darnell Nurse,EDM,D,9,0 days 00:20:48.444444444,0.32,1.28,6.41,5.45,9.29,1.92,0.0,7.0,0 days 00:21:12.285714288,0.4,1.21,5.66,4.04,9.3,1.62,0.0,,,,,,
Bo Horvat,NYI,C,8,0 days 00:21:13.750000002,1.77,1.41,9.89,2.12,1.06,0.71,31.8,7.0,0 days 00:21:13.428571428,2.02,1.62,8.48,1.62,1.21,0.0,29.08,8.0,0 days 00:04:15.625000002,7.04,,,
Valeri Nichushkin,COL,R,9,0 days 00:17:48.666666666,1.5,0.75,10.48,3.74,1.12,0.75,0.0,7.0,0 days 00:18:40.428571428,1.84,0.92,10.56,4.13,0.92,0.92,0.0,,,,,,
Max Domi,TOR,C,9,0 days 00:13:10.888888890,0.51,0.0,9.61,1.01,3.03,3.03,19.22,7.0,0 days 00:12:58.999999998,0.0,0.0,7.92,1.32,3.3,2.64,15.84,,,,,,
Josh Morrissey,WPG,D,8,0 days 00:25:01.375000002,0.0,1.5,3.9,1.8,5.1,1.8,0.0,7.0,0 days 00:24:43.857142860,0.0,1.73,4.51,2.08,5.55,1.39,0.0,8.0,0 days 00:04:06.874999998,1.82,,,
Alexander Wennberg,S.J,C,8,0 days 00:19:31.375000002,0.38,0.77,3.07,1.15,2.69,0.0,21.9,7.0,0 days 00:19:44.714285712,0.0,0.87,2.6,1.3,2.17,0.0,22.14,,,,,,
Ryan Pulock,NYI,D,8,0 days 00:19:39.625000002,0.0,1.53,3.43,3.05,6.1,0.0,0.0,7.0,0 days 00:19:53.285714286,0.0,1.72,3.88,3.45,6.46,0.0,0.0,,,,,,
Nikita Zadorov,BOS,D,10,0 days 00:21:23.200000002,0.28,0.56,2.24,12.06,5.61,2.81,0.0,7.0,0 days 00:20:44.285714286,0.41,0.41,2.48,11.16,5.37,3.31,0.0,,,,,,
Anthony Mantha,PIT,R,9,0 days 00:14:44.111111112,1.81,1.81,8.6,2.26,2.26,0.0,0.45,7.0,0 days 00:14:46.571428572,2.32,1.16,8.7,0.0,2.32,0.0,0.58,,,,,,
Ross Johnston,ANA,L,7,0 days 00:08:28.571428572,1.01,3.03,2.02,17.19,1.01,24.27,1.01,6.0,0 days 00:08:28.666666668,1.18,3.54,1.18,18.87,1.18,28.31,1.18,,,,,,
Nathan Walker,STL,L,8,0 days 00:12:54.750000,0.58,1.16,6.39,16.84,2.32,1.16,4.07,7.0,0 days 00:12:49.142857140,0.67,1.34,6.69,14.71,2.67,1.34,4.01,,,,,,
Joel Hanley,CGY,D,9,0 days 00:15:46.000000002,0.0,0.0,2.54,2.96,7.19,0.85,0.0,7.0,0 days 00:14:59.714285712,0.0,0.0,2.86,1.71,8.57,1.14,0.0,,,,,,
Conor Sheary,NYR,L,9,0 days 00:16:21.333333336,0.0,1.22,4.48,1.22,2.45,0.82,0.82,7.0,0 days 00:17:01.285714284,0.0,1.51,4.53,1.01,1.51,1.01,1.01,,,,,,
Trevor van Riemsdyk,WSH,D,7,0 days 00:14:42.571428570,0.58,0.0,2.91,0.58,2.91,2.33,0.0,5.0,0 days 00:15:04.800000,0.8,0.0,3.18,0.8,3.98,1.59,0.0,,,,,,
Garnet Hathaway,PHI,R,8,0 days 00:09:28.750000002,0.0,0.0,2.37,23.74,5.54,8.7,1.58,7.0,0 days 00:09:26.142857142,0.0,0.0,1.82,23.62,6.36,9.99,1.82,,,,,,
Frederic Gaudreau,SEA,C,4,0 days 00:12:52.000000002,0.0,1.17,3.5,2.33,5.83,0.0,20.98,,,,,,,,,,,,,,,
Aaron Ekblad,FLA,D,10,0 days 00:23:46.600000002,0.25,0.5,4.04,2.78,4.04,1.51,0.0,7.0,0 days 00:23:49.999999998,0.0,0.36,3.24,2.52,5.03,2.16,0.0,10.0,0 days 00:03:28.600000002,1.73,,,
Sam Reinhart,FLA,C,10,0 days 00:21:08.400000,1.14,0.28,7.38,3.69,1.99,0.57,5.11,7.0,0 days 00:21:41.428571430,1.19,0.4,6.72,3.56,1.98,0.79,4.74,10.0,0 days 00:04:31.399999998,2.65,7.0,0 days 00:04:37.999999998,3.7
Leon Draisaitl,EDM,C,9,0 days 00:22:46.222222224,1.46,1.17,7.32,1.17,0.29,0.59,22.25,7.0,0 days 00:22:17.857142856,1.15,1.15,6.53,0.77,0.38,0.77,26.91,9.0,0 days 00:04:01.999999997,8.26,,,
Sam Bennett,FLA,C,10,0 days 00:17:34.099999998,0.34,0.34,7.17,7.51,1.37,2.73,23.57,7.0,0 days 00:17:10.428571428,0.5,0.5,6.49,8.98,2.0,2.99,23.46,10.0,0 days 00:03:36.199999998,1.67,,,
Haydn Fleury,WPG,D,7,0 days 00:16:01.714285716,0.0,0.0,3.21,6.95,5.35,1.07,0.0,6.0,0 days 00:15:25.666666668,0.0,0.0,2.59,5.83,5.19,1.3,0.0,,,,,,
William Nylander,TOR,R,8,0 days 00:19:29.500000002,1.15,4.23,5.39,0.77,1.15,0.77,3.08,6.0,0 days 00:19:20.500000002,1.03,4.14,6.72,1.03,1.55,0.0,3.1,,,,,,
Nikolaj Ehlers,CAR,L,8,0 days 00:17:42.750000,0.0,1.27,9.32,1.69,1.27,1.69,1.69,7.0,0 days 00:17:26.714285712,0.0,1.47,9.83,0.98,1.47,1.97,1.97,8.0,0 days 00:04:00.625000002,0.0,,,
Kevin Fiala,L.A,L,9,0 days 00:18:03.444444444,1.48,1.11,10.34,2.58,0.74,1.48,0.0,7.0,0 days 00:18:01.428571428,1.43,0.95,11.41,1.9,0.95,0.95,0.0,,,,,,
Dylan Larkin,DET,C,9,0 days 00:20:17.888888886,1.97,2.3,8.87,1.64,0.99,2.63,29.89,7.0,0 days 00:20:20.714285712,2.11,2.53,7.58,1.26,0.84,3.37,29.91,9.0,0 days 00:03:52.333333332,6.89,,,
Sonny Milano,WSH,L,4,0 days 00:11:07.500000,0.0,0.0,9.44,2.7,0.0,0.0,1.35,4.0,0 days 00:11:07.500000,0.0,0.0,9.44,2.7,0.0,0.0,1.35,,,,,,
Travis Sanheim,PHI,D,8,0 days 00:26:27.874999998,0.28,0.85,2.83,2.27,5.38,1.13,0.0,7.0,0 days 00:26:21.142857144,0.33,0.98,2.93,2.6,5.53,1.3,0.0,,,,,,
Alex Tuch,BUF,R,9,0 days 00:19:25.444444446,1.03,1.37,8.24,0.69,4.46,7.89,1.03,7.0,0 days 00:18:46.428571428,1.37,1.83,7.76,0.91,5.48,10.5,1.37,,,,,,
Tony DeAngelo,NYI,D,8,0 days 00:18:49.375000002,0.4,1.2,6.38,1.99,3.19,0.8,0.0,7.0,0 days 00:18:08.571428574,0.47,1.42,6.14,2.36,2.83,0.94,0.0,,,,,,
Nick Schmaltz,UTA,C,9,0 days 00:19:19.555555554,2.41,2.76,11.73,0.69,2.41,1.38,5.17,7.0,0 days 00:19:10.285714284,3.13,2.68,12.07,0.89,3.13,0.89,4.92,9.0,0 days 00:03:58.111111110,8.4,,,
Kasperi Kapanen,EDM,R,6,0 days 00:12:17.166666665,0.0,1.63,3.26,13.02,3.26,0.0,0.0,4.0,0 days 00:11:43.750000002,0.0,1.28,3.84,11.51,2.56,0.0,0.0,,,,,,
Jared McCann,SEA,L,5,0 days 00:17:17.400000,2.08,0.69,9.72,4.86,2.78,0.0,1.39,3.0,0 days 00:17:12.666666666,1.16,1.16,9.3,4.65,2.32,0.0,2.32,,,,,,
David Pastrnak,BOS,R,10,0 days 00:20:13.200000,1.48,2.37,10.98,5.93,0.89,2.37,0.0,7.0,0 days 00:20:32.285714286,1.67,2.09,10.02,5.84,0.83,0.83,0.0,10.0,0 days 00:04:35.100000,7.85,7.0,0 days 00:04:38.714285712,7.38
Adrian Kempe,L.A,R,9,0 days 00:19:16.333333331,1.73,2.42,10.72,8.3,2.08,3.46,2.42,7.0,0 days 00:19:27.714285714,2.2,2.64,11.01,7.49,1.32,4.4,3.08,,,,,,
Ivan Barbashev,VGK,L,8,0 days 00:15:19.624999998,1.47,2.45,5.38,7.34,0.49,0.0,0.0,7.0,0 days 00:15:15.285714288,1.12,2.25,5.06,5.62,0.56,0.0,0.0,,,,,,
Marcus Pettersson,VAN,D,9,0 days 00:19:28.333333332,0.0,0.0,2.05,1.71,5.48,2.05,0.0,7.0,0 days 00:19:32.142857142,0.0,0.0,2.63,2.19,5.7,2.63,0.0,,,,,,
Brandon Montour,SEA,D,5,0 days 00:22:58.399999998,0.0,2.09,7.31,4.18,6.27,2.61,0.0,3.0,0 days 00:23:27.666666666,0.0,2.56,5.97,4.26,5.11,0.0,0.0,,,,,,
Ryan Donato,CHI,C,8,0 days 00:15:08.625000,2.48,0.99,9.91,3.96,0.99,2.97,3.47,7.0,0 days 00:15:01.285714284,2.85,1.14,10.84,2.85,1.14,3.42,3.99,,,,,,
Christian Dvorak,PHI,C,8,0 days 00:15:45.874999998,0.95,0.95,6.66,3.33,2.38,2.85,19.98,7.0,0 days 00:15:40.999999998,1.09,1.09,7.1,3.83,2.73,1.09,22.41,,,,,,
Justin Kirkland,CGY,C,5,0 days 00:09:22.000000002,0.0,0.0,5.12,10.25,2.56,0.0,26.9,,,,,,,,,,,,,,,
Warren Foegele,L.A,L,9,0 days 00:14:41.555555556,0.45,0.0,5.9,4.99,0.45,2.72,1.36,7.0,0 days 00:14:46.000000002,0.58,0.0,7.55,4.64,0.58,2.32,0.0,,,,,,
Brayden Point,T.B,C,8,0 days 00:19:33.874999998,0.77,1.92,6.13,0.77,1.53,0.77,15.72,7.0,0 days 00:19:33,0.44,1.32,6.58,0.88,1.32,0.88,15.35,8.0,0 days 00:04:05.500000002,5.5,,,
Jake Walman,EDM,D,3,0 days 00:20:31.000000002,0.97,1.95,3.9,1.95,8.77,0.0,0.0,3.0,0 days 00:20:31.000000002,0.97,1.95,3.9,1.95,8.77,0.0,0.0,,,,,,
Michael Amadio,OTT,R,9,0 days 00:14:31.666666668,0.46,0.0,5.05,5.51,3.67,0.92,0.92,7.0,0 days 00:13:48.857142858,0.62,0.0,6.83,5.58,4.34,0.0,1.24,,,,,,
Devon Toews,COL,D,9,0 days 00:23:18.555555558,0.0,0.0,4.0,0.57,2.86,0.0,0.0,7.0,0 days 00:23:36.714285714,0.0,0.0,4.72,0.73,2.9,0.0,0.0,,,,,,
Viktor Arvidsson,BOS,L,10,0 days 00:13:46.000000002,0.44,1.31,9.15,3.49,2.18,2.62,1.31,7.0,0 days 00:13:52.999999998,0.62,1.85,9.88,3.09,3.09,3.7,1.23,,,,,,
Michael Bunting,NSH,L,9,0 days 00:14:51.111111114,0.9,0.45,4.94,1.8,2.24,0.9,1.35,7.0,0 days 00:14:39.571428570,0.58,0.58,4.68,1.75,2.34,0.0,1.17,,,,,,
Gustav Forsling,FLA,D,10,0 days 00:22:27.700000002,0.0,1.07,3.21,3.21,2.4,0.0,0.0,7.0,0 days 00:22:38.285714286,0.0,0.38,2.27,2.65,2.65,0.0,0.0,,,,,,
Dakota Joshua,TOR,C,9,0 days 00:11:39.444444444,1.14,0.57,5.72,17.16,3.43,1.14,0.57,7.0,0 days 00:11:36.428571426,1.48,0.74,5.17,18.46,3.69,1.48,0.74,,,,,,
Victor Olofsson,COL,L,9,0 days 00:13:34.333333331,0.0,1.96,11.79,0.98,0.49,0.0,0.0,7.0,0 days 00:14:03.714285714,0.0,1.83,12.8,0.61,0.61,0.0,0.0,9.0,0 days 00:03:23.222222220,1.97,,,
Jake Evans,MTL,C,10,0 days 00:16:13.099999998,0.37,0.37,5.55,4.07,4.44,3.7,31.45,7.0,0 days 00:16:49.000000002,0.51,0.51,6.63,3.57,5.1,5.1,31.09,,,,,,
Jake Middleton,MIN,D,9,0 days 00:16:38.222222220,0.0,0.4,2.8,4.81,6.81,6.01,0.0,7.0,0 days 00:16:12,0.0,0.53,3.17,5.29,6.35,5.82,0.0,,,,,,
Darren Raddysh,T.B,D,5,0 days 00:16:54.199999998,0.71,1.42,7.81,3.55,2.84,1.42,0.0,4.0,0 days 00:16:44.500000002,0.9,0.0,8.06,3.58,2.69,1.79,0.0,,,,,,
Andrew Mangiapane,EDM,L,9,0 days 00:15:11.111111112,1.32,0.44,2.63,2.2,2.63,0.0,0.0,7.0,0 days 00:15:47.714285712,0.54,0.54,2.17,2.17,2.71,0.0,0.0,,,,,,
Frank Vatrano,ANA,R,8,0 days 00:12:55.249999998,0.0,0.58,11.03,15.67,2.9,5.22,2.32,7.0,0 days 00:12:59.428571430,0.0,0.66,10.56,15.84,1.98,4.62,2.64,,,,,,
Rasmus Andersson,CGY,D,9,0 days 00:23:23.333333334,0.57,0.0,6.84,1.71,3.14,1.71,0.0,7.0,0 days 00:22:40.571428572,0.76,0.0,8.32,1.89,3.02,2.27,0.0,,,,,,
Kyle Connor,WPG,L,8,0 days 00:20:38.875000002,1.45,2.18,10.9,0.73,0.73,1.45,0.0,7.0,0 days 00:20:46.571428572,0.41,2.48,9.9,0.83,0.83,1.65,0.0,8.0,0 days 00:04:03.124999998,5.55,,,
Jonas Siegenthaler,N.J,D,8,0 days 00:19:11.125000002,0.0,0.39,1.56,1.56,5.08,1.56,0.0,7.0,0 days 00:19:12.714285714,0.0,0.45,1.78,1.78,5.35,1.78,0.0,,,,,,
Pavel Zacha,BOS,C,10,0 days 00:18:06.600000,0.66,2.32,4.31,3.98,1.66,2.65,15.24,7.0,0 days 00:17:53.714285712,0.48,2.39,4.79,4.31,1.92,3.83,20.6,10.0,0 days 00:03:44.800000002,6.41,,,
Connor McDavid,EDM,C,9,0 days 00:23:37.999999998,0.28,2.82,7.05,0.56,0.56,0.56,12.13,7.0,0 days 00:23:07.428571428,0.37,2.59,6.3,0.37,0.74,0.74,9.64,9.0,0 days 00:04:03.111111114,8.23,,,
Jack Eichel,VGK,C,8,0 days 00:20:44.374999998,2.17,3.62,12.66,1.45,1.45,0.0,26.04,7.0,0 days 00:20:33,2.09,2.92,12.51,1.25,1.67,0.0,25.86,8.0,0 days 00:04:20.374999998,13.83,,,
Vince Dunn,SEA,D,9,0 days 00:23:39.777777780,0.56,0.85,6.76,0.28,1.97,1.69,0.0,7.0,0 days 00:24:08.857142856,0.35,0.35,6.39,0.35,2.13,2.13,0.0,,,,,,
Timo Meier,N.J,R,8,0 days 00:17:52.875000,1.26,1.68,8.81,5.87,1.68,0.84,2.1,7.0,0 days 00:17:37.999999998,1.46,1.94,7.78,3.89,1.94,0.97,1.94,,,,,,
Erik Cernak,T.B,D,8,0 days 00:19:31.624999998,0.0,0.38,1.54,4.61,8.07,2.3,0.0,7.0,0 days 00:19:41.142857142,0.0,0.44,1.74,4.35,6.97,2.61,0.0,,,,,,
Mikko Rantanen,DAL,R,8,0 days 00:21:11.625000,1.06,2.48,6.72,3.18,2.12,4.25,0.71,7.0,0 days 00:21:32.142857142,0.8,1.99,6.37,3.58,2.39,3.98,0.4,8.0,0 days 00:04:06.375000,10.96,,,
A.J. Greer,FLA,L,10,0 days 00:08:36.700000002,2.09,1.39,4.18,18.81,2.09,4.88,0.7,7.0,0 days 00:08:22.571428572,2.05,1.02,4.09,16.37,2.05,2.05,0.0,,,,,,
Sebastian Aho,CAR,C,8,0 days 00:20:33.874999998,1.46,2.19,6.93,5.11,1.46,1.46,24.8,7.0,0 days 00:20:24.571428570,1.68,1.68,6.72,5.04,1.68,1.68,23.52,8.0,0 days 00:04:01.750000002,1.86,,,
Keegan Kolesar,VGK,R,8,0 days 00:11:13.624999998,0.0,0.67,3.34,16.03,5.34,1.34,0.0,7.0,0 days 00:11:17.428571430,0.0,0.76,3.8,15.94,6.07,1.52,0.0,,,,,,
Tommy Novak,PIT,C,9,0 days 00:11:58.666666668,0.56,1.67,6.68,1.67,2.78,0.0,5.01,7.0,0 days 00:12:13.714285716,0.7,1.4,6.31,0.0,2.1,0.0,5.61,,,,,,
Travis Konecny,PHI,R,8,0 days 00:18:54,0.4,1.19,5.95,4.76,2.78,2.78,1.19,7.0,0 days 00:19:14.285714286,0.45,1.34,6.68,4.9,3.12,3.12,1.34,,,,,,
Dylan Strome,WSH,C,9,0 days 00:16:14.222222220,0.82,3.28,6.57,1.23,2.05,0.82,35.31,7.0,0 days 00:15:41.142857142,1.09,4.37,7.1,1.64,1.64,1.09,31.69,9.0,0 days 00:03:29.888888886,7.62,,,
Brandon Carlo,TOR,D,9,0 days 00:19:17.444444442,0.0,0.69,3.8,1.73,3.11,1.38,0.0,7.0,0 days 00:19:22.142857140,0.0,0.89,3.98,1.77,3.1,0.89,0.0,,,,,,
Brock Boeser,VAN,R,7,0 days 00:19:58.857142860,1.29,0.0,7.29,2.14,0.86,0.0,2.57,5.0,0 days 00:20:48.400000002,0.58,0.0,7.5,2.31,1.15,0.0,3.46,7.0,0 days 00:04:28.428571428,1.92,,,
Mathew Barzal,NYI,C,8,0 days 00:21:18.124999998,0.7,1.76,5.28,1.06,3.17,2.11,10.91,7.0,0 days 00:21:20.571428574,0.8,1.61,4.42,1.2,3.21,1.61,9.64,8.0,0 days 00:04:20.500000002,3.45,,,
Roope Hintz,DAL,C,8,0 days 00:19:01.375000002,0.39,2.76,11.04,1.58,1.97,0.79,29.96,7.0,0 days 00:18:58.000000002,0.45,2.26,9.49,1.81,2.26,0.0,30.28,,,,,,
Parker Wotherspoon,PIT,D,9,0 days 00:20:48.444444444,0.0,1.28,2.56,2.56,4.17,2.56,0.0,7.0,0 days 00:20:26.857142856,0.0,1.68,2.93,2.52,4.61,2.52,0.0,,,,,,
Caleb Jones,PIT,D,7,0 days 00:17:10.285714284,0.0,0.5,2.5,4.99,7.49,0.0,0.0,5.0,0 days 00:17:51,0.0,0.67,2.69,4.03,8.74,0.0,0.0,,,,,,
Noah Juulsen,PHI,D,8,0 days 00:13:08.500000002,0.0,0.57,1.71,6.28,3.42,0.0,0.0,7.0,0 days 00:12:57.428571426,0.0,0.66,1.32,5.95,3.97,0.0,0.0,,,,,,
Jack Roslovic,EDM,C,7,0 days 00:14:54.428571426,0.0,0.57,8.05,1.72,1.15,0.0,2.87,7.0,0 days 00:14:54.428571426,0.0,0.57,8.05,1.72,1.15,0.0,2.87,,,,,,
Zach Werenski,CBJ,D,8,0 days 00:26:11.875000002,0.29,0.86,8.3,2.0,3.44,0.0,0.0,7.0,0 days 00:26:02.714285712,0.33,0.99,7.9,1.97,3.29,0.0,0.0,,,,,,
Nicolas Roy,TOR,C,9,0 days 00:13:07.666666667,0.51,1.02,4.57,6.09,3.55,2.03,23.87,7.0,0 days 00:13:22.714285716,0.0,0.64,3.2,7.05,3.2,2.56,24.35,,,,,,
Anthony Beauvillier,WSH,L,9,0 days 00:13:48.222222222,0.48,0.48,8.69,6.76,0.48,0.97,0.0,7.0,0 days 00:14:18.285714288,0.6,0.6,7.79,7.19,0.6,1.2,0.0,,,,,,
Jeremy Lauzon,VGK,D,8,0 days 00:16:59.374999998,0.0,0.88,3.09,14.13,4.86,5.74,0.0,7.0,0 days 00:17:21.285714288,0.0,0.99,2.96,12.84,5.43,6.42,0.0,,,,,,
Thomas Chabot,OTT,D,9,0 days 00:22:30.111111114,0.59,0.89,3.85,1.19,5.04,2.37,0.0,7.0,0 days 00:22:49.999999998,0.75,1.13,3.38,1.5,4.5,0.75,0.0,,,,,,
Mathieu Joseph,STL,R,8,0 days 00:12:50.374999998,0.0,1.17,6.43,10.51,2.34,1.17,0.58,7.0,0 days 00:12:54.857142858,0.0,1.33,6.64,9.96,1.33,0.0,0.66,,,,,,
Lawson Crouse,UTA,L,9,0 days 00:14:46.222222224,0.45,0.45,7.22,12.19,1.35,0.9,0.9,7.0,0 days 00:14:30.857142858,0.59,0.59,8.27,11.81,1.77,1.18,0.59,,,,,,
Mitch Marner,VGK,R,8,0 days 00:20:45.124999998,0.72,2.89,5.06,2.17,1.45,0.72,1.45,7.0,0 days 00:20:27.571428570,0.84,2.51,4.61,2.09,1.26,0.84,1.68,8.0,0 days 00:04:21.625000002,3.44,7.0,0 days 00:04:17.285714286,4.0
Joel Eriksson Ek,MIN,C,9,0 days 00:19:48.222222222,0.34,1.68,8.75,4.38,2.36,2.69,34.0,7.0,0 days 00:20:10.571428572,0.0,1.27,8.92,4.25,2.97,2.55,35.69,9.0,0 days 00:04:37.000000002,5.78,7.0,0 days 00:04:37.857142860,1.85
Jake DeBrusk,VAN,L,9,0 days 00:17:09,0.78,0.78,10.5,3.11,1.17,0.78,0.39,7.0,0 days 00:17:28.428571428,0.98,0.0,11.28,3.43,1.47,0.98,0.49,9.0,0 days 00:04:21.111111114,3.06,7.0,0 days 00:04:21.571428570,3.93
Ivan Provorov,CBJ,D,8,0 days 00:24:09.124999998,0.31,0.62,5.59,1.24,4.04,0.62,0.0,7.0,0 days 00:24:06.571428570,0.36,0.71,4.98,1.42,4.62,0.71,0.0,,,,,,
John Marino,UTA,D,9,0 days 00:20:10.888888890,0.33,1.32,2.64,0.66,2.97,0.66,0.0,7.0,0 days 00:21:01.000000002,0.41,1.63,3.26,0.41,3.26,0.82,0.0,,,,,,
Yakov Trenin,MIN,C,9,0 days 00:13:20.111111112,0.0,0.5,7.5,21.5,3.0,1.0,1.5,7.0,0 days 00:12:49.999999998,0.0,0.0,8.01,23.38,4.01,1.34,1.34,,,,,,
Anthony Cirelli,T.B,C,8,0 days 00:19:33.250000002,1.92,0.77,5.75,3.07,2.68,1.53,32.6,7.0,0 days 00:20:12.857142858,2.12,0.85,5.51,2.54,2.97,0.85,32.23,,,,,,
Evan Rodrigues,FLA,C,10,0 days 00:16:06.400000002,0.75,1.12,7.08,4.1,1.86,2.24,14.9,7.0,0 days 00:16:20.714285712,0.52,0.52,7.87,3.67,1.57,2.1,15.73,,,,,,
Artemi Panarin,NYR,L,9,0 days 00:21:19.777777776,0.63,1.56,6.88,0.63,0.31,0.63,0.0,7.0,0 days 00:21:25.857142860,0.8,1.6,7.2,0.8,0.4,0.8,0.0,9.0,0 days 00:04:16.444444446,3.12,,,
Noel Acciari,PIT,C,8,0 days 00:13:47.250000,0.0,1.09,4.35,8.7,4.9,1.09,21.21,6.0,0 days 00:13:54.666666666,0.0,1.44,5.03,7.19,5.75,0.0,22.28,,,,,,
Kevin Stenlund,UTA,C,9,0 days 00:16:08.444444442,0.41,0.41,3.72,2.48,4.54,1.65,38.83,7.0,0 days 00:15:52.285714284,0.54,0.54,3.78,2.7,4.86,1.08,37.8,,,,,,
Will Borgen,NYR,D,9,0 days 00:18:26.888888886,0.0,0.72,2.89,5.06,4.34,1.45,0.0,7.0,0 days 00:18:49.428571428,0.0,0.46,2.73,4.55,3.64,0.91,0.0,,,,,,
Alexandre Carrier,MTL,D,10,0 days 00:18:19.200000,0.33,1.31,2.95,1.31,8.19,1.97,0.0,7.0,0 days 00:19:16.428571428,0.0,1.78,2.67,1.33,10.23,1.78,0.0,,,,,,
Ryan Shea,PIT,D,9,0 days 00:20:49.999999998,0.32,1.28,2.56,0.96,4.48,1.28,0.0,7.0,0 days 00:20:19.142857140,0.42,1.27,2.95,1.27,4.22,1.69,0.0,,,,,,
Conor Garland,VAN,R,9,0 days 00:20:53.111111112,0.96,1.92,7.66,2.55,1.6,0.64,0.32,7.0,0 days 00:21:40.999999998,1.19,1.98,7.91,3.16,1.98,0.79,0.0,9.0,0 days 00:03:50.555555556,5.2,7.0,0 days 00:04:33.714285714,5.64
Niko Mikkola,FLA,D,10,0 days 00:18:36.900000,0.0,0.0,3.55,1.93,4.19,2.58,0.0,7.0,0 days 00:17:42.857142858,0.0,0.0,3.39,1.45,3.87,3.87,0.0,,,,,,
Kirill Kaprizov,MIN,L,9,0 days 00:22:08.888888886,1.51,1.81,9.33,0.6,1.2,0.0,0.0,7.0,0 days 00:22:40.571428572,1.13,0.76,7.56,0.0,1.13,0.0,0.0,9.0,0 days 00:05:20.111111112,8.75,7.0,0 days 00:05:17.428571430,4.86
Troy Terry,ANA,R,8,0 days 00:17:47.125000002,1.27,2.53,7.59,0.0,0.42,0.0,0.42,7.0,0 days 00:17:58.285714284,1.43,2.86,8.11,0.0,0.48,0.0,0.48,8.0,0 days 00:03:51.375000,7.78,,,
Adam Gaudette,S.J,R,8,0 days 00:11:12.625000002,2.01,0.67,8.03,2.68,0.0,5.35,16.73,7.0,0 days 00:11:26.285714286,2.25,0.75,8.99,2.25,0.0,4.5,16.49,,,,,,
Vladislav Gavrikov,NYR,D,9,0 days 00:23:15.777777780,0.0,0.29,2.87,0.57,3.44,1.72,0.0,7.0,0 days 00:23:52.714285716,0.0,0.36,2.87,0.36,3.95,2.15,0.0,,,,,,
Mason Appleton,DET,C,9,0 days 00:14:27.333333336,1.38,0.46,4.61,4.15,1.84,5.53,0.46,7.0,0 days 00:14:43.714285716,1.75,0.58,4.66,3.49,1.75,6.98,0.58,,,,,,
Steven Lorentz,TOR,C,6,0 days 00:09:29.833333332,0.0,2.11,3.16,16.85,5.26,0.0,6.32,4.0,0 days 00:10:53.250000,0.0,0.0,4.13,13.78,4.13,0.0,6.89,,,,,,
Matt Roy,WSH,D,9,0 days 00:18:58.222222224,0.0,0.0,4.57,3.51,6.33,0.7,0.0,7.0,0 days 00:19:00.428571426,0.0,0.0,4.96,2.25,5.41,0.0,0.0,,,,,,
Jalen Chatfield,CAR,D,8,0 days 00:20:37.125000,0.0,0.73,4.0,2.91,4.36,2.91,0.0,7.0,0 days 00:20:47.428571430,0.0,0.82,4.12,2.47,4.54,3.3,0.0,,,,,,
Mason Marchment,SEA,L,8,0 days 00:15:46.500000,0.48,1.43,5.71,4.75,1.43,1.9,1.43,6.0,0 days 00:15:55.999999998,0.0,1.88,5.65,6.28,0.63,2.51,1.88,,,,,,
Philippe Myers,TOR,D,2,0 days 00:15:29.500000002,0.0,0.0,7.75,3.87,7.75,0.0,0.0,2.0,0 days 00:15:29.500000002,0.0,0.0,7.75,3.87,7.75,0.0,0.0,,,,,,
Ryan Lomberg,CGY,L,9,0 days 00:08:51.444444444,0.0,0.75,5.27,30.11,3.01,9.03,0.0,7.0,0 days 00:08:18.714285714,0.0,1.03,6.19,28.87,4.12,12.37,0.0,,,,,,
Brandon Tanev,UTA,L,9,0 days 00:10:58.222222224,0.0,0.61,6.68,24.31,3.65,2.43,0.0,7.0,0 days 00:11:03.142857144,0.0,0.78,6.2,22.49,3.88,1.55,0.0,,,,,,
Luke Kunin,FLA,C,9,0 days 00:10:40.000000002,0.0,0.63,3.13,6.88,6.88,2.5,26.88,6.0,0 days 00:10:46.166666664,0.0,0.0,0.0,8.36,6.5,0.0,27.86,,,,,,
Auston Matthews,TOR,C,9,0 days 00:22:19.666666668,1.49,0.9,10.45,2.39,6.27,1.19,28.96,7.0,0 days 00:22:40.714285716,1.51,1.13,10.58,3.02,5.67,0.76,30.61,,,,,,
Adam Fox,NYR,D,9,0 days 00:24:31.999999998,0.82,1.09,5.16,1.36,4.62,1.09,0.0,7.0,0 days 00:25:00.857142858,0.69,1.37,4.8,1.03,4.11,0.69,0.0,9.0,0 days 00:03:52.666666668,3.44,,,
Ryan Lindgren,SEA,D,9,0 days 00:18:40.666666668,0.0,0.36,1.07,2.14,5.71,7.5,0.0,7.0,0 days 00:18:16.714285716,0.0,0.47,0.94,2.34,3.75,9.85,0.0,,,,,,
Charlie McAvoy,BOS,D,10,0 days 00:24:28.000000002,0.0,1.47,4.17,3.92,4.17,4.41,0.0,7.0,0 days 00:24:19.428571428,0.0,1.76,3.88,2.11,4.93,4.23,0.0,10.0,0 days 00:03:39.499999998,3.28,,,
Alex DeBrincat,DET,R,9,0 days 00:17:43.444444446,0.38,2.63,12.79,0.38,1.5,0.0,0.0,7.0,0 days 00:17:31.714285715,0.49,1.96,12.71,0.49,1.96,0.0,0.0,9.0,0 days 00:03:47.333333334,5.28,,,
Patrik Laine,MTL,L,5,0 days 00:12:36.400000002,0.0,0.95,5.71,1.9,0.0,1.9,1.9,,,,,,,,,,,,,,,
Clayton Keller,UTA,R,9,0 days 00:19:11.555555556,1.39,2.78,7.64,0.35,1.04,1.39,0.35,7.0,0 days 00:18:11.714285712,1.88,3.3,8.95,0.47,0.47,1.88,0.0,9.0,0 days 00:04:11.333333334,7.96,,,
Jakob Chychrun,WSH,D,9,0 days 00:22:56.777777778,0.87,0.87,7.26,3.2,2.32,1.16,0.0,7.0,0 days 00:23:08.571428574,1.11,0.0,7.78,3.7,2.59,0.74,0.0,,,,,,
Sam Steel,DAL,C,8,0 days 00:16:41.374999998,0.45,0.45,3.6,4.04,2.25,0.0,4.94,7.0,0 days 00:17:03.428571426,0.5,0.0,3.52,4.02,2.01,0.0,4.02,,,,,,
Brett Howden,VGK,C,4,0 days 00:12:19.000000002,1.22,0.0,2.44,7.31,0.0,2.44,9.74,3.0,0 days 00:11:57.666666666,1.67,0.0,3.34,5.02,0.0,3.34,11.7,,,,,,
Beck Malenstyn,BUF,L,8,0 days 00:11:07.750000001,0.0,0.0,6.74,17.52,6.07,0.0,0.0,6.0,0 days 00:12:07.999999998,0.0,0.0,7.42,14.84,7.42,0.0,0.0,,,,,,
Trent Frederic,EDM,C,9,0 days 00:12:22.999999998,0.54,0.0,6.46,11.31,2.15,3.23,7.54,7.0,0 days 00:11:24.285714288,0.75,0.0,6.01,12.03,3.01,1.5,10.52,,,,,,
Andrew Peeke,BOS,D,10,0 days 00:18:48.100000002,0.0,0.32,4.47,4.47,8.94,0.0,0.0,7.0,0 days 00:18:05.428571430,0.0,0.0,4.26,5.69,7.11,0.0,0.0,,,,,,
Tyson Jost,NSH,C,8,0 days 00:12:25.624999998,0.6,0.0,9.05,5.43,2.41,1.21,4.22,6.0,0 days 00:12:50.500000002,0.78,0.0,7.79,4.67,1.56,1.56,4.67,,,,,,
Dante Fabbro,CBJ,D,8,0 days 00:17:16.624999998,0.0,0.43,2.6,1.3,7.38,0.87,0.0,7.0,0 days 00:17:34.285714284,0.0,0.49,2.44,0.98,6.83,0.0,0.0,,,,,,
Joshua Mahura,SEA,D,9,0 days 00:15:40.333333332,0.43,0.43,3.4,4.25,6.38,5.96,0.0,7.0,0 days 00:15:34.714285716,0.55,0.55,2.75,3.3,7.15,7.7,0.0,,,,,,
Logan Stanley,WPG,D,8,0 days 00:16:01.875000,0.94,0.94,2.81,7.95,6.08,7.49,0.0,7.0,0 days 00:16:48.857142858,1.02,1.02,3.06,7.65,6.63,8.16,0.0,,,,,,
Jordan Kyrou,STL,R,8,0 days 00:17:26.125000002,0.86,1.72,6.88,0.86,1.72,0.0,0.0,7.0,0 days 00:17:34.571428572,0.98,1.95,6.83,0.98,1.95,0.0,0.0,,,,,,
Taylor Raddysh,NYR,R,9,0 days 00:11:34.333333331,2.3,0.0,5.76,5.18,1.15,1.15,0.0,7.0,0 days 00:10:53.142857142,3.15,0.0,4.72,4.72,0.79,1.57,0.0,,,,,,
Samuel Girard,COL,D,2,0 days 00:18:48,0.0,0.0,3.19,4.79,4.79,0.0,0.0,,,,,,,,,,,,,,,
Pierre-Luc Dubois,WSH,L,4,0 days 00:16:48,0.0,0.0,6.25,3.57,1.79,1.79,18.75,2.0,0 days 00:15:18.499999998,0.0,0.0,3.92,5.88,1.96,3.92,17.64,,,,,,
Jake Bean,CGY,D,6,0 days 00:16:44.500000002,0.0,0.0,3.58,1.79,8.36,1.19,0.0,4.0,0 days 00:18:19.750000002,0.0,0.0,4.91,1.64,7.37,0.0,0.0,,,,,,
Jesper Bratt,N.J,L,8,0 days 00:16:55.249999998,1.77,3.1,6.21,4.88,0.44,2.66,0.0,7.0,0 days 00:16:43.857142860,1.54,3.07,6.66,4.1,0.51,3.07,0.0,,,,,,
Mikhail Sergachev,UTA,D,9,0 days 00:24:34.666666668,0.27,1.63,4.07,0.54,5.15,2.71,0.0,7.0,0 days 00:24:05.857142856,0.36,2.13,3.56,0.71,3.2,3.56,0.0,9.0,0 days 00:03:50.777777778,6.93,,,
Nathan Bastian,DAL,R,8,0 days 00:06:51,1.09,0.0,8.76,14.23,3.28,2.19,0.0,7.0,0 days 00:06:43.142857140,1.28,0.0,8.93,14.03,2.55,2.55,0.0,,,,,,
Tage Thompson,BUF,C,9,0 days 00:19:03.222222222,1.4,1.4,12.95,5.95,1.75,3.5,9.45,7.0,0 days 00:18:35.571428574,1.84,1.84,11.06,4.61,2.31,2.77,11.06,9.0,0 days 00:03:37.666666668,5.51,,,
Filip Hronek,VAN,D,9,0 days 00:23:52.111111110,0.0,1.4,1.68,5.87,3.91,1.12,0.0,7.0,0 days 00:23:39.714285714,0.0,1.81,1.09,5.8,3.62,1.45,0.0,,,,,,
Troy Stecher,EDM,D,4,0 days 00:15:34.000000002,0.0,0.0,1.93,1.93,0.96,5.78,0.0,4.0,0 days 00:15:34.000000002,0.0,0.0,1.93,1.93,0.96,5.78,0.0,,,,,,
Brandon Duhaime,WSH,R,9,0 days 00:13:15.666666666,0.0,0.5,2.51,12.07,2.51,4.52,1.01,7.0,0 days 00:13:37.000000002,0.0,0.63,2.52,9.44,3.15,5.67,0.63,,,,,,
Ross Colton,COL,C,9,0 days 00:11:53.444444442,0.56,1.12,8.97,12.9,2.24,2.8,3.36,7.0,0 days 00:12:11.571428574,0.0,1.41,7.73,13.36,2.11,3.51,2.11,,,,,,
Brandon Hagel,T.B,L,8,0 days 00:19:42.874999998,0.0,1.14,6.85,2.66,2.28,3.04,0.0,7.0,0 days 00:20:17.571428574,0.0,1.27,6.34,2.11,2.53,1.69,0.0,,,,,,
Vincent Desharnais,S.J,D,5,0 days 00:17:06.600000,0.0,0.7,2.81,6.31,4.91,11.22,0.0,5.0,0 days 00:17:06.600000,0.0,0.7,2.81,6.31,4.91,11.22,0.0,,,,,,
Michael Eyssimont,BOS,C,10,0 days 00:11:15,1.07,1.6,10.13,2.67,3.2,2.13,0.0,7.0,0 days 00:11:05.428571430,1.55,1.55,11.59,3.09,3.86,3.09,0.0,,,,,,
Michael Carcone,UTA,L,7,0 days 00:10:06.428571426,0.85,0.85,12.72,5.09,2.54,1.7,0.0,7.0,0 days 00:10:06.428571426,0.85,0.85,12.72,5.09,2.54,1.7,0.0,,,,,,
Justin Brazeau,PIT,R,9,0 days 00:13:18.888888888,2.5,2.0,7.51,7.01,5.01,0.0,0.0,7.0,0 days 00:13:39.857142858,1.25,2.51,5.02,5.02,5.65,0.0,0.0,,,,,,
Tanner Jeannot,BOS,L,10,0 days 00:12:45.400000002,0.94,0.47,6.11,8.47,4.23,5.17,0.94,7.0,0 days 00:12:12.714285714,0.7,0.7,6.32,9.12,3.51,7.72,0.7,,,,,,
Mathieu Olivier,CBJ,R,8,0 days 00:14:33,0.0,0.52,6.7,13.4,4.64,6.19,0.0,7.0,0 days 00:14:35.142857142,0.0,0.59,6.46,13.52,5.29,7.05,0.0,,,,,,
Trevor Moore,L.A,L,9,0 days 00:15:56.111111112,1.26,0.42,8.37,1.67,2.09,0.84,0.42,7.0,0 days 00:15:55.142857140,1.08,0.54,8.62,1.62,2.69,1.08,0.0,,,,,,
Jeffrey Viel,BOS,L,3,0 days 00:12:13.333333332,0.0,0.0,6.55,22.91,1.64,11.45,0.0,3.0,0 days 00:12:13.333333332,0.0,0.0,6.55,22.91,1.64,11.45,0.0,,,,,,
Justin Danforth,BUF,R,4,0 days 00:11:42.250000002,0.0,0.0,2.56,3.84,5.13,2.56,21.79,,,,,,,,,,,,,,,
Zach Aston-Reese,CBJ,C,8,0 days 00:10:17.875000002,0.0,2.18,5.83,15.29,2.91,1.46,0.73,7.0,0 days 00:10:20.142857142,0.0,2.49,5.81,15.76,2.49,0.0,0.83,,,,,,
Kailer Yamamoto,UTA,R,4,0 days 00:11:47.749999998,0.0,0.0,2.54,2.54,0.0,2.54,1.27,,,,,,,,,,,,,,,
Jonah Gadjovich,FLA,L,10,0 days 00:07:56.599999998,0.0,2.27,6.04,22.66,2.27,5.29,0.0,7.0,0 days 00:07:40.571428572,0.0,2.23,6.7,21.22,2.23,7.82,0.0,,,,,,
Conor Timmins,BUF,D,9,0 days 00:21:01.666666668,0.0,0.63,2.85,1.59,7.61,2.54,0.0,7.0,0 days 00:22:00.142857144,0.0,0.78,3.12,1.56,7.79,2.34,0.0,,,,,,
Mario Ferraro,S.J,D,8,0 days 00:21:08.374999998,0.35,0.35,3.9,5.32,7.1,0.71,0.0,7.0,0 days 00:21:29.714285712,0.4,0.4,3.59,5.98,7.18,0.8,0.0,,,,,,
Cale Fleury,SEA,D,4,0 days 00:14:43.500000,0.0,1.02,3.06,6.11,2.04,5.09,0.0,4.0,0 days 00:14:43.500000,0.0,1.02,3.06,6.11,2.04,5.09,0.0,,,,,,
Morgan Geekie,BOS,C,10,0 days 00:18:36.900000,1.93,0.64,6.12,6.45,0.64,1.29,3.87,7.0,0 days 00:18:44.428571430,2.29,0.46,7.32,6.86,0.46,0.91,5.03,10.0,0 days 00:03:52.000000002,1.55,,,
Michael Rasmussen,DET,C,8,0 days 00:11:40.875000,0.64,0.64,5.14,5.78,5.14,1.28,22.47,6.0,0 days 00:11:59.500000002,0.83,0.83,6.67,5.0,5.84,1.67,22.52,,,,,,
Cody Glass,N.J,C,6,0 days 00:12:33.499999998,1.59,0.0,7.17,2.39,1.59,4.78,19.91,5.0,0 days 00:12:41.599999998,0.95,0.0,6.62,0.95,0.95,5.67,17.02,,,,,,
Mikey Anderson,L.A,D,9,0 days 00:20:37.333333332,0.32,0.0,2.26,3.88,5.17,0.65,0.0,7.0,0 days 00:20:19.428571428,0.42,0.0,2.95,2.53,5.48,0.84,0.0,,,,,,
Casey Mittelstadt,BOS,C,9,0 days 00:14:21.444444444,1.39,1.39,4.18,0.46,1.86,0.0,19.04,6.0,0 days 00:14:20.166666666,1.4,2.09,3.49,0.7,2.09,0.0,18.14,,,,,,
Urho Vaakanainen,NYR,D,7,0 days 00:15:01.999999997,0.0,0.0,3.99,1.71,2.85,3.42,0.0,5.0,0 days 00:14:31.800000,0.0,0.0,4.13,1.65,2.48,3.3,0.0,,,,,,
Nico Hischier,N.J,C,8,0 days 00:20:21.499999998,0.74,2.58,7.0,0.37,4.79,0.74,33.16,7.0,0 days 00:20:35.714285712,0.83,2.91,7.49,0.42,3.33,0.83,32.05,,,,,,
Jesper Boqvist,FLA,C,10,0 days 00:11:32.599999998,0.52,0.0,4.16,14.03,2.6,1.04,4.68,7.0,0 days 00:11:25.571428572,0.0,0.0,3.75,13.5,3.75,1.5,2.25,,,,,,
Eeli Tolvanen,SEA,R,9,0 days 00:15:18.555555558,0.0,0.44,3.48,11.32,3.92,0.87,0.0,7.0,0 days 00:15:39.142857144,0.0,0.55,2.74,9.31,3.83,1.1,0.0,,,,,,
Elias Pettersson,VAN,C,9,0 days 00:18:40.555555554,0.71,1.78,5.35,3.93,6.78,0.71,25.7,7.0,0 days 00:19:24,0.88,1.77,5.74,3.09,7.07,0.88,27.39,9.0,0 days 00:04:10.666666668,3.19,7.0,0 days 00:04:19.857142860,3.96
Gabriel Vilardi,WPG,C,8,0 days 00:18:43.999999998,0.4,2.0,6.41,1.6,0.8,0.8,2.4,7.0,0 days 00:18:40.571428572,0.46,1.84,6.88,0.92,0.46,0.92,2.29,8.0,0 days 00:04:10.125000,5.4,,,
Owen Tippett,PHI,R,8,0 days 00:16:50.625000,2.23,0.0,11.13,7.12,1.34,2.67,0.0,7.0,0 days 00:17:11.857142856,2.49,0.0,11.96,7.97,1.0,2.99,0.0,,,,,,
Nick Suzuki,MTL,C,10,0 days 00:20:27.700000002,0.59,3.23,6.74,1.47,1.76,0.59,27.56,7.0,0 days 00:20:53.285714286,0.82,2.46,7.39,1.23,2.05,0.0,29.13,10.0,0 days 00:03:37.200000,9.94,,,
Robert Thomas,STL,C,8,0 days 00:18:42.750000,0.4,2.0,3.21,1.2,2.4,1.6,26.85,7.0,0 days 00:18:55.285714284,0.45,2.27,3.62,1.36,1.81,1.81,27.18,,,,,,
Jason Robertson,DAL,L,8,0 days 00:20:00.874999998,1.12,1.5,13.12,1.87,1.12,0.0,0.0,7.0,0 days 00:20:16.857142859,0.85,1.27,11.41,1.69,0.85,0.0,0.0,8.0,0 days 00:03:46.999999998,7.93,,,
Morgan Frost,CGY,C,9,0 days 00:14:57.777777780,0.45,1.34,5.35,2.23,1.34,3.56,25.4,7.0,0 days 00:14:24.285714288,0.0,1.79,4.76,2.38,1.19,3.57,20.23,9.0,0 days 00:04:30.333333336,2.96,7.0,0 days 00:04:17.285714286,4.0
Henri Jokiharju,BOS,D,10,0 days 00:17:54.100000002,0.0,1.01,3.02,2.35,4.02,1.34,0.0,7.0,0 days 00:18:19.714285716,0.0,0.94,2.81,1.87,3.27,0.94,0.0,,,,,,
Miro Heiskanen,DAL,D,8,0 days 00:25:16.500000,0.59,0.59,6.53,0.59,4.15,0.59,0.0,7.0,0 days 00:25:01.428571428,0.69,0.69,6.17,0.69,4.45,0.69,0.0,,,,,,
Martin Necas,COL,C,9,0 days 00:21:05.888888886,1.9,1.9,6.32,2.53,0.63,1.9,0.95,7.0,0 days 00:21:03,1.63,2.04,6.92,2.44,0.41,2.44,0.81,9.0,0 days 00:05:17.222222220,3.78,7.0,0 days 00:04:48.714285714,1.78
Timothy Liljegren,S.J,D,5,0 days 00:22:23.800000002,0.0,0.0,2.14,1.61,6.97,2.14,0.0,4.0,0 days 00:23:21.750000,0.0,0.0,2.57,1.28,7.06,2.57,0.0,,,,,,
P.O Joseph,VAN,D,3,0 days 00:10:58.000000002,0.0,0.0,9.12,3.65,7.29,3.65,0.0,3.0,0 days 00:10:58.000000002,0.0,0.0,9.12,3.65,7.29,3.65,0.0,,,,,,
Ryan Poehling,ANA,C,8,0 days 00:10:14.625000,0.73,1.46,3.66,1.46,2.2,1.46,27.82,7.0,0 days 00:10:16.999999998,0.83,1.67,3.33,0.83,1.67,1.67,25.01,,,,,,
Cale Makar,COL,D,9,0 days 00:25:06.333333336,0.8,1.86,6.9,2.12,3.72,1.59,0.0,7.0,0 days 00:25:40.999999998,1.0,1.33,7.68,2.0,3.34,1.33,0.0,9.0,0 days 00:05:28.777777776,3.65,7.0,0 days 00:05:05.857142856,1.68
Alexandre Texier,STL,L,5,0 days 00:08:25.399999998,0.0,1.42,5.7,2.85,1.42,0.0,1.42,5.0,0 days 00:08:25.399999998,0.0,1.42,5.7,2.85,1.42,0.0,1.42,,,,,,
Filip Chytil,VAN,C,6,0 days 00:15:38.166666666,1.92,0.0,9.59,1.92,2.56,3.84,23.02,4.0,0 days 00:15:01.750000002,1.0,0.0,8.98,2.0,2.0,2.0,24.95,,,,,,
Alex Iafallo,WPG,L,8,0 days 00:15:58.375000002,0.94,0.94,7.98,4.23,3.29,0.94,1.88,7.0,0 days 00:15:57.285714288,1.07,1.07,8.6,4.3,3.22,0.0,2.15,8.0,0 days 00:03:53.625000,7.7,,,
Neal Pionk,WPG,D,8,0 days 00:23:12.250000002,0.0,0.32,6.14,3.23,5.49,1.94,0.0,7.0,0 days 00:23:10.000000002,0.0,0.37,6.29,2.59,6.29,0.74,0.0,,,,,,
Eetu Luostarinen,FLA,C,10,0 days 00:16:30.100000002,0.36,0.36,6.18,8.73,4.0,0.73,2.55,7.0,0 days 00:16:12.142857144,0.53,0.53,7.41,8.99,5.29,1.06,3.7,,,,,,
Fabian Zetterlund,OTT,L,9,0 days 00:13:51.444444444,0.0,0.48,8.18,9.62,0.96,2.89,0.48,7.0,0 days 00:12:58.999999998,0.0,0.66,9.9,6.6,0.66,3.96,0.66,,,,,,
Jacob Bryson,BUF,D,5,0 days 00:09:27.600000,0.0,1.27,1.27,1.27,5.07,2.54,0.0,,,,,,,,,,,,,,,
Drake Batherson,OTT,R,6,0 days 00:16:09.666666666,1.24,3.09,7.43,4.95,1.24,1.24,0.0,6.0,0 days 00:16:09.666666666,1.24,3.09,7.43,4.95,1.24,1.24,0.0,,,,,,
Noah Cates,PHI,L,8,0 days 00:17:06.874999998,1.31,0.88,7.45,3.07,3.07,0.88,24.54,7.0,0 days 00:17:10.571428572,1.0,1.0,6.99,2.5,3.49,1.0,23.45,,,,,,
Olle Lycksell,OTT,R,4,0 days 00:10:07.500000,1.48,0.0,8.89,1.48,2.96,0.0,0.0,4.0,0 days 00:10:07.500000,1.48,0.0,8.89,1.48,2.96,0.0,0.0,,,,,,
Nick Perbix,NSH,D,9,0 days 00:20:40.888888890,0.64,0.32,4.51,1.61,4.84,1.29,0.0,7.0,0 days 00:20:49.285714284,0.82,0.41,5.35,1.65,4.12,1.65,0.0,,,,,,
Morgan Barron,WPG,C,8,0 days 00:11:51.250000002,1.9,1.27,5.06,8.86,3.16,1.27,29.1,7.0,0 days 00:12:06.714285714,1.42,1.42,4.95,8.49,2.83,1.42,27.6,,,,,,
Sean Walker,CAR,D,8,0 days 00:24:09.124999998,0.31,0.0,5.59,6.83,4.04,1.86,0.0,7.0,0 days 00:24:34.142857140,0.35,0.0,6.28,6.63,3.49,2.09,0.0,,,,,,
Mark Kastelic,BOS,C,10,0 days 00:12:24.900000,0.97,0.48,5.8,10.15,7.25,3.38,19.33,7.0,0 days 00:12:51.428571426,0.67,0.0,4.67,10.67,7.33,3.33,22.67,,,,,,
Sean Durzi,UTA,D,2,0 days 00:18:55.500000,0.0,1.59,3.17,4.76,6.34,6.34,0.0,,,,,,,,,,,,,,,
Parker Kelly,COL,C,9,0 days 00:11:26.888888886,0.58,0.58,5.24,13.39,3.49,2.33,9.32,7.0,0 days 00:11:23.571428574,0.75,0.75,6.77,10.53,1.5,1.5,9.03,,,,,,
Pius Suter,STL,C,8,0 days 00:16:16.375000001,1.38,0.46,6.45,3.23,2.3,1.84,18.9,,,,,,,,,,,,,,,
Zach Whitecloud,VGK,D,8,0 days 00:18:23.749999998,0.0,0.41,2.45,7.75,4.48,0.82,0.0,7.0,0 days 00:18:08.428571429,0.0,0.47,2.84,7.56,4.73,0.95,0.0,,,,,,
Kiefer Sherwood,VAN,L,9,0 days 00:16:35.888888886,1.61,0.0,5.62,16.47,2.01,3.21,1.61,7.0,0 days 00:17:33.857142857,1.46,0.0,5.37,14.64,1.95,1.95,1.46,,,,,,
Eric Robinson,CAR,L,7,0 days 00:09:57.142857144,2.58,0.86,7.75,7.75,0.86,0.0,0.0,6.0,0 days 00:09:55.333333332,2.02,1.01,7.05,7.05,1.01,0.0,0.0,,,,,,
Martin Fehérváry,WSH,D,9,0 days 00:19:14.444444442,0.35,1.04,5.2,5.89,5.89,1.39,0.0,7.0,0 days 00:19:24.285714288,0.0,1.33,4.86,5.3,4.86,1.77,0.0,,,,,,
Joel Farabee,CGY,L,9,0 days 00:18:11.444444442,0.0,0.73,6.96,5.5,2.2,0.73,1.47,7.0,0 days 00:17:54.285714288,0.0,0.48,8.62,4.79,2.39,0.96,1.44,9.0,0 days 00:03:34.333333331,1.87,,,
Philipp Kurashev,S.J,C,6,0 days 00:16:21.499999998,0.61,0.0,4.89,3.06,2.45,0.0,3.67,5.0,0 days 00:15:42.199999998,0.0,0.0,3.82,2.29,2.29,0.0,4.59,,,,,,
Quinn Hughes,VAN,D,9,0 days 00:26:37.555555554,0.25,1.5,4.51,0.25,1.5,0.0,0.0,7.0,0 days 00:26:56.142857142,0.32,1.59,5.41,0.32,1.27,0.0,0.0,9.0,0 days 00:04:56.555555556,6.74,7.0,0 days 00:04:59.428571430,8.59
Brady Tkachuk,OTT,L,3,0 days 00:16:37.000000002,0.0,3.61,12.04,12.04,0.0,4.81,9.63,,,,,,,,,,,,,,,
Ryan McLeod,BUF,C,9,0 days 00:18:20.777777778,0.73,1.45,3.63,0.73,2.18,0.0,22.17,7.0,0 days 00:18:13.857142860,0.94,1.88,3.76,0.94,1.88,0.0,23.51,,,,,,
Evan Bouchard,EDM,D,9,0 days 00:24:03,0.28,0.55,8.32,1.11,4.16,1.11,0.0,7.0,0 days 00:23:08.857142856,0.37,0.74,8.52,1.11,4.07,1.48,0.0,9.0,0 days 00:03:51.777777780,5.18,,,
Isac Lundestrom,CBJ,C,8,0 days 00:11:29.749999998,0.0,0.65,1.96,2.61,3.26,1.3,19.57,7.0,0 days 00:11:26.428571430,0.0,0.75,2.25,2.25,3.0,0.0,19.48,,,,,,
Mattias Samuelsson,BUF,D,7,0 days 00:20:35.714285712,0.83,1.25,3.33,4.99,7.49,1.66,0.0,5.0,0 days 00:21:39.199999998,1.11,1.11,3.88,3.88,7.2,2.22,0.0,,,,,,
Joe Veleno,MTL,C,5,0 days 00:10:23.400000,0.0,0.0,6.93,10.39,2.31,2.31,13.86,5.0,0 days 00:10:23.400000,0.0,0.0,6.93,10.39,2.31,2.31,13.86,,,,,,
K'Andre Miller,CAR,D,6,0 days 00:23:31.666666668,0.85,0.85,5.95,2.55,3.4,3.4,0.0,5.0,0 days 00:24:24.199999998,0.0,0.98,4.92,1.97,3.44,2.95,0.0,,,,,,
Michael Callahan,BOS,D,2,0 days 00:15:27.499999998,0.0,0.0,3.88,1.94,11.64,0.0,0.0,2.0,0 days 00:15:27.499999998,0.0,0.0,3.88,1.94,11.64,0.0,0.0,,,,,,
Jesperi Kotkaniemi,CAR,C,6,0 days 00:10:20.666666664,0.97,1.93,4.83,6.77,5.8,0.0,29.97,5.0,0 days 00:10:27.600000,1.15,1.15,5.74,6.88,5.74,0.0,30.98,,,,,,
Andrei Svechnikov,CAR,R,8,0 days 00:14:42.499999998,0.0,0.0,7.65,2.55,0.0,0.0,0.51,7.0,0 days 00:14:22.571428572,0.0,0.0,6.56,1.79,0.0,0.0,0.6,,,,,,
Alec Regula,EDM,D,2,0 days 00:15:53.500000002,0.0,0.0,5.66,0.0,3.78,0.0,0.0,,,,,,,,,,,,,,,
Ty Emberson,EDM,D,9,0 days 00:15:43.555555554,0.0,0.85,3.82,3.82,5.93,0.0,0.0,7.0,0 days 00:16:06.285714288,0.0,1.06,3.19,4.26,5.32,0.0,0.0,,,,,,
Jack Drury,COL,C,9,0 days 00:14:16.222222224,0.47,0.47,5.61,1.87,2.34,2.8,33.64,7.0,0 days 00:14:30.571428570,0.59,0.0,7.09,1.77,2.36,3.54,30.72,,,,,,
Rasmus Dahlin,BUF,D,9,0 days 00:24:33.333333336,0.0,1.9,6.24,2.44,2.17,2.17,0.0,7.0,0 days 00:24:05.571428574,0.0,2.49,6.76,1.07,2.49,2.85,0.0,9.0,0 days 00:03:35.111111112,7.44,,,
Filip Hallander,PIT,C,8,0 days 00:12:13.624999998,0.61,0.61,7.36,0.61,0.61,1.23,0.0,7.0,0 days 00:12:10.428571428,0.7,0.0,8.45,0.0,0.7,1.41,0.0,,,,,,
Ty Dellandrea,S.J,C,8,0 days 00:13:43.125000,0.0,1.64,2.19,11.48,2.73,1.09,27.88,7.0,0 days 00:13:22.714285716,0.0,1.28,1.28,10.89,2.56,1.28,26.91,,,,,,
Barrett Hayton,UTA,C,7,0 days 00:16:05.285714286,0.53,1.07,3.73,0.53,1.07,2.13,22.38,7.0,0 days 00:16:05.285714286,0.53,1.07,3.73,0.53,1.07,2.13,22.38,,,,,,
Jack McBain,UTA,C,9,0 days 00:14:05.111111112,0.47,0.0,8.52,9.94,3.31,7.1,15.15,7.0,0 days 00:13:13.857142860,0.0,0.0,7.13,11.01,2.59,7.13,16.84,,,,,,
Kevin Bahl,CGY,D,9,0 days 00:20:31.555555554,0.0,0.65,2.27,2.27,4.22,2.6,0.0,7.0,0 days 00:20:34.000000002,0.0,0.83,2.08,2.08,5.42,3.33,0.0,,,,,,
Noah Dobson,MTL,D,10,0 days 00:22:37.999999998,0.27,1.06,4.24,0.8,5.83,1.59,0.0,7.0,0 days 00:22:51.428571426,0.38,1.13,4.13,1.13,6.75,0.75,0.0,,,,,,
Adam Boqvist,NYI,D,3,0 days 00:13:36.333333336,0.0,0.0,1.47,0.0,4.41,0.0,0.0,3.0,0 days 00:13:36.333333336,0.0,0.0,1.47,0.0,4.41,0.0,0.0,,,,,,
Rasmus Sandin,WSH,D,7,0 days 00:19:23.857142856,0.0,0.88,1.77,7.07,4.42,0.0,0.0,5.0,0 days 00:19:37.999999998,0.0,1.22,1.22,6.11,4.28,0.0,0.0,,,,,,
Adam Ginning,PHI,D,5,0 days 00:15:20.400000,0.0,0.0,1.56,3.13,3.91,0.0,0.0,4.0,0 days 00:14:50.250000,0.0,0.0,0.0,2.02,4.04,0.0,0.0,,,,,,
Curtis Douglas,T.B,C,7,0 days 00:05:28.857142860,0.0,0.0,6.26,10.95,3.13,18.77,1.56,6.0,0 days 00:05:32.166666666,0.0,0.0,5.42,9.03,3.61,12.64,1.81,,,,,,
Nils Lundkvist,DAL,D,4,0 days 00:15:59.749999998,0.94,1.88,1.88,2.81,4.69,1.88,0.0,3.0,0 days 00:15:44.666666664,0.0,1.27,0.0,2.54,5.08,2.54,0.0,,,,,,
Jacob Bernard-Docker,DET,D,8,0 days 00:12:37.500000,0.0,0.59,5.94,2.38,2.38,1.19,0.0,7.0,0 days 00:12:57.714285714,0.0,0.66,5.29,2.65,2.65,1.32,0.0,,,,,,
Jordan Harris,BOS,D,5,0 days 00:15:37.800000,0.77,0.77,6.91,3.07,2.3,0.0,0.0,4.0,0 days 00:15:25.999999998,0.97,0.0,8.75,1.94,1.94,0.0,0.0,,,,,,
Kirill Marchenko,CBJ,R,8,0 days 00:19:03,1.97,1.18,12.6,3.15,2.36,1.57,0.0,7.0,0 days 00:19:19.142857140,2.22,1.33,10.65,3.55,1.77,1.77,0.0,,,,,,
Ilya Lyubushkin,DAL,D,6,0 days 00:15:45.166666668,0.0,0.63,2.54,6.35,5.08,5.08,0.0,5.0,0 days 00:16:27.400000002,0.0,0.73,2.19,5.83,4.38,4.38,0.0,,,,,,
Connor Dewar,PIT,C,9,0 days 00:13:09.777777780,1.52,0.51,7.6,9.62,2.53,0.0,0.51,7.0,0 days 00:12:58.571428572,1.98,0.0,8.59,8.59,1.32,0.0,0.0,,,,,,
Declan Chisholm,WSH,D,3,0 days 00:14:53.333333334,0.0,1.34,1.34,1.34,2.69,0.0,0.0,3.0,0 days 00:14:53.333333334,0.0,1.34,1.34,1.34,2.69,0.0,0.0,,,,,,
Pontus Holmberg,T.B,R,8,0 days 00:12:33.250000002,0.6,1.19,4.18,7.77,2.39,4.78,3.58,7.0,0 days 00:12:39.142857144,0.68,1.35,4.74,7.45,2.03,4.06,2.71,,,,,,
Tyler Tucker,STL,D,8,0 days 00:12:39.750000,0.59,1.18,5.33,6.52,4.15,8.29,0.0,7.0,0 days 00:12:16.000000002,0.7,1.4,3.49,6.99,3.49,9.78,0.0,,,,,,
Jonatan Berggren,DET,R,5,0 days 00:12:12.600000,1.97,1.97,9.83,4.91,0.0,1.97,0.0,4.0,0 days 00:13:04.000000002,2.3,2.3,11.48,4.59,0.0,0.0,0.0,,,,,,
Alexander Romanov,NYI,D,4,0 days 00:18:12,0.0,0.0,3.3,12.36,9.89,3.3,0.0,3.0,0 days 00:17:28.000000002,0.0,0.0,4.58,11.45,11.45,2.29,0.0,,,,,,
Linus Karlsson,VAN,C,6,0 days 00:09:47.833333332,0.0,2.04,6.12,8.17,2.04,2.04,1.02,6.0,0 days 00:09:47.833333332,0.0,2.04,6.12,8.17,2.04,2.04,1.02,,,,,,
Paul Cotter,N.J,L,8,0 days 00:11:31.125000,0.65,0.0,7.81,14.32,1.95,2.6,1.3,7.0,0 days 00:11:27.857142858,0.75,0.0,8.22,14.21,1.5,0.0,1.5,,,,,,
Cole Koepke,WPG,L,8,0 days 00:09:30.250000002,0.0,0.79,3.16,16.57,2.37,9.47,0.0,7.0,0 days 00:09:49.142857140,0.0,0.87,2.62,13.09,2.62,10.48,0.0,,,,,,
Spencer Stastney,NSH,D,9,0 days 00:15:05.888888886,0.0,1.32,2.65,0.44,3.97,0.0,0.0,7.0,0 days 00:15:21.428571426,0.0,1.67,3.35,0.56,3.91,0.0,0.0,,,,,,
Yegor Sharangovich,CGY,C,7,0 days 00:14:44.857142856,0.0,0.58,5.81,1.74,2.32,0.0,0.0,5.0,0 days 00:14:47.200000002,0.0,0.0,7.3,1.62,2.43,0.0,0.0,,,,,,
Simon Benoit,TOR,D,9,0 days 00:17:30.111111114,0.0,0.38,1.9,8.76,3.43,4.95,0.0,7.0,0 days 00:17:47.571428574,0.0,0.48,2.41,7.71,3.37,6.26,0.0,,,,,,
Jake Christiansen,CBJ,D,4,0 days 00:09:28.999999998,0.0,0.0,4.75,6.33,0.0,0.0,0.0,4.0,0 days 00:09:28.999999998,0.0,0.0,4.75,6.33,0.0,0.0,0.0,,,,,,
Brayden Pachal,CGY,D,4,0 days 00:12:49.000000002,0.0,0.0,3.51,11.7,1.17,4.68,0.0,,,,,,,,,,,,,,,
Egor Zamula,PHI,D,5,0 days 00:14:02.800000002,0.0,0.85,1.71,0.0,5.98,1.71,0.0,4.0,0 days 00:13:50.500000002,0.0,1.08,1.08,0.0,5.42,2.17,0.0,,,,,,
Kyle MacLean,NYI,C,4,0 days 00:09:20.250000,0.0,0.0,6.43,9.64,0.0,27.31,3.21,4.0,0 days 00:09:20.250000,0.0,0.0,6.43,9.64,0.0,27.31,3.21,,,,,,
Blake Lizotte,PIT,C,9,0 days 00:14:09.777777780,0.47,0.0,4.24,3.29,1.41,0.0,17.42,7.0,0 days 00:13:54.428571426,0.0,0.0,2.47,4.31,0.62,0.0,19.72,,,,,,
Noah Philp,EDM,C,6,0 days 00:11:20.666666664,1.76,0.88,5.29,7.93,0.88,1.76,21.16,4.0,0 days 00:11:34.500000,1.3,1.3,2.59,7.78,0.0,0.0,16.85,,,,,,
Peyton Krebs,BUF,C,9,0 days 00:13:02.888888886,0.0,1.53,5.62,10.73,1.53,4.09,11.75,7.0,0 days 00:13:02.857142856,0.0,1.97,5.26,10.51,1.97,5.26,13.14,,,,,,
Kirby Dach,MTL,C,7,0 days 00:13:30.571428570,0.63,0.63,5.71,5.08,5.08,0.0,12.05,4.0,0 days 00:13:36.250000002,1.1,0.0,7.72,5.51,5.51,0.0,12.13,,,,,,
Bowen Byram,BUF,D,9,0 days 00:23:08.333333334,0.29,0.86,2.88,2.3,3.17,1.15,0.0,7.0,0 days 00:22:40.714285716,0.38,1.13,3.4,1.51,3.78,1.51,0.0,,,,,,
Matthew Robertson,NYR,D,6,0 days 00:17:34.833333336,0.57,0.0,3.41,3.41,2.28,1.14,0.0,6.0,0 days 00:17:34.833333336,0.57,0.0,3.41,3.41,2.28,1.14,0.0,,,,,,
Kaedan Korczak,VGK,D,8,0 days 00:16:15.124999998,0.46,0.46,5.08,8.31,6.92,2.77,0.0,7.0,0 days 00:16:30.857142858,0.52,0.52,5.19,8.3,7.27,2.08,0.0,,,,,,
Dylan Cozens,OTT,C,9,0 days 00:17:28.111111110,2.29,1.14,9.92,11.45,1.91,0.76,18.7,7.0,0 days 00:17:45,2.41,1.45,9.66,10.62,1.93,0.0,17.87,9.0,0 days 00:03:31.111111110,11.37,,,
Alex Turcotte,L.A,C,9,0 days 00:08:53.444444442,0.0,1.5,6.0,0.75,2.25,5.25,24.0,7.0,0 days 00:09:23.428571430,0.0,0.91,6.39,0.91,0.91,1.83,23.73,,,,,,
Trevor Zegras,PHI,C,8,0 days 00:16:47.500000002,0.89,2.68,4.91,2.23,0.89,2.68,6.7,7.0,0 days 00:16:54.714285714,1.01,3.04,5.58,2.53,1.01,2.03,4.56,,,,,,
Cole Caufield,MTL,R,10,0 days 00:18:24.100000002,2.28,0.98,8.48,4.24,0.98,0.65,0.0,7.0,0 days 00:18:27.142857144,2.79,0.46,7.43,4.18,1.39,0.93,0.0,10.0,0 days 00:03:05.800000002,5.81,,,
Moritz Seider,DET,D,9,0 days 00:25:06.222222222,0.0,0.53,5.58,5.58,3.72,1.06,0.0,7.0,0 days 00:25:00.285714288,0.0,0.34,5.14,5.83,3.77,0.69,0.0,9.0,0 days 00:03:41.777777778,3.61,,,
Cam York,PHI,D,5,0 days 00:24:43.800000,0.0,1.94,0.97,0.0,4.85,0.97,0.0,5.0,0 days 00:24:43.800000,0.0,1.94,0.97,0.0,4.85,0.97,0.0,,,,,,
Bobby Brink,PHI,R,8,0 days 00:16:32.125000002,0.91,1.36,5.9,3.63,0.91,0.91,0.0,7.0,0 days 00:16:36.857142858,1.03,1.55,6.71,4.13,0.52,1.03,0.0,,,,,,
John Beecher,BOS,C,3,0 days 00:12:31.000000002,1.6,0.0,7.99,6.39,4.79,0.0,0.0,3.0,0 days 00:12:31.000000002,1.6,0.0,7.99,6.39,4.79,0.0,0.0,,,,,,
Matt Boldy,MIN,L,9,0 days 00:22:10.555555554,1.5,1.8,11.12,1.5,0.9,1.2,1.8,7.0,0 days 00:22:28.142857140,1.14,0.76,11.83,1.91,0.76,1.53,1.53,9.0,0 days 00:05:02.666666664,7.93,7.0,0 days 00:05:03.571428570,3.39
Jack Hughes,N.J,C,8,0 days 00:20:12,2.23,1.49,12.62,0.37,1.86,0.0,7.05,7.0,0 days 00:19:57.428571426,2.58,1.29,14.17,0.43,2.15,0.0,7.73,,,,,,
Drew Helleson,ANA,D,8,0 days 00:18:53.625000,0.79,0.79,4.76,1.98,2.78,0.0,0.0,7.0,0 days 00:18:52.857142860,0.91,0.91,4.54,1.82,3.18,0.0,0.0,,,,,,
Alex Vlasic,CHI,D,7,0 days 00:22:21.571428570,0.0,0.77,0.77,2.68,5.37,0.0,0.0,7.0,0 days 00:22:21.571428570,0.0,0.77,0.77,2.68,5.37,0.0,0.0,,,,,,
Philip Tomasino,PIT,R,4,0 days 00:12:07.000000002,0.0,0.0,6.19,6.19,7.43,0.0,1.24,3.0,0 days 00:11:37.000000002,0.0,0.0,5.16,8.61,10.33,0.0,1.72,,,,,,
Connor McMichael,WSH,C,9,0 days 00:15:07.777777775,0.44,0.88,8.81,1.76,1.32,1.76,17.63,7.0,0 days 00:14:56.285714286,0.57,1.15,8.61,1.15,1.15,2.3,20.08,,,,,,
Thomas Harley,DAL,D,8,0 days 00:22:50.875000002,0.33,1.97,2.3,1.31,8.53,1.97,0.0,7.0,0 days 00:22:59.285714286,0.37,1.49,2.61,1.49,7.83,1.49,0.0,,,,,,
Nicholas Robertson,TOR,L,8,0 days 00:11:30,0.65,0.65,10.43,7.17,0.0,0.0,0.0,6.0,0 days 00:11:23.166666666,0.88,0.88,9.66,6.15,0.0,0.0,0.0,,,,,,
Jayden Struble,MTL,D,6,0 days 00:14:58.000000002,0.0,1.34,1.34,4.01,2.67,0.0,0.0,6.0,0 days 00:14:58.000000002,0.0,1.34,1.34,4.01,2.67,0.0,0.0,,,,,,
Shane Pinto,OTT,C,9,0 days 00:18:55.555555554,2.82,0.35,10.57,1.76,2.11,2.82,21.14,7.0,0 days 00:19:13.999999998,1.78,0.0,10.25,2.23,2.23,3.57,21.39,,,,,,
Philip Broberg,STL,D,8,0 days 00:21:45.375000,0.34,0.34,2.76,0.69,1.03,0.69,0.0,7.0,0 days 00:21:49.285714284,0.39,0.39,2.36,0.39,0.79,0.79,0.0,,,,,,
Simon Holmstrom,NYI,R,8,0 days 00:13:17.374999998,1.13,1.69,5.08,1.13,5.64,1.13,0.56,7.0,0 days 00:13:29.857142856,1.27,1.27,5.72,1.27,6.35,0.0,0.64,,,,,,
Pavel Dorofeyev,VGK,R,8,0 days 00:17:25.500000,3.01,0.43,9.47,1.29,2.15,1.72,0.0,7.0,0 days 00:17:01.428571428,2.01,0.5,8.56,1.51,2.01,2.01,0.0,8.0,0 days 00:04:05.250000,9.17,,,
Jackson LaCombe,ANA,D,8,0 days 00:25:11.500000002,0.0,0.6,5.06,2.38,4.76,0.6,0.0,7.0,0 days 00:25:12.142857144,0.0,0.68,5.1,2.04,5.44,0.68,0.0,8.0,0 days 00:04:04.125000,1.84,7.0,0 days 00:04:28.142857140,1.92
Jordan Spence,OTT,D,4,0 days 00:18:26.250000,0.0,3.25,6.51,5.69,2.44,0.0,0.0,4.0,0 days 00:18:26.250000,0.0,3.25,6.51,5.69,2.44,0.0,0.0,,,,,,
Albert Johansson,DET,D,9,0 days 00:14:59.666666664,0.0,0.89,4.45,4.45,5.34,0.0,0.0,7.0,0 days 00:15:13.714285716,0.0,0.56,3.94,3.94,5.07,0.0,0.0,,,,,,
Vasily Podkolzin,EDM,R,9,0 days 00:13:35.444444442,0.49,1.47,4.91,14.72,3.43,0.0,0.0,7.0,0 days 00:14:07.999999998,0.61,1.21,3.64,13.34,4.25,0.0,0.0,,,,,,
Alex Newhook,MTL,C,10,0 days 00:15:05.800000002,1.19,1.59,4.37,5.56,1.59,1.59,9.94,7.0,0 days 00:15:13.999999998,1.69,1.69,5.06,5.06,2.25,1.13,8.44,,,,,,
Ilya Mikheyev,CHI,R,8,0 days 00:18:31.249999998,1.21,0.4,7.29,2.43,1.62,0.0,0.0,7.0,0 days 00:18:43.285714284,1.37,0.46,7.78,2.75,1.37,0.0,0.0,,,,,,
Joel Kiviranta,COL,L,5,0 days 00:10:46.600000002,0.0,0.0,3.34,10.02,2.23,0.0,2.23,3.0,0 days 00:10:29.333333334,0.0,0.0,0.0,13.35,3.81,0.0,1.91,,,,,,
Aliaksei Protas,WSH,C,9,0 days 00:18:36,1.43,1.79,6.81,1.08,1.79,0.0,0.36,7.0,0 days 00:18:24,0.93,1.4,5.12,1.4,2.33,0.0,0.47,,,,,,
Juuso Parssinen,NYR,C,5,0 days 00:08:12.799999998,2.92,1.46,5.84,8.77,4.38,2.92,5.84,5.0,0 days 00:08:12.799999998,2.92,1.46,5.84,8.77,4.38,2.92,5.84,,,,,,
Matias Maccelli,TOR,L,9,0 days 00:14:05.666666664,0.95,0.47,3.78,0.47,1.42,0.0,0.95,7.0,0 days 00:13:46.999999998,1.24,0.0,4.97,0.0,1.24,0.0,0.62,,,,,,
Dmitri Voronkov,CBJ,L,8,0 days 00:15:55.750000002,2.35,1.88,8.0,8.95,0.47,4.71,0.47,7.0,0 days 00:16:00.714285714,2.14,2.14,8.03,9.1,0.54,5.35,0.54,,,,,,
Max Crozier,T.B,D,4,0 days 00:13:06.750000,0.0,3.43,4.58,6.86,2.29,2.29,0.0,3.0,0 days 00:11:31.666666668,0.0,5.2,1.73,3.47,3.47,3.47,0.0,,,,,,
Arseny Gritsyuk,N.J,R,8,0 days 00:12:59.250000,0.58,2.31,8.08,5.2,0.58,1.15,0.0,7.0,0 days 00:13:25.999999998,0.64,2.55,8.93,5.1,0.64,1.28,0.0,,,,,,
Elmer Soderblom,DET,L,4,0 days 00:09:38.500000002,0.0,0.0,1.56,10.89,0.0,0.0,0.0,,,,,,,,,,,,,,,
Adam Edstrom,NYR,C,9,0 days 00:10:22.000000002,0.0,1.29,4.5,12.86,1.93,0.0,0.0,7.0,0 days 00:10:43.000000002,0.0,1.6,4.0,11.2,2.4,0.0,0.0,,,,,,
Nikita Nesterenko,ANA,C,6,0 days 00:12:36.499999998,0.0,3.17,3.97,11.1,2.38,0.0,1.59,6.0,0 days 00:12:36.499999998,0.0,3.17,3.97,11.1,2.38,0.0,1.59,,,,,,
Tye Kartye,SEA,L,9,0 days 00:11:47.222222220,0.57,0.57,3.39,15.27,2.26,0.0,0.0,7.0,0 days 00:11:34.857142860,0.74,0.74,4.44,13.32,2.96,0.0,0.0,,,,,,
Louis Crevier,CHI,D,7,0 days 00:11:49.857142860,0.72,0.72,5.07,5.8,2.9,15.21,0.0,7.0,0 days 00:11:49.857142860,0.72,0.72,5.07,5.8,2.9,15.21,0.0,,,,,,
Drew O'Connor,VAN,L,9,0 days 00:13:30.444444444,0.0,0.49,5.43,1.48,2.47,2.96,3.45,7.0,0 days 00:13:28.000000002,0.0,0.0,6.36,1.27,3.18,2.55,1.27,,,,,,
Cole Smith,NSH,R,9,0 days 00:14:34.777777776,1.37,0.0,5.94,10.06,1.37,2.74,0.0,7.0,0 days 00:14:45.428571426,1.74,0.0,6.39,12.2,1.74,3.48,0.0,,,,,,
Mitchell Chaffee,T.B,R,7,0 days 00:09:29.428571430,0.0,0.0,7.23,17.16,1.81,3.61,0.9,6.0,0 days 00:08:50.333333334,0.0,0.0,7.92,10.18,2.26,0.0,1.13,,,,,,
Braden Schneider,NYR,D,9,0 days 00:18:04.666666668,0.0,0.74,4.79,8.48,4.79,0.74,0.0,7.0,0 days 00:17:58.142857140,0.0,0.48,4.29,8.11,5.72,0.0,0.0,,,,,,
Connor Zary,CGY,C,9,0 days 00:13:04.111111110,0.51,0.0,5.61,2.55,1.53,2.04,11.22,7.0,0 days 00:12:49.428571428,0.0,0.0,4.68,3.34,1.34,2.67,14.7,,,,,,
Dylan Holloway,STL,L,8,0 days 00:19:09.874999998,0.39,0.78,6.26,8.61,1.57,0.78,0.78,7.0,0 days 00:19:20.142857142,0.44,0.89,5.76,7.98,1.77,0.89,0.89,,,,,,
Lucas Raymond,DET,L,7,0 days 00:17:03.714285714,1.0,2.01,3.52,1.0,1.51,0.0,0.5,5.0,0 days 00:16:10.600000002,0.0,2.97,2.23,0.74,1.48,0.0,0.0,,,,,,
Marco Rossi,MIN,C,8,0 days 00:17:57.874999998,0.42,2.09,5.84,1.25,2.09,0.0,22.96,6.0,0 days 00:17:58.999999998,0.0,1.67,5.0,1.11,1.67,0.0,24.47,,,,,,
Kaiden Guhle,MTL,D,5,0 days 00:19:14.400000,0.62,0.62,4.37,9.98,3.12,4.37,0.0,2.0,0 days 00:19:07.000000002,0.0,1.57,4.71,9.42,0.0,0.0,0.0,,,,,,
Justin Sourdif,WSH,R,9,0 days 00:11:55.222222224,0.56,0.0,5.59,10.07,2.24,2.24,6.71,7.0,0 days 00:11:57.428571426,0.72,0.0,5.02,10.75,2.87,2.87,8.6,,,,,,
Jake Neighbours,STL,L,8,0 days 00:14:37.000000002,3.08,0.51,6.16,10.26,2.57,2.05,0.51,7.0,0 days 00:14:40.285714284,3.51,0.58,7.01,9.93,2.92,2.34,0.58,,,,,,
Ridly Greig,OTT,C,9,0 days 00:17:12,0.39,0.78,4.65,4.26,2.71,2.33,11.24,7.0,0 days 00:17:25.999999998,0.49,0.49,3.93,4.92,3.44,1.97,12.78,,,,,,
Seth Jarvis,CAR,C,8,0 days 00:19:57.124999998,2.63,1.5,11.65,2.26,1.5,0.75,2.63,7.0,0 days 00:19:46.428571428,2.17,1.73,12.14,1.73,1.73,0.87,2.6,8.0,0 days 00:03:53.125000002,1.93,,,
Tyler Kleven,OTT,D,7,0 days 00:15:30.428571425,0.0,0.0,4.97,6.63,4.42,2.21,0.0,7.0,0 days 00:15:30.428571425,0.0,0.0,4.97,6.63,4.42,2.21,0.0,,,,,,
Jack Quinn,BUF,R,9,0 days 00:14:58.777777776,1.34,1.34,7.12,0.89,1.34,0.0,0.0,7.0,0 days 00:14:35.571428574,1.76,1.76,8.22,1.17,1.17,0.0,0.0,,,,,,
Alexander Nikishin,CAR,D,8,0 days 00:18:06.874999998,0.41,1.24,4.97,8.69,4.97,2.48,0.0,7.0,0 days 00:18:28.714285716,0.46,0.93,5.1,8.35,4.64,2.78,0.0,,,,,,
Ozzy Wiesblatt,NSH,C,6,0 days 00:10:32.166666666,0.0,1.9,6.64,14.24,2.85,6.64,0.0,6.0,0 days 00:10:32.166666666,0.0,1.9,6.64,14.24,2.85,6.64,0.0,,,,,,
Jake Sanderson,OTT,D,9,0 days 00:23:41.333333334,0.28,1.41,4.78,1.13,3.94,0.0,0.0,7.0,0 days 00:23:56.714285712,0.36,1.07,3.94,0.72,3.94,0.0,0.0,9.0,0 days 00:03:33.333333336,5.63,,,
Alexis Lafrenière,NYR,L,9,0 days 00:18:23.555555556,0.36,0.72,8.7,5.44,2.17,1.45,0.0,7.0,0 days 00:19:05.571428574,0.0,0.45,5.84,4.94,2.69,1.8,0.0,9.0,0 days 00:03:32.555555556,1.88,,,
Dawson Mercer,N.J,C,8,0 days 00:18:34.375000002,1.21,2.02,6.06,2.02,4.04,1.62,6.06,7.0,0 days 00:18:42.857142858,1.37,2.29,5.95,1.83,4.58,1.83,6.87,,,,,,
Justin Barron,NSH,D,9,0 days 00:15:14.333333334,0.0,0.87,1.75,2.62,5.69,0.87,0.0,7.0,0 days 00:15:39.428571426,0.0,1.09,2.19,2.19,6.02,1.09,0.0,,,,,,
Anton Lundell,FLA,C,10,0 days 00:18:22.200000,0.65,1.63,7.19,2.61,2.61,1.31,29.4,7.0,0 days 00:18:34.999999998,0.0,1.84,6.0,2.77,2.77,1.84,28.6,,,,,,
Tim Stützle,OTT,C,9,0 days 00:19:51.555555558,0.67,1.68,8.73,4.03,1.68,1.34,18.13,7.0,0 days 00:20:07.285714284,0.85,1.7,8.95,3.41,1.7,1.7,17.47,9.0,0 days 00:03:47.777777778,3.51,,,
Lukas Reichel,"CHI, VAN",L,6,0 days 00:10:52.166666664,1.84,1.84,6.44,0.92,2.76,1.84,3.68,6.0,0 days 00:10:52.166666664,1.84,1.84,6.44,0.92,2.76,1.84,3.68,,,,,,
Sam Colangelo,ANA,R,5,0 days 00:10:27.199999998,1.15,0.0,2.3,8.04,1.15,2.3,1.15,4.0,0 days 00:10:30,1.43,0.0,2.86,10.0,1.43,2.86,1.43,,,,,,
Brock Faber,MIN,D,9,0 days 00:22:43.666666668,0.0,0.0,5.28,0.88,4.4,0.0,0.0,7.0,0 days 00:23:07.285714284,0.0,0.0,4.82,0.74,4.82,0.0,0.0,,,,,,
Quinton Byfield,L.A,R,9,0 days 00:19:38.222222220,0.68,2.04,7.81,4.75,1.36,2.72,24.44,7.0,0 days 00:19:50.714285712,0.43,2.16,6.91,4.32,1.3,2.59,26.35,,,,,,
Alexander Holtz,VGK,R,3,0 days 00:11:46.666666668,0.0,0.0,8.49,0.0,3.4,0.0,0.0,3.0,0 days 00:11:46.666666668,0.0,0.0,8.49,0.0,3.4,0.0,0.0,,,,,,
Donovan Sebrango,OTT,D,2,0 days 00:15:13.500000,0.0,0.0,1.97,1.97,0.0,9.85,0.0,,,,,,,,,,,,,,,
Jamie Drysdale,PHI,D,8,0 days 00:22:17.875000002,0.0,1.01,2.35,1.01,4.04,1.35,0.0,7.0,0 days 00:22:12.714285714,0.0,1.16,2.7,0.77,4.24,1.54,0.0,,,,,,
Mavrik Bourque,DAL,C,8,0 days 00:14:16.999999998,0.53,0.53,7.35,2.1,2.63,1.05,0.0,7.0,0 days 00:14:38.285714286,0.59,0.59,7.61,2.34,2.34,1.17,0.0,,,,,,
Luke Evangelista,NSH,R,8,0 days 00:13:37.999999998,0.0,1.65,7.15,0.55,1.65,1.1,0.0,7.0,0 days 00:13:39.428571426,0.0,1.26,6.9,0.0,1.88,1.26,0.0,,,,,,
Hendrix Lapierre,WSH,C,8,0 days 00:10:36,0.0,1.42,5.66,7.78,1.42,1.42,8.49,6.0,0 days 00:10:47.166666666,0.0,1.85,7.42,6.49,0.93,1.85,10.2,,,,,,
Alex Laferriere,L.A,R,9,0 days 00:15:09.333333336,0.44,0.44,7.48,10.56,2.64,1.76,7.92,7.0,0 days 00:14:38.571428574,0.59,0.59,8.78,9.37,2.93,1.17,9.95,,,,,,
Will Cuylle,NYR,L,9,0 days 00:17:38.444444442,0.38,0.0,7.94,13.6,2.27,3.78,1.51,7.0,0 days 00:17:33.714285714,0.49,0.0,8.79,12.69,1.46,2.93,1.46,,,,,,
Tyson Foerster,PHI,R,8,0 days 00:18:12.250000002,1.24,1.24,5.77,2.88,0.82,0.82,0.41,7.0,0 days 00:18:20.428571430,1.4,0.93,5.61,3.27,0.93,0.0,0.47,,,,,,
JJ Peterka,UTA,R,9,0 days 00:16:03,1.25,2.08,6.65,0.42,1.25,0.83,0.42,7.0,0 days 00:15:55.571428572,1.61,2.15,7.0,0.54,1.61,1.08,0.54,,,,,,
Wyatt Kaiser,CHI,D,8,0 days 00:19:59.125000002,0.0,0.75,3.38,3.75,2.25,2.25,0.0,7.0,0 days 00:20:28.428571428,0.0,0.84,2.93,2.51,2.09,2.51,0.0,,,,,,
Marat Khusnutdinov,BOS,C,5,0 days 00:10:39.199999998,0.0,1.13,7.88,1.13,0.0,2.25,0.0,,,,,,,,,,,,,,,
Gage Goncalves,T.B,C,8,0 days 00:12:22.624999998,0.0,1.82,1.82,5.45,3.64,1.21,0.0,7.0,0 days 00:12:26.428571430,0.0,2.07,2.07,3.44,3.44,1.38,0.0,,,,,,
Artem Zub,OTT,D,9,0 days 00:18:41.888888886,0.36,1.78,6.06,4.64,4.99,2.14,0.0,7.0,0 days 00:18:05.142857142,0.0,1.42,4.74,3.79,4.74,1.9,0.0,,,,,,
Bobby McMann,TOR,C,9,0 days 00:15:48.111111114,0.84,0.42,5.06,13.92,2.11,1.69,0.84,7.0,0 days 00:15:40.571428572,0.55,0.55,6.01,13.12,1.09,1.09,1.09,,,,,,
Jeff Malott,L.A,L,8,0 days 00:07:51.499999998,0.95,0.0,4.77,24.81,1.91,18.13,0.95,6.0,0 days 00:08:19.666666668,0.0,0.0,4.8,24.02,2.4,14.41,1.2,,,,,,
Matt Rempe,NYR,C,9,0 days 00:09:48.444444444,0.68,0.0,5.44,20.39,1.36,4.76,1.36,7.0,0 days 00:09:54.142857144,0.87,0.0,6.06,19.91,0.87,6.06,1.73,,,,,,
Ilya Solovyov,COL,D,7,0 days 00:11:55.285714284,0.0,0.0,5.75,5.75,6.47,1.44,0.0,7.0,0 days 00:11:55.285714284,0.0,0.0,5.75,5.75,6.47,1.44,0.0,,,,,,
Yegor Chinakhov,CBJ,R,5,0 days 00:09:06.400000002,1.32,1.32,13.18,3.95,2.64,0.0,0.0,5.0,0 days 00:09:06.400000002,1.32,1.32,13.18,3.95,2.64,0.0,0.0,,,,,,
Emil Heineman,NYI,L,8,0 days 00:14:16.999999998,2.63,0.53,6.83,18.38,1.58,3.15,1.05,7.0,0 days 00:14:26.285714286,2.97,0.59,7.72,19.59,1.19,3.56,0.59,,,,,,
Adam Wilsby,NSH,D,9,0 days 00:18:54,0.0,0.71,3.17,1.41,2.47,2.82,0.0,7.0,0 days 00:19:13.999999998,0.0,0.89,3.57,0.89,2.67,2.67,0.0,,,,,,
Mason Lohrei,BOS,D,10,0 days 00:18:01.900000002,0.33,1.66,2.66,1.66,4.66,0.0,0.0,7.0,0 days 00:18:01.571428572,0.48,2.38,2.85,2.38,4.28,0.0,0.0,,,,,,
J.J. Moser,T.B,D,6,0 days 00:21:58.333333332,0.46,0.46,4.1,3.64,1.82,0.91,0.0,6.0,0 days 00:21:58.333333332,0.46,0.46,4.1,3.64,1.82,0.91,0.0,,,,,,
Josh Doan,BUF,R,9,0 days 00:15:04.555555554,0.88,1.77,10.61,4.42,0.44,0.88,0.88,7.0,0 days 00:15:19.999999998,1.12,2.24,10.62,4.47,0.56,1.12,1.12,,,,,,
Kent Johnson,CBJ,C,8,0 days 00:15:19.375000002,0.98,0.98,7.83,0.49,1.96,0.0,0.0,7.0,0 days 00:15:26.571428574,1.11,1.11,7.22,0.0,2.22,0.0,0.0,,,,,,
Matty Beniers,SEA,C,9,0 days 00:19:39.666666666,0.34,1.7,5.43,1.7,2.71,0.68,20.68,7.0,0 days 00:19:59.142857142,0.0,1.29,5.15,1.72,2.57,0.86,18.44,,,,,,
William Eklund,S.J,L,8,0 days 00:18:35.250000,0.81,1.61,8.88,2.42,2.82,0.0,0.0,7.0,0 days 00:18:45,0.91,1.37,9.6,2.29,3.2,0.0,0.0,,,,,,
Owen Power,BUF,D,8,0 days 00:22:13.375000002,0.34,0.67,4.39,2.36,2.02,0.67,0.0,7.0,0 days 00:22:14.285714286,0.39,0.77,4.24,2.31,1.93,0.0,0.0,,,,,,
Matt Coronato,CGY,R,9,0 days 00:17:24.777777780,0.77,0.38,7.66,0.38,1.15,2.3,0.77,7.0,0 days 00:17:19.999999998,0.99,0.0,8.9,0.0,1.48,1.98,0.99,9.0,0 days 00:04:33.666666666,1.46,7.0,0 days 00:04:20.571428574,1.97
Luke Hughes,N.J,D,8,0 days 00:20:09.625000002,0.0,1.86,6.7,1.86,1.86,4.46,0.0,7.0,0 days 00:20:04.428571428,0.0,1.28,6.83,1.28,1.71,4.27,0.0,,,,,,
Aatu Raty,VAN,C,7,0 days 00:12:47.428571430,0.0,0.67,2.01,15.41,0.0,2.68,32.84,5.0,0 days 00:13:27.400000002,0.0,0.89,1.78,16.94,0.0,3.57,30.32,,,,,,
Dylan Guenther,UTA,R,9,0 days 00:18:20.777777778,1.45,2.18,11.99,3.63,1.45,2.18,1.45,7.0,0 days 00:17:20.714285712,0.99,2.47,10.87,4.45,0.49,2.96,0.99,9.0,0 days 00:04:02.555555556,4.95,,,
Logan Stankoven,CAR,C,8,0 days 00:16:14.500000002,0.92,0.92,8.31,0.92,1.39,1.85,24.47,7.0,0 days 00:16:24.714285714,1.04,1.04,8.36,1.04,1.57,2.09,24.55,,,,,,
Colton Dach,CHI,C,8,0 days 00:13:34.999999998,0.0,1.1,5.52,20.43,1.66,1.1,2.76,7.0,0 days 00:13:35.857142856,0.0,1.26,5.67,20.8,1.89,1.26,3.15,,,,,,
Cole Sillinger,CBJ,C,8,0 days 00:14:52.249999998,0.0,1.01,6.56,4.03,0.5,4.03,2.02,7.0,0 days 00:14:59.571428574,0.0,1.14,6.86,3.43,0.57,4.57,2.29,,,,,,
Mackie Samoskevich,FLA,R,10,0 days 00:14:40.200000,0.82,1.64,10.63,8.18,0.82,2.45,0.0,7.0,0 days 00:15:17.428571430,0.56,1.12,10.65,6.73,1.12,2.24,0.0,,,,,,
Matthew Knies,TOR,L,9,0 days 00:20:39.111111114,0.65,2.58,6.78,7.75,2.26,1.94,0.0,7.0,0 days 00:20:43.285714284,0.83,2.9,6.62,5.79,2.48,1.65,0.0,,,,,,
Brandt Clarke,L.A,D,9,0 days 00:16:56.333333334,0.39,1.18,5.9,1.97,5.9,0.79,0.0,7.0,0 days 00:16:52.000000002,0.0,1.52,6.61,2.03,6.1,0.0,0.0,,,,,,
Logan Mailloux,STL,D,5,0 days 00:12:24.400000002,0.0,0.0,1.93,8.7,1.93,0.0,0.0,4.0,0 days 00:11:57.499999998,0.0,0.0,2.51,7.53,2.51,0.0,0.0,,,,,,
Zack Bolduc,MTL,R,10,0 days 00:13:19.399999998,1.8,0.9,9.01,6.3,1.35,1.8,1.8,7.0,0 days 00:12:35.142857142,0.68,0.68,6.81,6.81,2.04,2.72,1.36,,,,,,
Wyatt Johnston,DAL,C,8,0 days 00:20:58.375000002,1.79,1.43,9.3,1.79,3.58,0.0,19.67,7.0,0 days 00:21:06,1.62,1.62,10.16,2.03,3.66,0.0,21.12,,,,,,
Mason McTavish,ANA,C,8,0 days 00:18:46.624999998,0.4,2.4,5.99,5.99,2.8,3.2,24.76,7.0,0 days 00:18:32.714285712,0.46,2.31,6.01,5.55,3.24,3.7,26.81,,,,,,
Ryan Winterton,SEA,C,9,0 days 00:12:44.333333334,0.0,0.52,4.71,4.19,1.57,2.09,0.0,7.0,0 days 00:12:24,0.0,0.69,4.15,3.46,2.07,1.38,0.0,,,,,,
Simon Edvinsson,DET,D,9,0 days 00:20:31.222222224,0.97,0.0,3.57,2.92,8.12,3.9,0.0,7.0,0 days 00:20:07.428571428,0.85,0.0,2.98,2.13,8.94,3.41,0.0,,,,,,
Fedor Svechkov,NSH,C,9,0 days 00:12:44.222222220,0.0,0.0,9.94,2.09,1.57,1.05,10.47,7.0,0 days 00:12:26.428571430,0.0,0.0,8.96,1.38,1.38,1.38,11.71,,,,,,
Oliver Kapanen,MTL,C,10,0 days 00:12:36.199999998,1.9,1.43,7.14,3.81,2.86,0.95,10.95,7.0,0 days 00:12:28.999999998,1.37,2.06,7.55,2.75,3.43,1.37,13.73,,,,,,
Nikita Chibrikov,WPG,R,4,0 days 00:09:33.499999998,0.0,0.0,3.14,7.85,4.71,6.28,0.0,,,,,,,,,,,,,,,
Olen Zellweger,ANA,D,8,0 days 00:19:03.750000,0.0,0.39,7.48,1.18,1.97,1.57,0.0,7.0,0 days 00:19:03.428571426,0.0,0.45,7.2,0.9,2.25,1.8,0.0,,,,,,
Jackson Blake,CAR,R,8,0 days 00:17:03.625000002,0.88,1.76,12.31,0.88,0.88,3.52,0.0,7.0,0 days 00:17:15.571428569,0.99,1.49,11.42,0.99,0.99,3.97,0.0,,,,,,
Tyson Kozak,BUF,C,7,0 days 00:09:52.142857140,1.74,0.0,4.34,16.5,3.47,0.0,24.32,6.0,0 days 00:10:16.000000002,1.95,0.0,4.87,16.56,2.92,0.0,23.38,,,,,,
Joel Nystrom,CAR,D,2,0 days 00:16:59.500000002,0.0,0.0,5.3,1.77,1.77,3.53,0.0,2.0,0 days 00:16:59.500000002,0.0,0.0,5.3,1.77,1.77,3.53,0.0,,,,,,
Emil Lilleberg,T.B,D,8,0 days 00:14:29.749999998,0.0,0.0,2.59,7.24,3.62,13.45,0.0,7.0,0 days 00:13:50.857142856,0.0,0.0,3.09,6.19,3.71,13.0,0.0,,,,,,
Arber Xhekaj,MTL,D,9,0 days 00:10:31.444444445,0.0,0.63,4.43,7.6,3.17,9.5,0.0,6.0,0 days 00:10:11.666666664,0.0,0.0,4.9,2.94,0.98,10.79,0.0,,,,,,
Arshdeep Bains,VAN,L,9,0 days 00:10:01.555555554,0.0,1.33,3.99,6.65,1.33,1.33,1.33,7.0,0 days 00:09:24.285714288,0.0,0.91,5.47,6.38,0.0,1.82,1.82,,,,,,
Lian Bichsel,DAL,D,8,0 days 00:15:25.125000,0.0,0.49,0.97,11.67,5.84,0.97,0.0,7.0,0 days 00:15:43.857142860,0.0,0.54,0.54,11.44,5.99,1.09,0.0,,,,,,
Logan Cooley,UTA,C,9,0 days 00:18:44.666666664,2.49,1.07,7.82,3.56,1.42,1.42,17.07,7.0,0 days 00:17:44.714285712,2.9,1.45,8.69,3.86,1.45,1.93,21.25,9.0,0 days 00:04:04.666666668,6.54,,,
Cutter Gauthier,ANA,L,8,0 days 00:18:16.249999997,2.05,0.82,15.6,4.1,1.23,3.28,1.23,7.0,0 days 00:18:07.571428572,2.36,0.95,15.6,4.26,1.42,2.84,0.95,,,,,,
Conor Geekie,T.B,C,6,0 days 00:10:01.500000,0.0,1.0,4.99,14.96,4.99,3.99,7.98,5.0,0 days 00:09:54,0.0,1.21,6.06,14.55,4.85,4.85,7.27,,,,,,
Ryan Greene,CHI,C,8,0 days 00:11:45.375000,0.64,0.0,1.28,3.19,1.28,1.28,19.14,7.0,0 days 00:12:15.142857144,0.7,0.0,1.4,3.5,1.4,1.4,20.29,,,,,,
Isaac Howard,EDM,L,8,0 days 00:10:08.875000002,0.74,0.0,6.65,0.74,0.74,2.96,0.0,6.0,0 days 00:10:01.833333336,1.0,0.0,6.98,1.0,1.0,3.99,0.0,,,,,,
Lane Hutson,MTL,D,10,0 days 00:22:33.300000,0.27,2.13,3.72,1.86,4.26,0.0,0.0,7.0,0 days 00:22:54.714285714,0.37,2.62,3.74,1.5,4.86,0.0,0.0,10.0,0 days 00:03:15.499999998,3.68,,,
David Jiricek,MIN,D,5,0 days 00:13:40.399999998,0.0,0.0,2.63,0.88,0.0,3.51,0.0,4.0,0 days 00:13:35.250000,0.0,0.0,2.21,1.1,0.0,2.21,0.0,,,,,,
Marco Kasper,DET,C,9,0 days 00:15:58.222222224,0.42,0.0,5.01,11.69,2.5,2.5,20.45,7.0,0 days 00:16:27.714285714,0.0,0.0,3.64,11.98,2.08,2.08,22.39,,,,,,
Jiri Kulich,BUF,C,9,0 days 00:16:20.222222220,1.22,0.82,6.94,2.45,4.08,1.63,18.77,7.0,0 days 00:15:55.142857140,1.62,1.08,7.54,2.69,3.77,1.08,18.31,,,,,,
Jonathan Lekkerimäki,VAN,R,4,0 days 00:09:54,1.52,0.0,4.55,7.58,3.03,0.0,0.0,,,,,,,,,,,,,,,
Denton Mateychuk,CBJ,D,8,0 days 00:17:32.125000002,0.86,0.43,5.56,3.85,3.42,0.0,0.0,7.0,0 days 00:17:58.142857140,0.95,0.0,6.2,3.82,2.86,0.0,0.0,,,,,,
Fraser Minten,BOS,C,10,0 days 00:12:30.799999998,0.48,0.0,5.75,6.71,6.23,2.88,28.29,7.0,0 days 00:11:43.571428572,0.0,0.0,4.39,4.39,7.31,2.92,31.43,,,,,,
Pavel Mintyukov,ANA,D,8,0 days 00:14:36.375000,0.0,1.03,3.08,4.11,4.11,1.03,0.0,7.0,0 days 00:14:27,0.0,1.19,2.97,4.15,4.15,1.19,0.0,,,,,,
Frank Nazar,CHI,C,8,0 days 00:19:13.624999998,1.56,1.95,5.85,2.73,3.12,2.34,21.06,7.0,0 days 00:19:04.999999998,1.35,1.8,6.29,2.69,3.14,2.69,20.66,,,,,,
Simon Nemec,N.J,D,8,0 days 00:15:17.250000,0.0,1.96,3.43,0.49,5.89,1.96,0.0,7.0,0 days 00:14:49.000000002,0.0,2.31,3.47,0.58,6.94,2.31,0.0,,,,,,
Jani Nyman,SEA,R,9,0 days 00:10:39.666666666,1.88,0.0,5.63,6.25,1.25,0.0,1.25,7.0,0 days 00:11:21.142857144,2.27,0.0,6.8,4.53,0.76,0.0,1.51,,,,,,
Liam Ohgren,MIN,L,5,0 days 00:09:10.399999998,0.0,0.0,5.23,7.85,2.62,0.0,0.0,,,,,,,,,,,,,,,
Noah Ostlund,BUF,C,3,0 days 00:10:21.666666666,0.0,0.0,5.79,1.93,5.79,0.0,15.44,3.0,0 days 00:10:21.666666666,0.0,0.0,5.79,1.93,5.79,0.0,15.44,,,,,,
Sam Rinzel,CHI,D,8,0 days 00:20:37.875000,0.36,0.73,4.36,3.64,4.36,2.18,0.0,7.0,0 days 00:19:57.857142858,0.43,0.86,4.72,3.86,3.43,2.58,0.0,,,,,,
Matt Savoie,EDM,C,9,0 days 00:13:23.555555556,0.0,0.5,5.97,1.0,2.99,0.0,0.5,7.0,0 days 00:13:31.714285715,0.0,0.63,5.07,1.27,2.53,0.0,0.63,,,,,,
Juraj Slafkovský,MTL,L,10,0 days 00:18:21.499999998,1.31,0.33,7.52,6.86,3.92,2.61,0.33,7.0,0 days 00:18:15.714285714,1.41,0.47,6.1,7.51,4.69,3.75,0.0,10.0,0 days 00:03:14.400000,5.56,,,
Jimmy Snuggerud,STL,R,8,0 days 00:14:02.875000002,1.6,1.6,9.61,3.2,3.2,1.07,0.53,7.0,0 days 00:13:45.428571426,1.87,1.87,10.59,2.49,2.49,1.25,0.62,,,,,,
Shane Wright,SEA,C,9,0 days 00:14:44.888888886,0.9,1.36,6.78,3.62,2.71,0.0,16.27,7.0,0 days 00:14:46.571428572,1.16,1.74,8.7,2.32,3.48,0.0,14.5,,,,,,
Danila Yurov,MIN,R,7,0 days 00:10:20.428571430,0.83,0.0,4.14,4.97,2.49,0.0,14.09,7.0,0 days 00:10:20.428571430,0.83,0.0,4.14,4.97,2.49,0.0,14.09,,,,,,
Brian Halonen,N.J,L,6,0 days 00:07:42.833333334,0.0,0.0,2.59,20.74,0.0,6.48,0.0,6.0,0 days 00:07:42.833333334,0.0,0.0,2.59,20.74,0.0,6.48,0.0,,,,,,
Adam Klapka,CGY,R,9,0 days 00:10:25.555555554,0.64,1.28,5.75,19.82,1.28,15.99,0.0,7.0,0 days 00:09:58.714285716,0.86,0.86,6.87,18.9,1.72,18.04,0.0,,,,,,
Elias Pettersson,VAN,D,9,0 days 00:13:22.777777776,0.0,0.0,2.49,5.48,5.48,1.0,0.0,7.0,0 days 00:13:41.142857142,0.0,0.0,2.51,5.64,5.64,0.0,0.0,,,,,,
Noah Laba,NYR,C,9,0 days 00:10:53.888888886,0.0,1.22,4.28,4.28,5.51,0.0,16.52,7.0,0 days 00:10:09.142857144,0.0,1.69,4.22,3.38,5.91,0.0,12.66,,,,,,
Nikita Grebenkin,PHI,R,6,0 days 00:08:52.500000,0.0,1.13,1.13,7.89,1.13,21.41,2.25,6.0,0 days 00:08:52.500000,0.0,1.13,1.13,7.89,1.13,21.41,2.25,,,,,,
Victor Mancini,VAN,D,4,0 days 00:11:04.999999998,0.0,0.0,2.71,8.12,5.41,6.77,0.0,4.0,0 days 00:11:04.999999998,0.0,0.0,2.71,8.12,5.41,6.77,0.0,,,,,,
Andrei Kuzmenko,L.A,L,9,0 days 00:16:13.888888890,0.82,1.64,6.16,4.52,0.82,0.82,0.0,7.0,0 days 00:16:29.571428574,0.52,1.56,6.24,2.6,0.0,1.04,0.0,,,,,,
Max Sasson,VAN,C,6,0 days 00:10:14.833333332,2.93,0.0,5.86,2.93,6.83,0.0,6.83,6.0,0 days 00:10:14.833333332,2.93,0.0,5.86,2.93,6.83,0.0,6.83,,,,,,
Connor Bedard,CHI,C,8,0 days 00:21:46.624999998,0.69,1.72,7.58,1.72,0.69,3.44,7.23,7.0,0 days 00:21:44.714285712,0.79,1.97,7.88,1.97,0.79,3.94,7.1,,,,,,
Zach Benson,BUF,L,6,0 days 00:19:27.666666666,0.0,3.6,7.71,1.54,2.06,3.08,0.51,6.0,0 days 00:19:27.666666666,0.0,3.6,7.71,1.54,2.06,3.08,0.51,,,,,,
Gavin Brindley,COL,C,9,0 days 00:08:55.333333332,0.75,0.0,5.98,5.98,1.49,1.49,1.49,7.0,0 days 00:09:07.999999998,0.94,0.0,6.57,3.75,0.0,1.88,0.0,,,,,,
Leo Carlsson,ANA,C,8,0 days 00:19:09.625000002,1.17,2.35,9.0,0.0,1.96,0.78,18.01,7.0,0 days 00:19:15.428571426,1.34,2.67,8.46,0.0,2.23,0.89,16.91,8.0,0 days 00:03:52.125000,5.82,,,
Easton Cowan,TOR,R,6,0 days 00:12:28.000000002,0.0,2.41,5.61,6.42,0.8,0.0,0.0,6.0,0 days 00:12:28.000000002,0.0,2.41,5.61,6.42,0.8,0.0,0.0,,,,,,
Adam Fantilli,CBJ,C,8,0 days 00:15:36.750000,0.96,1.44,8.65,3.84,1.44,1.92,12.49,7.0,0 days 00:15:37.571428572,1.1,1.65,8.23,3.29,1.1,2.19,11.52,,,,,,
Samuel Honzek,CGY,L,7,0 days 00:11:58.571428572,0.0,0.72,7.87,10.02,0.72,0.0,0.0,7.0,0 days 00:11:58.571428572,0.0,0.72,7.87,10.02,0.72,0.0,0.0,,,,,,
Ryan Leonard,WSH,R,9,0 days 00:12:37.333333332,1.58,1.06,10.04,7.92,0.53,1.06,1.58,7.0,0 days 00:12:54.571428570,1.33,1.33,9.3,7.3,0.66,1.33,1.99,,,,,,
Axel Sandin-Pellikka,DET,D,9,0 days 00:19:10.999999998,0.35,0.35,4.52,0.7,4.87,2.09,0.0,7.0,0 days 00:18:49.285714284,0.46,0.46,4.1,0.91,5.46,1.82,0.0,,,,,,
Will Smith,S.J,C,8,0 days 00:17:34.875000,0.85,2.56,7.25,2.56,1.71,2.56,0.43,7.0,0 days 00:17:09.285714288,1.0,3.0,7.49,2.5,1.5,2.0,0.5,,,,,,
Sam Malinski,COL,D,9,0 days 00:14:43.333333332,0.45,1.36,6.79,1.36,2.72,0.91,0.0,7.0,0 days 00:15:05.428571430,0.0,1.7,6.82,1.7,1.7,1.14,0.0,,,,,,
Uvis Balinskis,FLA,D,8,0 days 00:13:34.999999998,0.0,0.0,1.66,4.97,3.87,1.1,0.0,,,,,,,,,,,,,,,
Zach Metsa,BUF,D,4,0 days 00:08:49.249999998,0.0,0.0,1.7,1.7,3.4,3.4,0.0,4.0,0 days 00:08:49.249999998,0.0,0.0,1.7,1.7,3.4,3.4,0.0,,,,,,
Nikolas Matinpalo,OTT,D,5,0 days 00:13:58.600000002,0.0,0.0,2.58,5.15,4.29,1.72,0.0,3.0,0 days 00:13:10.999999998,0.0,0.0,3.03,6.07,0.0,3.03,0.0,,,,,,
Dmitri Simashev,UTA,D,9,0 days 00:14:47.222222220,0.0,0.0,5.41,0.9,4.06,7.21,0.0,7.0,0 days 00:15:44.142857142,0.0,0.0,5.45,0.54,3.27,7.63,0.0,,,,,,
Matvei Michkov,PHI,R,8,0 days 00:15:05.749999998,0.5,0.99,6.96,2.98,0.5,3.97,0.0,7.0,0 days 00:15:07.428571428,0.57,1.13,6.8,3.4,0.57,3.4,0.0,,,,,,
Charles Alexis Legault,CAR,D,3,0 days 00:11:52.999999998,0.0,0.0,6.73,3.37,6.73,6.73,0.0,3.0,0 days 00:11:52.999999998,0.0,0.0,6.73,3.37,6.73,6.73,0.0,,,,,,
Emmitt Finnie,DET,C,9,0 days 00:16:14.888888886,1.64,1.64,6.98,10.26,2.87,0.0,0.41,7.0,0 days 00:17:09.428571426,2.0,1.5,6.99,11.49,3.5,0.0,0.5,,,,,,
Beckett Sennecke,ANA,R,8,0 days 00:17:22.750000002,1.29,0.86,6.04,4.75,1.73,0.0,0.0,7.0,0 days 00:17:22.571428572,0.99,0.99,5.43,3.95,1.48,0.0,0.0,,,,,,
Zayne Parekh,CGY,D,7,0 days 00:16:09.428571426,0.0,0.53,4.77,1.06,2.12,0.0,0.0,7.0,0 days 00:16:09.428571426,0.0,0.53,4.77,1.06,2.12,0.0,0.0,,,,,,
Jett Luchanko,PHI,C,4,0 days 00:08:58.000000002,0.0,0.0,1.67,3.35,5.02,3.35,18.4,4.0,0 days 00:08:58.000000002,0.0,0.0,1.67,3.35,5.02,3.35,18.4,,,,,,
Artyom Levshunov,CHI,D,7,0 days 00:14:55.142857140,0.0,1.15,3.45,5.75,1.15,5.75,0.0,6.0,0 days 00:14:38.333333334,0.0,1.37,2.73,5.46,1.37,4.1,0.0,,,,,,
Michael Brandsegg-Nygård,DET,R,9,0 days 00:12:27,0.0,0.54,7.5,14.99,1.61,1.07,0.0,7.0,0 days 00:12:18,0.0,0.7,6.97,15.33,1.39,1.39,0.0,,,,,,
Zeev Buium,MIN,D,9,0 days 00:20:22.444444446,0.33,1.96,4.58,0.65,1.31,0.65,0.0,7.0,0 days 00:19:47.571428574,0.0,2.17,3.9,0.43,0.43,0.87,0.0,9.0,0 days 00:04:34.222222224,7.29,7.0,0 days 00:04:21.428571426,5.9
Berkly Catton,SEA,C,4,0 days 00:13:17.749999998,0.0,2.26,7.9,1.13,3.38,0.0,1.13,4.0,0 days 00:13:17.749999998,0.0,2.26,7.9,1.13,3.38,0.0,1.13,,,,,,
Macklin Celebrini,S.J,C,8,0 days 00:20:46.249999998,1.81,2.53,7.58,2.17,1.44,0.72,26.36,7.0,0 days 00:20:33.571428570,2.08,2.92,8.34,2.5,1.67,0.83,26.27,,,,,,
Sam Dickinson,S.J,D,6,0 days 00:14:48.666666666,0.0,0.0,4.05,2.7,2.03,4.05,0.0,6.0,0 days 00:14:48.666666666,0.0,0.0,4.05,2.7,2.03,4.05,0.0,,,,,,
Justin Hryckowian,DAL,C,7,0 days 00:08:21.714285714,0.0,0.0,5.13,9.23,2.05,9.23,3.08,6.0,0 days 00:08:17.500000002,0.0,0.0,4.82,7.24,1.21,8.44,3.62,,,,,,
Harrison Brunicke,PIT,D,6,0 days 00:16:14.333333334,0.62,0.0,3.08,1.85,6.16,2.46,0.0,4.0,0 days 00:17:20.500000002,0.0,0.0,0.86,1.73,6.92,1.73,0.0,,,,,,
Matvei Gridin,CGY,R,4,0 days 00:14:43.000000002,1.02,0.0,9.17,1.02,3.06,0.0,0.0,,,,,,,,,,,,,,,
Collin Graf,S.J,R,7,0 days 00:14:43.428571428,0.58,1.16,4.08,5.24,2.33,0.0,0.0,6.0,0 days 00:14:19.833333336,0.7,1.4,4.19,6.28,2.79,0.0,0.0,,,,,,
Maxim Tsyplakov,NYI,R,6,0 days 00:08:46.333333332,1.14,0.0,7.98,10.26,0.0,0.0,0.0,5.0,0 days 00:08:19.800000,1.44,0.0,8.64,10.08,0.0,0.0,0.0,,,,,,
Ivan Demidov,MTL,R,10,0 days 00:13:57.900000,0.86,3.01,3.87,1.29,1.29,2.58,0.0,7.0,0 days 00:14:16.000000002,1.2,3.6,4.81,1.2,1.8,2.4,0.0,,,,,,
Matthew Schaefer,NYI,D,8,0 days 00:23:11.625000,0.65,1.62,7.44,0.65,2.91,0.65,0.0,7.0,0 days 00:24:02.571428574,0.71,1.43,7.84,0.36,3.21,0.71,0.0,,,,,,
Braeden Cootes,VAN,C,3,0 days 00:10:46.666666668,0.0,0.0,0.0,5.57,1.86,0.0,9.28,,,,,,,,,,,,,,,
Michael Misa,S.J,C,4,0 days 00:12:41.749999998,0.0,2.36,3.54,2.36,2.36,0.0,15.36,4.0,0 days 00:12:41.749999998,0.0,2.36,3.54,2.36,2.36,0.0,15.36,,,,,,
Brady Martin,NSH,C,3,0 days 00:11:25.000000002,0.0,1.75,3.5,0.0,3.5,0.0,8.76,,,,,,,,,,,,,,,
Ben Kindel,PIT,C,7,0 days 00:13:34.000000002,1.26,0.0,8.21,1.9,4.42,2.53,15.8,5.0,0 days 00:13:20.200000002,1.8,0.0,9.0,1.8,5.4,1.8,16.2,,,,,,
David Tomasek,EDM,R,8,0 days 00:13:06.874999998,0.57,1.14,9.15,2.86,0.57,3.43,1.14,6.0,0 days 00:12:41.166666666,0.79,0.79,7.09,2.36,0.79,1.58,1.58,,,,,,
Max Shabanov,NYI,R,6,0 days 00:11:43.000000002,0.85,1.71,6.83,4.27,0.0,0.0,0.0,5.0,0 days 00:12:06.600000,0.0,1.98,6.94,4.95,0.0,0.0,0.0,,,,,,
