window,segment,metric,n,fit,loglik,aic,bic,ks_pvalue,chosen,param_mu,param_sigma,param_log_mu,param_log_sigma,param_k,param_theta
szn,F,G,449,Normal,-502.359082926562,1008.718165853124,1016.9322116286085,1.1819359408782058e-07,0,0.8153006681514475,0.740745101931284,,,,
szn,F,G,449,LogNormal,819.6989483137427,-1635.3978966274854,-1627.183850852001,4.340370993705285e-72,1,,,-5.45065976291617,9.080335123774407,,
szn,F,G,449,Gamma,-806.1963428741615,1616.392685748323,1624.6067315238074,2.1954551781275287e-27,0,,,,,1.2114291514496658,0.6730073049970698
szn,F,G,449,Normal(log1p),-217.81962101752165,439.6392420350433,447.85328781052783,2.1223527244946244e-11,0,0.5181953562355247,0.39305061548172116,,,,
szn,D,G,245,Normal,-23.658858260132668,51.317716520265336,58.32023294135479,6.680676676116364e-29,0,0.1776734693877551,0.26650247062109395,,,,
szn,D,G,245,LogNormal,2289.672291937218,-4575.344583874436,-4568.342067453346,1.0169500819185449e-35,1,,,-13.033270376597555,9.667122078836288,,
szn,D,G,245,Gamma,1595.9105878448838,-3187.8211756897676,-3180.8186592686784,1.005768397896143e-88,0,,,,,0.44447024332751633,0.39974210347548045
szn,D,G,245,Normal(log1p),45.81128638046906,-87.62257276093813,-80.62005633984867,5.516908648336192e-31,0,0.14178077031868824,0.2007041440172881,,,,
szn,F,A,449,Normal,-585.6983094782787,1175.3966189565574,1183.6106647320419,2.250490881342618e-05,0,1.0837416481069042,0.8918226800882438,,,,
szn,F,A,449,LogNormal,244.10094677221036,-484.2018935444207,-475.9878477689362,6.158168129428764e-75,1,,,-4.091154829047278,8.402771786234068,,
szn,F,A,449,Gamma,-1279.0791502868387,2562.1583005736775,2570.372346349162,1.2040177644206756e-16,0,,,,,1.4767075729020391,0.7338904927397357
szn,F,A,449,Normal(log1p),-256.88409139774944,517.7681827954989,525.9822285709834,1.0206920156125559e-07,0,0.6440113129103137,0.4287790155487078,,,,
szn,D,A,245,Normal,-327.18016858172973,658.3603371634595,665.3628535845489,1.0491439445285292e-08,0,0.7880408163265307,0.9198825559284046,,,,
szn,D,A,245,LogNormal,430.9791112806008,-857.9582225612016,-850.9557061401122,8.65929151592047e-39,1,,,-5.370097309744908,8.953641876989963,,
szn,D,A,245,Gamma,103.33618556691852,-202.67237113383703,-195.66985471274756,2.5722716723211613e-14,0,,,,,0.7338928531151682,1.073781837818124
szn,D,A,245,Normal(log1p),-120.55036610385793,245.10073220771585,252.10324862880532,4.407776804579138e-05,0,0.4937454575340715,0.39578021969148286,,,,
szn,F,PPP,233,Normal,-616.1935984991854,1236.3871969983709,1243.2892739055023,0.01137528242383425,0,4.596738197424893,3.4064448643509326,,,,
szn,F,PPP,233,LogNormal,-209.07792080386184,422.1558416077237,429.0579185148551,2.2855014479160672e-41,1,,,-2.699775043881696,8.830102678190798,,
szn,F,PPP,233,Gamma,-1318.4391260706248,2640.8782521412495,2647.7803290483807,4.356043450749598e-08,0,,,,,1.8209449284284547,2.5243696972127467
szn,F,PPP,233,Normal(log1p),-281.3921167610515,566.784233522103,573.6863104292344,1.5309959751599983e-05,0,1.46455273516551,0.8095740409881749,,,,
szn,D,PPP,68,Normal,-168.6222134141556,341.2444268283112,345.6834422386634,0.4156873709700415,0,3.9382352941176473,2.8886807192173136,,,,
szn,D,PPP,68,LogNormal,-54.98979152976062,113.97958305952125,118.41859846987346,5.433447384892259e-13,1,,,-2.777710912079619,8.735942034402111,,
szn,D,PPP,68,Gamma,-379.87174846565927,763.7434969313185,768.1825123416708,0.011905706478688938,0,,,,,1.8586783260011754,2.1188364006921403
szn,D,PPP,68,Normal(log1p),-77.2992465303463,158.5984930606926,163.03750847104482,0.052517147028824374,0,1.3676399465260376,0.7541342263707047,,,,
szn,F,SOG,449,Normal,-1063.7461539211147,2131.4923078422294,2139.706353617714,0.32598208224825087,0,6.440400890868597,2.5862438594051818,,,,
szn,F,SOG,449,LogNormal,-1752.88514029118,3509.77028058236,3517.9843263578446,1.2825038560069578e-59,0,,,1.4480155381928488,2.8208034117797256,,
szn,F,SOG,449,Gamma,-1813.477808217231,3630.955616434462,3639.1696622099466,0.2245314825849094,0,,,,,6.201358774147162,1.0385467323280129
szn,F,SOG,449,Normal(log1p),-248.66743403837634,501.3348680767527,509.5489138522372,0.0003217009337211661,1,1.9332009492688058,0.42100376048356053,,,,
szn,D,SOG,245,Normal,-500.73737225093504,1005.4747445018701,1012.4772609229595,0.09758076078563149,0,3.8085714285714283,1.868035746719106,,,,
szn,D,SOG,245,LogNormal,-822.16171300331,1648.32342600662,1655.3259424277094,2.7462295422559e-37,0,,,0.6303257693447092,3.693216621008279,,
szn,D,SOG,245,Gamma,-929.880709969287,1863.761419938574,1870.7639363596634,0.7188656209599922,0,,,,,4.156749420398957,0.9162379165579964
szn,D,SOG,245,Normal(log1p),-145.07301646663373,294.14603293326746,301.14854935435693,0.11055672328878352,1,1.4859016826683584,0.4374452288960055,,,,
szn,F,FOW,449,Normal,-1722.737652031636,3449.475304063272,3457.6893498387562,7.898416690152909e-26,0,9.01053452115813,11.222196573224673,,,,
szn,F,FOW,449,LogNormal,24.38957454883416,-44.77914909766832,-36.565103322183816,2.729645693719212e-52,1,,,-3.7402515347179657,9.650340853864826,,
szn,F,FOW,449,Gamma,-605.6410554819377,1215.2821109638753,1223.4961567393598,2.3896971082103996e-23,0,,,,,0.6446817354072207,13.976717543745915
szn,F,FOW,449,Normal(log1p),-762.2225100720735,1528.445020144147,1536.6590659196315,6.456400211224447e-08,0,1.5137885800061723,1.3213602678582161,,,,
szn,D,FOW,245,Normal,4852.060189416727,-9700.120378833453,-9693.117862412364,3.660979064120689e-57,1,0.0,1e-09,,,,
szn,D,FOW,245,Normal(log1p),4852.060189416727,-9700.120378833453,-9693.117862412364,3.660979064120689e-57,0,0.0,1e-09,,,,
szn,F,HIT,449,Normal,-1415.4059689745343,2834.8119379490686,2843.025983724553,2.9729306645511474e-08,0,6.186636971046771,5.65993999626372,,,,
szn,F,HIT,449,LogNormal,-1604.6139521158786,3213.2279042317573,3221.4419500072418,6.7476531606785685e-34,0,,,0.9737869462323138,3.2577115511761,,
szn,F,HIT,449,Gamma,-1295.8081337335827,2595.6162674671655,2603.83031324265,0.7287708949073234,0,,,,,1.1947735815316256,5.178083167135258
szn,F,HIT,449,Normal(log1p),-522.546725679266,1049.093451358532,1057.3074971340166,0.44831194889124826,1,1.6837602358664485,0.7748100608607521,,,,
szn,D,HIT,245,Normal,-626.085718072313,1256.171436144626,1263.1739525657156,0.0009228872359197463,0,3.594,3.1158854868796024,,,,
szn,D,HIT,245,LogNormal,-668.7956105120671,1341.5912210241343,1348.5937374452237,1.5661510928973188e-33,0,,,-0.3823696163115761,5.436900215835124,,
szn,D,HIT,245,Gamma,-653.1969343385027,1310.3938686770055,1317.396385098095,0.23646938266758244,0,,,,,1.3304334910087507,2.701375171591848
szn,D,HIT,245,Normal(log1p),-244.00518109956204,492.0103621991241,499.01287862021354,0.6636118565693452,1,1.3177686182683157,0.6550792760635575,,,,
szn,F,BLK,449,Normal,-825.2269763997748,1654.4539527995496,1662.667998575034,0.0010297216592933083,0,2.244988864142539,1.5204152118276972,,,,
szn,F,BLK,449,LogNormal,-1133.9512189841337,2271.9024379682673,2280.116483743752,8.953503313722225e-66,0,,,-0.47318656258292596,4.85375124152617,,
szn,F,BLK,449,Gamma,-1297.0813031853263,2598.1626063706526,2606.376652146137,0.14823267811122354,0,,,,,2.1802383277181683,1.0296988341387387
szn,F,BLK,449,Normal(log1p),-299.86742981635507,603.7348596327101,611.9489054081946,0.4022585953019814,1,1.070107938551947,0.4718555671257468,,,,
szn,D,BLK,245,Normal,-536.7668137627425,1077.533627525485,1084.5361439465744,0.20968754876069595,0,4.445102040816327,2.1639741618746613,,,,
szn,D,BLK,245,LogNormal,-821.8012413480694,1647.6024826961388,1654.6049991172283,1.8614010745149932e-42,0,,,0.36564781741495145,4.805227704594151,,
szn,D,BLK,245,Gamma,-1307.3778322741216,2618.755664548243,2625.7581809693324,0.05037507270118946,0,,,,,4.21948384219081,1.053470568228874
szn,D,BLK,245,Normal(log1p),-174.96423903437932,353.92847806875864,360.9309944898481,0.0004053477803427302,1,1.595708531297039,0.4942080077770943,,,,
szn,F,PIM,449,Normal,-1210.7845166044945,2425.569033208989,2433.7830789844734,5.460620032267671e-29,0,2.219576837416481,3.588327531834552,,,,
szn,F,PIM,449,LogNormal,463.7428926271523,-923.4857852543046,-915.2717394788201,4.112232094620468e-69,1,,,-4.68462092487893,9.326384641234428,,
szn,F,PIM,449,Gamma,446.58851915320463,-889.1770383064093,-880.9629925309248,1.6584607348758648e-25,0,,,,,0.3826099092414603,5.801148334261788
szn,F,PIM,449,Normal(log1p),-478.0415469029977,960.0830938059954,968.2971395814799,7.931089144674018e-09,0,0.8773822545907597,0.701693887427481,,,,
szn,D,PIM,245,Normal,-577.0355675655072,1158.0711351310144,1165.073651552104,1.1456913854580486e-09,0,2.0852244897959182,2.5505491306719965,,,,
szn,D,PIM,245,LogNormal,114.68320043064614,-225.36640086129228,-218.3638844402028,7.201042102422051e-41,1,,,-4.071189830593109,8.883153357130043,,
szn,D,PIM,245,Gamma,-93.03702691771608,190.07405383543215,197.07657025652162,6.214163836172812e-11,0,,,,,0.6684027783843275,3.1197124809336683
szn,D,PIM,245,Normal(log1p),-250.208822563787,504.417645127574,511.4201615486635,0.0007794904111101347,0,0.88181556869365,0.6718783155243846,,,,
