Player,Team,team_name,Elig_Pos,szn_GP_all,szn_TOI/GP_all,szn_G,szn_A,szn_SOG,szn_HIT,szn_BLK,szn_PIM,szn_FOW,l7_GP_all,l7_TOI/GP_all,l7_G,l7_A,l7_SOG,l7_HIT,l7_BLK,l7_PIM,l7_FOW,szn_GP_pp,szn_TOI/GP_pp,szn_PPP,l7_GP_pp,l7_TOI/GP_pp,l7_PPP
Brent Burns,COL,,,10,00:20:20,0.0,1.18,7.67,0.88,4.13,2.36,0.0,7.0,00:20:10,0.0,1.27,7.22,0.85,3.82,2.55,0.0,10.0,00:01:14,4.83,,,
Corey Perry,L.A,,,4,00:13:59,2.14,1.07,6.43,0.0,2.14,2.14,2.14,4.0,00:13:59,2.14,1.07,6.43,0.0,2.14,2.14,2.14,,,,,,
Alex Ovechkin,WSH,robert's Fabulous Team,LW;RW,9,00:17:39,0.76,1.89,7.55,7.55,0.0,0.76,0.0,7.0,00:17:35,0.97,1.95,7.31,7.79,0.0,0.97,0.0,9.0,00:04:57,2.69,7.0,00:04:59,3.44
Evgeni Malkin,PIT,Jagrbombs,C;LW,10,00:17:00,1.06,4.59,7.41,1.76,0.71,2.12,12.35,7.0,00:16:48,1.53,4.08,7.65,2.04,0.51,3.06,13.26,10.0,00:02:40,11.2,7.0,00:02:24,10.68
Sidney Crosby,PIT,Dan's Dazzling Team,C,10,00:18:50,2.23,2.23,5.73,3.18,1.91,2.55,31.84,7.0,00:18:55,2.72,2.72,6.34,2.26,1.36,3.62,31.25,10.0,00:02:29,9.64,7.0,00:02:14,7.64
Anze Kopitar,L.A,Jagrbombs,C,6,00:18:52,0.0,2.12,5.83,4.77,4.24,1.06,33.91,3.0,00:19:18,0.0,1.04,7.25,4.15,4.15,2.07,32.12,6.0,00:03:29,8.58,3.0,00:03:44,5.34
Kris Letang,PIT,,,10,00:21:14,0.28,0.85,3.39,3.39,4.24,1.13,0.0,7.0,00:21:02,0.41,1.22,2.85,2.44,4.89,0.81,0.0,10.0,00:01:13,14.63,,,
Ryan Reaves,S.J,,,8,00:06:42,2.24,0.0,4.47,34.66,1.12,11.18,0.0,6.0,00:06:50,1.46,0.0,4.38,36.53,1.46,7.31,0.0,,,,,,
Brad Marchand,FLA,Bar Down Beauties,LW;RW;IR+,10,00:18:22,1.63,1.96,11.1,3.26,0.33,3.92,0.0,7.0,00:18:09,1.42,2.36,10.39,3.78,0.47,4.72,0.0,10.0,00:03:55,6.13,7.0,00:03:55,6.56
Nick Foligno,CHI,,,6,00:14:51,0.0,1.35,4.71,10.09,3.36,6.05,25.57,4.0,00:15:21,0.0,0.98,4.88,11.72,4.88,1.95,24.42,6.0,00:02:16,4.38,4.0,00:02:40,5.59
Jeff Petry,FLA,,,10,00:14:58,0.0,0.8,2.81,3.21,3.61,1.6,0.0,7.0,00:14:16,0.0,0.0,3.0,3.0,3.6,2.4,0.0,10.0,00:01:54,6.31,7.0,00:01:41,0.0
Claude Giroux,OTT,,,9,00:15:48,0.42,2.53,5.48,2.53,0.84,1.69,18.98,6.0,00:19:06,0.52,2.62,5.23,2.62,1.05,2.09,17.79,10.0,00:02:32,7.09,7.0,00:02:41,9.53
Jordan Staal,CAR,,,8,00:15:10,1.48,0.0,4.45,6.43,1.48,0.99,48.95,7.0,00:15:23,1.67,0.0,5.01,6.12,1.67,0.0,48.99,,,,,,
Jonathan Toews,WPG,,,9,00:16:03,0.83,1.25,3.32,0.42,2.91,3.32,34.87,7.0,00:15:52,1.08,1.62,3.24,0.0,3.24,3.24,35.63,9.0,00:02:07,9.39,7.0,00:01:49,14.12
Alex Killorn,ANA,,,8,00:16:13,0.46,0.46,7.85,2.77,1.85,0.0,3.23,7.0,00:16:24,0.52,0.52,6.79,2.61,2.09,0.0,2.61,8.0,00:01:55,0.0,7.0,00:02:04,0.0
Ian Cole,UTA,Hughes your daddy,D,10,00:18:49,0.32,0.96,1.59,4.46,8.28,2.55,0.0,7.0,00:19:26,0.44,1.32,1.76,3.97,8.82,1.76,0.0,,,,,,
James van Riemsdyk,DET,,,6,00:11:31,0.87,0.0,6.94,0.0,4.34,3.47,0.87,6.0,00:11:31,0.87,0.0,6.94,0.0,4.34,3.47,0.87,6.0,00:01:44,0.0,6.0,00:01:44,0.0
David Perron,OTT,,,9,00:14:12,0.94,1.41,5.63,4.22,1.41,2.81,0.0,6.0,00:17:02,1.17,2.35,6.45,4.69,1.76,1.17,0.0,10.0,00:02:11,10.93,7.0,00:02:24,14.24
Patrick Kane,DET,Trocheck Backcheck Paycheque,RW;IR+,5,00:17:14,1.39,2.09,6.27,1.39,0.7,0.0,0.0,3.0,00:17:07,1.17,0.0,5.84,1.17,1.17,0.0,0.0,5.0,00:04:09,8.67,3.0,00:03:26,5.82
Mikael Backlund,CGY,,,10,00:16:56,0.71,1.06,6.38,2.48,0.71,1.42,29.75,7.0,00:16:56,1.01,1.52,8.1,1.52,1.01,1.01,24.79,,,,,,
Ryan McDonagh,T.B,,,9,00:21:16,0.94,0.63,2.19,0.94,4.39,0.0,0.0,7.0,00:21:45,0.79,0.79,1.97,1.18,4.33,0.0,0.0,,,,,,
Lars Eller,OTT,,,9,00:13:51,0.48,0.96,5.77,4.33,2.41,0.0,25.5,6.0,00:16:48,0.6,1.79,6.55,1.19,2.98,0.0,25.59,10.0,00:01:31,0.0,7.0,00:02:10,0.0
Drew Doughty,L.A,Bar Down Beauties,D,10,00:23:48,0.0,0.76,3.53,1.51,3.28,0.5,0.0,7.0,00:23:55,0.0,0.36,3.22,0.72,2.51,0.0,0.0,10.0,00:01:19,0.0,,,
Steven Stamkos,NSH,The Epstein Islanders,C;LW;RW,10,00:17:27,0.34,0.34,7.56,1.03,2.41,2.75,8.25,7.0,00:17:07,0.5,0.0,8.01,1.0,3.0,1.0,8.51,10.0,00:03:45,1.6,7.0,00:02:46,3.1
Zach Bogosian,MIN,,,5,00:13:52,0.0,0.0,4.32,5.19,7.78,0.0,0.0,2.0,00:12:37,0.0,0.0,7.12,7.12,9.5,0.0,0.0,,,,,,
Luke Schenn,WPG,,,8,00:13:46,0.0,0.0,3.27,11.43,4.35,3.81,0.0,6.0,00:13:57,0.0,0.0,3.58,11.47,3.58,1.43,0.0,,,,,,
Tyler Myers,VAN,,,10,00:21:02,0.29,0.57,2.85,3.99,7.13,2.28,0.0,7.0,00:21:44,0.39,0.79,2.76,3.15,6.31,2.37,0.0,,,,,,
Erik Karlsson,PIT,robert's Fabulous Team,D,10,00:21:34,0.0,2.5,3.61,0.0,3.06,1.11,0.0,7.0,00:22:12,0.0,3.47,3.09,0.0,3.09,0.77,0.0,10.0,00:02:26,2.45,7.0,00:02:09,3.96
Jordan Eberle,SEA,,,9,00:19:19,1.38,1.38,7.93,3.79,1.72,1.38,1.72,7.0,00:19:23,1.77,0.88,7.51,3.54,1.33,0.88,2.21,9.0,00:02:42,4.91,7.0,00:02:42,3.17
John Carlson,WSH,Autodraft Anomalies,D,9,00:23:14,0.57,1.43,6.6,1.72,4.02,0.57,0.0,7.0,00:22:49,0.75,1.5,7.13,2.25,2.25,0.0,0.0,9.0,00:03:44,5.35,7.0,00:03:41,6.96
Roman Josi,NSH,Jagrbombs,D;IR+,8,00:24:05,0.31,1.25,5.92,1.25,4.67,1.87,0.0,5.0,00:23:26,0.51,1.02,6.65,1.54,3.58,2.05,0.0,8.0,00:04:03,3.69,5.0,00:03:00,3.98
Travis Hamonic,DET,,,2,00:12:24,0.0,2.42,9.67,0.0,2.42,0.0,0.0,1.0,00:11:16,0.0,5.33,10.65,0.0,5.33,0.0,0.0,,,,,,
Adam Henrique,EDM,,,10,00:13:12,0.91,0.45,7.72,2.73,5.45,0.91,24.98,7.0,00:13:23,0.64,0.64,8.96,1.28,4.48,1.28,19.84,,,,,,
Gustav Nyquist,WPG,,,9,00:13:26,0.0,1.49,5.95,2.98,2.48,0.0,2.48,7.0,00:13:26,0.0,1.91,5.74,2.55,2.55,0.0,0.64,9.0,00:02:03,3.23,7.0,00:01:41,5.05
Jared Spurgeon,MIN,,,10,00:20:58,0.29,0.0,3.43,5.72,5.44,0.0,0.0,7.0,00:21:24,0.0,0.0,3.2,6.81,4.8,0.0,0.0,10.0,00:02:23,2.5,7.0,00:02:26,0.0
Marcus Johansson,MIN,,,10,00:15:43,1.53,1.14,6.1,1.53,1.53,0.76,1.14,7.0,00:15:55,2.15,0.54,6.99,0.0,1.61,0.0,1.61,10.0,00:01:28,12.24,,,
Kyle Palmieri,NYI,,,8,00:20:04,1.12,1.12,9.34,3.36,2.24,2.24,0.37,7.0,00:19:59,0.86,1.29,7.29,3.86,2.57,1.71,0.43,8.0,00:04:09,3.61,7.0,00:03:59,4.3
Ryan O'Reilly,NSH,Hughes your daddy,C,10,00:19:38,1.53,1.22,5.19,1.22,2.75,0.0,28.42,7.0,00:19:22,1.33,1.77,5.75,0.88,3.54,0.0,29.2,10.0,00:03:24,3.53,7.0,00:02:29,3.45
John Tavares,TOR,Autodraft Anomalies,C,9,00:17:40,1.89,2.64,8.3,3.02,0.75,0.0,31.31,7.0,00:17:21,2.47,2.47,9.38,3.46,0.99,0.0,32.59,9.0,00:03:04,4.33,7.0,00:03:08,5.45
Victor Hedman,T.B,Autodraft Anomalies,D,9,00:24:19,0.0,2.19,4.11,1.37,5.48,0.0,0.0,7.0,00:23:57,0.0,2.15,4.65,1.07,5.37,0.0,0.0,9.0,00:04:07,6.46,7.0,00:04:06,6.26
Matt Duchene,DAL,,,4,00:14:26,1.04,1.04,3.12,2.08,4.15,0.0,12.46,2.0,00:12:48,2.34,0.0,4.69,2.34,2.34,0.0,11.72,,,,,,
Evander Kane,VAN,Jagrbombs,LW,10,00:17:00,0.0,1.41,8.82,8.47,2.47,4.23,1.06,7.0,00:17:10,0.0,1.5,8.98,5.99,2.99,3.99,0.5,10.0,00:01:55,0.0,,,
Brayden Schenn,STL,P Diddlers,C,9,00:17:01,0.39,1.17,4.31,10.57,0.78,2.35,28.96,7.0,00:17:00,0.5,1.51,5.04,10.08,1.01,2.02,27.71,9.0,00:02:02,3.26,7.0,00:01:53,4.53
Oliver Ekman-Larsson,TOR,Bros before Ahos,D,9,00:20:15,0.33,1.97,3.95,4.28,3.29,2.63,0.0,7.0,00:21:07,0.41,2.43,4.46,2.84,4.06,2.43,0.0,9.0,00:01:42,7.81,7.0,00:02:04,8.23
Nazem Kadri,CGY,Trocheck Backcheck Paycheque,C,10,00:20:20,0.59,1.47,7.96,2.06,1.18,2.36,16.81,7.0,00:20:00,0.86,1.29,9.0,1.71,0.86,2.57,20.13,10.0,00:04:46,5.02,7.0,00:04:15,6.03
Dmitry Kulikov,FLA,,,2,00:10:46,0.0,0.0,2.78,2.78,0.0,0.0,0.0,,,,,,,,,,,,,,,
Nick Leddy,S.J,,,7,00:17:11,0.0,1.0,0.5,1.0,4.98,1.99,0.0,5.0,00:16:12,0.0,0.74,0.74,1.48,4.44,2.96,0.0,,,,,,
Chris Kreider,ANA,Bros before Ahos,LW;IR+,5,00:17:26,2.75,0.69,9.63,3.44,0.69,0.0,0.0,4.0,00:17:36,3.41,0.85,11.08,2.56,0.85,0.0,0.0,5.0,00:04:07,8.74,4.0,00:04:51,9.25
Brayden McNabb,VGK,Jagrbombs,D,9,00:21:49,0.0,0.0,1.22,3.67,9.78,1.22,0.0,7.0,00:22:24,0.0,0.0,1.53,3.44,8.42,1.53,0.0,,,,,,
Reilly Smith,VGK,,,9,00:13:35,0.49,0.49,4.9,3.92,0.49,0.0,0.0,7.0,00:13:44,0.0,0.62,3.74,4.37,0.0,0.0,0.0,,,,,,
Dmitry Orlov,S.J,Autodraft Anomalies,D,9,00:23:11,0.0,2.3,3.45,5.18,2.88,3.45,0.0,7.0,00:23:34,0.0,1.82,2.91,4.0,3.27,3.64,0.0,9.0,00:03:01,8.82,7.0,00:03:08,8.17
Brian Dumoulin,L.A,,,10,00:20:07,0.0,0.0,3.58,2.98,3.58,0.6,0.0,7.0,00:20:50,0.0,0.0,3.7,2.06,3.29,0.0,0.0,,,,,,
Mattias Ekholm,EDM,,,10,00:20:19,0.0,1.18,5.32,2.07,7.38,1.18,0.0,7.0,00:20:19,0.0,1.69,5.48,1.69,8.02,1.69,0.0,,,,,,
Marcus Foligno,MIN,,,9,00:13:18,0.0,0.0,3.51,14.53,4.51,5.51,0.0,6.0,00:13:14,0.0,0.0,3.78,18.12,3.02,6.8,0.0,,,,,,
Casey Cizikas,NYI,,,8,00:10:04,0.75,0.75,3.73,15.65,3.73,2.98,17.88,7.0,00:09:42,0.88,0.88,3.53,16.77,2.65,3.53,15.0,,,,,,
Nicolas Deslauriers,PHI,,,2,00:06:12,0.0,0.0,4.83,24.16,0.0,24.16,0.0,,,,,,,,,,,,,,,
Ben Chiarot,DET,,,9,00:21:24,0.0,0.62,2.8,5.3,5.3,0.0,0.0,7.0,00:21:40,0.0,0.79,3.16,4.35,5.93,0.0,0.0,,,,,,
Erik Haula,NSH,,,10,00:15:31,0.77,0.77,3.09,6.19,1.16,5.41,25.52,7.0,00:16:00,0.54,0.0,2.68,4.82,0.54,4.28,22.48,,,,,,
Anders Lee,NYI,,,8,00:14:23,1.04,3.13,11.98,5.21,3.65,2.08,3.13,7.0,00:14:03,1.22,3.66,11.59,4.27,3.66,2.44,3.66,8.0,00:01:31,4.93,7.0,00:01:31,5.59
Nick Jensen,OTT,,,9,00:18:38,0.0,0.72,2.5,3.58,3.93,1.43,0.0,6.0,00:21:59,0.0,1.36,2.27,1.82,4.55,0.91,0.0,,,,,,
Nic Dowd,WSH,,,9,00:15:02,0.44,0.89,3.99,7.09,1.77,1.77,25.71,7.0,00:15:31,0.55,1.1,2.76,6.08,1.66,2.21,23.2,,,,,,
Brenden Dillon,N.J,Bar Down Beauties,D,9,00:18:22,0.73,1.09,3.27,7.99,6.53,1.45,0.0,7.0,00:18:19,0.94,1.4,3.74,7.95,6.08,1.87,0.0,,,,,,
Andrew Agozzino,UTA,,,2,00:06:07,0.0,0.0,0.0,19.57,4.89,0.0,14.67,,,,,,,,,,,,,,,
Radko Gudas,ANA,The Epstein Islanders,D;IR+,7,00:15:34,0.0,1.1,4.4,12.65,6.6,1.1,0.0,6.0,00:15:00,0.0,1.33,4.0,14.66,7.33,1.33,0.0,,,,,,
Chris Tanev,TOR,,,7,00:17:41,0.0,0.48,2.91,0.97,3.88,0.0,0.0,5.0,00:16:36,0.0,0.0,3.61,0.72,2.89,0.0,0.0,,,,,,
Calle Jarnkrok,TOR,,,8,00:11:15,2.0,0.0,6.66,2.0,1.33,1.33,2.67,6.0,00:11:45,0.85,0.0,6.81,2.55,1.7,1.7,3.4,,,,,,
Jason Zucker,BUF,,,9,00:14:25,1.85,0.92,8.78,5.54,0.46,1.85,2.77,7.0,00:12:59,1.98,1.32,7.25,3.96,0.0,1.32,3.96,9.0,00:03:16,8.13,7.0,00:02:54,11.79
Tyler Toffoli,S.J,,,9,00:17:15,1.16,0.39,7.73,3.48,1.93,0.0,0.39,7.0,00:17:54,0.96,0.48,7.18,3.83,2.39,0.0,0.48,9.0,00:03:11,4.17,7.0,00:03:16,5.25
Charlie Coyle,CBJ,,,8,00:17:03,0.44,1.32,5.28,6.16,1.76,0.0,26.83,7.0,00:17:04,0.5,1.51,5.52,5.02,2.01,0.0,25.09,8.0,00:01:29,5.01,7.0,00:01:36,5.34
Tyler Pitlick,MIN,,,4,00:07:50,0.0,0.0,3.82,24.85,3.82,0.0,0.0,4.0,00:07:50,0.0,0.0,3.82,24.85,3.82,0.0,0.0,,,,,,
Justin Faulk,STL,P Diddlers,D,9,00:23:17,0.29,0.86,4.58,2.86,5.44,1.14,0.0,7.0,00:23:07,0.37,0.74,4.45,1.48,4.82,0.74,0.0,9.0,00:02:17,8.72,7.0,00:02:15,7.6
Brock Nelson,COL,Bros before Ahos,C,10,00:19:20,0.62,0.31,4.96,2.79,2.79,2.48,24.81,7.0,00:18:11,0.94,0.0,5.18,3.3,3.3,3.77,28.27,10.0,00:04:14,1.42,7.0,00:03:12,0.0
Alex Petrovic,DAL,,,7,00:13:45,0.0,0.0,3.74,6.23,5.61,10.6,0.0,7.0,00:13:45,0.0,0.0,3.74,6.23,5.61,10.6,0.0,,,,,,
Nick Bjugstad,STL,,,9,00:10:10,1.31,0.66,4.59,14.42,5.24,3.93,20.31,7.0,00:10:48,1.59,0.79,3.96,15.06,4.76,3.17,20.61,,,,,,
Derek Forbort,VAN,,,2,00:13:55,0.0,0.0,2.15,4.31,8.61,4.31,0.0,,,,,,,,,,,,,,,
Cam Fowler,STL,,,9,00:22:56,0.0,0.58,4.94,0.29,1.74,0.58,0.0,7.0,00:22:50,0.0,0.38,5.25,0.0,1.5,0.75,0.0,9.0,00:02:59,2.23,7.0,00:02:59,2.86
Vladimir Tarasenko,MIN,,,10,00:15:55,0.38,1.51,5.27,1.88,1.51,0.0,0.0,7.0,00:15:42,0.55,0.55,3.82,2.18,1.64,0.0,0.0,10.0,00:04:49,4.98,7.0,00:04:31,1.9
Jaden Schwartz,SEA,,,9,00:17:12,1.55,1.55,6.2,6.97,3.49,1.55,1.94,7.0,00:17:15,1.99,1.49,7.45,6.46,3.97,1.99,1.49,9.0,00:01:36,8.32,7.0,00:01:36,10.64
Jeff Skinner,S.J,,,8,00:13:52,1.62,0.54,10.81,2.16,0.54,1.08,0.54,6.0,00:15:01,0.67,0.67,9.31,0.67,0.67,1.33,0.67,8.0,00:02:13,3.38,6.0,00:02:05,4.77
Erik Gudbranson,CBJ,,,4,00:14:50,0.0,0.0,3.03,5.05,1.01,6.06,0.0,3.0,00:14:23,0.0,0.0,1.39,2.78,1.39,8.34,0.0,,,,,,
Taylor Hall,CAR,,,8,00:13:54,1.08,1.62,6.47,3.78,1.62,4.32,0.54,7.0,00:14:07,0.61,1.21,6.06,4.25,1.21,4.85,0.61,8.0,00:02:05,0.0,7.0,00:02:14,0.0
Tyler Seguin,DAL,P Diddlers,C;RW,9,00:16:41,0.8,0.8,5.19,2.4,1.6,0.8,19.17,7.0,00:16:38,0.52,1.03,4.12,2.06,1.55,1.03,22.67,9.0,00:02:03,3.23,7.0,00:02:07,4.03
Dylan McIlrath,WSH,,,1,00:14:04,0.0,0.0,0.0,12.78,0.0,0.0,0.0,1.0,00:14:04,0.0,0.0,0.0,12.78,0.0,0.0,0.0,,,,,,
Mikael Granlund,ANA,Jagrbombs,C;LW;RW;IR+,8,00:17:17,0.87,2.6,8.24,1.3,1.3,1.73,29.06,7.0,00:17:14,0.99,2.98,9.45,1.49,1.49,1.99,30.34,8.0,00:03:53,3.86,7.0,00:04:16,4.01
Nino Niederreiter,WPG,,,9,00:14:22,0.93,1.85,7.42,8.35,1.39,2.78,0.46,7.0,00:14:18,1.2,2.4,6.59,5.99,1.2,3.59,0.0,9.0,00:02:01,9.85,7.0,00:01:46,14.52
Bryan Rust,PIT,,,8,00:20:19,1.11,1.48,7.75,0.37,5.17,1.48,0.0,7.0,00:20:32,1.25,1.67,7.51,0.42,4.59,1.67,0.0,8.0,00:02:19,6.47,7.0,00:02:03,8.33
Sam Carrick,NYR,,,10,00:12:49,0.0,1.87,8.89,6.55,3.74,2.34,18.71,7.0,00:12:52,0.0,0.67,9.33,5.33,3.33,3.33,21.32,,,,,,
Brendan Gallagher,MTL,,,10,00:13:48,0.0,2.61,6.96,3.48,0.43,2.61,0.87,7.0,00:13:47,0.0,1.86,9.32,3.73,0.0,1.24,0.62,10.0,00:01:50,3.27,,,
John Klingberg,S.J,,,3,00:19:33,1.02,1.02,4.09,3.07,4.09,2.04,0.0,1.0,00:17:06,0.0,0.0,0.0,10.53,10.53,0.0,0.0,3.0,00:04:10,9.6,,,
Mark Stone,VGK,Bar Down Beauties,RW;IR;IR+,6,00:18:24,1.09,5.98,10.32,1.63,2.72,0.0,0.0,4.0,00:18:17,1.64,5.74,12.3,0.82,1.64,0.0,0.0,6.0,00:04:07,19.43,4.0,00:03:38,20.62
Colin Blackwell,DAL,,,9,00:11:55,0.0,0.56,3.36,8.95,2.24,3.36,7.27,7.0,00:11:57,0.0,0.72,4.3,7.89,2.15,4.3,7.17,,,,,,
Ondrej Palat,N.J,,,9,00:12:49,0.0,0.52,3.12,8.31,5.2,0.0,0.0,7.0,00:12:40,0.0,0.68,3.38,8.11,4.06,0.0,0.0,,,,,,
Josh Manson,COL,P Diddlers,D,10,00:18:02,0.33,0.33,4.99,6.65,5.65,4.32,0.0,7.0,00:19:01,0.45,0.45,5.86,4.96,5.86,0.9,0.0,,,,,,
Dylan DeMelo,WPG,Jagrbombs,D,9,00:21:39,0.31,1.23,2.15,2.15,6.16,2.46,0.0,7.0,00:21:27,0.4,0.8,1.6,1.6,5.99,1.6,0.0,,,,,,
Nick Seeler,PHI,,,8,00:20:13,0.0,0.74,2.23,6.68,4.82,1.48,0.0,7.0,00:20:03,0.0,0.85,1.71,7.26,5.13,1.71,0.0,,,,,,
Sean Kuraly,BOS,,,10,00:13:51,0.43,0.87,6.49,4.33,3.03,2.6,21.64,6.0,00:17:00,0.0,1.18,7.05,2.35,3.53,1.18,15.28,,,,,,
Vincent Trocheck,NYR,Trocheck Backcheck Paycheque,C;IR;IR+,2,00:14:10,0.0,2.12,2.12,2.12,6.35,0.0,27.53,,,,,,,,,,,,,,,
Nick Cousins,OTT,,,9,00:11:22,0.59,0.59,4.1,10.55,2.93,3.52,1.17,6.0,00:14:09,1.41,0.71,5.65,9.18,3.53,4.24,1.41,,,,,,
Blake Coleman,CGY,,,10,00:17:36,1.7,0.34,9.54,7.49,2.38,1.36,1.7,7.0,00:17:59,1.91,0.48,9.53,5.24,1.91,0.95,1.91,,,,,,
Jean-Gabriel Pageau,NYI,Bar Down Beauties,C;RW,8,00:14:36,1.03,1.54,4.11,8.73,2.57,0.0,34.91,7.0,00:14:47,1.16,1.74,4.06,8.11,2.32,0.0,35.93,,,,,,
Mike Reilly,CAR,,,6,00:18:07,0.0,1.66,7.18,1.1,4.97,0.0,0.0,6.0,00:18:07,0.0,1.66,7.18,1.1,4.97,0.0,0.0,,,,,,
Scott Mayfield,NYI,,,8,00:18:28,0.0,1.22,3.65,1.22,5.68,11.78,0.0,7.0,00:18:53,0.0,0.91,3.63,0.91,6.35,13.16,0.0,,,,,,
Boone Jenner,CBJ,,,8,00:16:49,0.89,1.78,6.24,9.36,4.01,5.8,13.37,7.0,00:16:47,1.02,2.04,6.64,9.19,4.08,5.62,15.31,8.0,00:01:57,7.68,7.0,00:02:03,8.35
Brandon Saad,VGK,,,9,00:13:29,0.0,0.49,4.45,0.99,2.96,0.99,0.0,7.0,00:13:33,0.0,0.63,5.06,1.26,3.16,1.26,0.0,,,,,,
Joel Edmundson,L.A,,,10,00:17:05,0.0,1.05,3.16,4.91,3.16,2.11,0.0,7.0,00:17:07,0.0,1.5,3.5,3.5,4.0,0.0,0.0,,,,,,
William Karlsson,VGK,Dan's Dazzling Team,C,9,00:16:01,1.66,0.42,8.32,0.42,4.16,1.66,23.71,7.0,00:16:08,2.12,0.53,6.9,0.0,4.78,0.0,22.84,,,,,,
Nikita Kucherov,T.B,Autodraft Anomalies,RW,7,00:21:05,1.22,2.03,7.72,0.81,0.41,0.81,0.0,5.0,00:21:14,0.56,2.82,7.91,0.56,0.0,1.13,0.0,7.0,00:04:56,5.21,5.0,00:05:03,4.74
Ryan Nugent-Hopkins,EDM,,,10,00:18:36,1.61,1.94,6.13,1.61,0.32,1.29,9.35,7.0,00:18:37,1.84,1.84,5.98,1.84,0.46,0.92,8.28,10.0,00:03:27,12.15,7.0,00:03:16,13.07
Gabriel Landeskog,COL,,,10,00:14:27,0.0,0.83,5.4,6.64,0.83,1.66,4.98,7.0,00:14:40,0.0,1.17,4.67,4.09,0.58,1.17,3.51,10.0,00:01:56,0.0,7.0,00:01:55,0.0
Jonathan Huberdeau,CGY,The Epstein Islanders,C;LW,5,00:19:42,0.61,0.61,4.26,1.83,1.22,1.22,0.61,5.0,00:19:42,0.61,0.61,4.26,1.83,1.22,1.22,0.61,5.0,00:04:27,2.69,5.0,00:04:27,2.69
Adam Larsson,SEA,,,9,00:22:37,0.0,0.59,2.95,3.83,6.48,1.77,0.0,7.0,00:22:35,0.0,0.38,3.04,2.66,6.07,2.28,0.0,,,,,,
Mika Zibanejad,NYR,The Epstein Islanders,C;RW,10,00:20:46,0.87,0.58,10.39,3.46,1.73,0.58,21.08,7.0,00:21:13,0.81,0.81,9.69,2.83,1.62,0.81,21.0,10.0,00:03:35,3.35,7.0,00:03:25,5.01
Mark Scheifele,WPG,P Diddlers,C,9,00:20:17,2.63,1.64,8.21,0.99,0.66,1.31,24.31,7.0,00:20:13,2.54,0.85,8.9,0.42,0.85,0.85,23.3,9.0,00:04:02,8.24,7.0,00:03:58,10.8
Sean Couturier,PHI,,,8,00:19:39,0.76,2.29,5.34,3.43,2.29,2.29,32.43,7.0,00:19:31,0.88,2.63,5.71,3.51,2.19,2.63,28.97,8.0,00:02:07,0.0,7.0,00:02:17,0.0
Dougie Hamilton,N.J,Bar Down Beauties,D,9,00:22:14,0.9,0.3,7.2,3.6,4.8,1.2,0.0,7.0,00:22:55,0.75,0.37,7.85,2.99,5.98,1.5,0.0,9.0,00:02:30,5.31,7.0,00:02:34,6.65
Jonas Brodin,MIN,,,9,00:21:06,0.32,0.32,1.89,0.32,5.37,0.63,0.0,7.0,00:21:34,0.4,0.4,1.59,0.0,5.56,0.79,0.0,,,,,,
Jamie Oleksiak,SEA,,,9,00:17:44,0.38,0.0,4.51,4.51,6.76,1.5,0.0,7.0,00:18:23,0.47,0.0,4.19,4.19,6.52,0.0,0.0,,,,,,
J.T. Miller,NYR,Trocheck Backcheck Paycheque,C;RW,10,00:21:00,0.57,1.14,6.28,7.43,0.86,1.14,30.57,7.0,00:21:49,0.39,0.79,7.46,7.07,0.39,1.57,32.98,10.0,00:03:28,3.46,7.0,00:03:21,2.55
Joel Armia,L.A,,,10,00:14:18,0.84,1.68,6.71,4.61,1.68,3.35,1.26,7.0,00:15:14,1.12,1.69,5.62,3.94,1.69,3.37,1.69,10.0,00:01:06,0.0,,,
Connor Murphy,CHI,,,9,00:16:10,0.0,0.0,4.54,2.06,5.36,2.47,0.0,7.0,00:15:39,0.0,0.0,3.83,2.19,5.47,3.28,0.0,,,,,,
Stefan Noesen,N.J,,,3,00:07:35,0.0,0.0,5.27,13.17,5.27,0.0,2.63,3.0,00:07:35,0.0,0.0,5.27,13.17,5.27,0.0,2.63,,,,,,
Phillip Danault,L.A,,,10,00:17:37,0.0,1.02,4.42,3.4,0.68,0.68,29.26,7.0,00:17:05,0.0,1.0,4.52,3.51,1.0,1.0,32.61,10.0,00:01:18,0.0,,,
Vladislav Namestnikov,WPG,,,9,00:14:40,1.36,0.45,4.54,4.54,2.27,0.0,12.72,7.0,00:14:19,1.8,0.6,5.99,4.79,1.8,0.0,14.37,9.0,00:01:55,3.45,7.0,00:01:34,5.41
Rickard Rakell,PIT,,,9,00:17:44,1.13,1.88,6.39,3.38,3.76,0.75,0.38,6.0,00:17:37,1.13,2.27,5.11,2.27,2.84,1.13,0.57,9.0,00:02:15,8.87,6.0,00:01:58,5.07
Colin Miller,WPG,,,2,00:09:36,0.0,0.0,3.12,3.12,3.12,6.24,0.0,2.0,00:09:36,0.0,0.0,3.12,3.12,3.12,6.24,0.0,,,,,,
Jonathan Marchessault,NSH,Sask Squatches,RW,7,00:18:02,1.43,0.95,9.5,8.08,0.48,1.9,1.43,4.0,00:17:57,0.84,0.84,9.19,5.85,0.0,1.67,0.84,7.0,00:03:34,2.4,,,
Barclay Goodrow,S.J,,,9,00:11:26,0.0,0.58,4.66,7.57,5.24,0.0,1.17,7.0,00:11:15,0.0,0.76,6.1,6.1,3.81,0.0,1.52,,,,,,
Luke Glendening,N.J,,,9,00:10:24,0.0,1.28,3.21,8.97,5.13,0.0,39.1,7.0,00:10:03,0.0,1.71,4.26,7.67,4.26,0.0,38.37,,,,,,
Yanni Gourde,T.B,,,9,00:15:58,0.83,0.0,5.84,6.68,0.83,2.5,13.36,7.0,00:15:52,0.54,0.0,5.4,6.48,1.08,3.24,12.42,,,,,,
Morgan Rielly,TOR,Dan's Dazzling Team,D,8,00:21:50,0.69,1.37,7.21,2.06,1.72,0.69,0.0,6.0,00:21:57,0.46,0.46,6.38,1.82,0.91,0.91,0.0,8.0,00:02:57,0.0,6.0,00:02:59,0.0
Hampus Lindholm,BOS,,,3,00:15:03,0.0,0.0,2.66,0.0,7.97,2.66,0.0,1.0,00:20:43,0.0,0.0,0.0,0.0,8.68,5.79,0.0,,,,,,
Mathew Dumba,PIT,,,3,00:14:56,0.0,0.0,1.34,6.69,2.68,9.37,0.0,3.0,00:14:56,0.0,0.0,1.34,6.69,2.68,9.37,0.0,,,,,,
Brady Skjei,NSH,,,10,00:23:01,0.0,0.52,3.39,1.82,2.08,1.04,0.0,7.0,00:23:02,0.0,0.74,2.98,1.49,1.49,1.49,0.0,10.0,00:02:09,0.0,7.0,00:01:41,0.0
Tanner Pearson,WPG,,,9,00:11:01,1.21,0.6,4.23,6.04,4.23,4.84,0.6,7.0,00:11:17,1.52,0.76,3.04,6.08,4.56,4.56,0.0,,,,,,
Mark Jankowski,CAR,,,3,00:10:07,0.0,0.0,5.93,1.98,3.95,3.95,23.71,3.0,00:10:07,0.0,0.0,5.93,1.98,3.95,3.95,23.71,,,,,,
Olli Määttä,UTA,,,10,00:11:12,0.0,0.54,1.07,0.0,5.35,0.0,0.0,7.0,00:12:01,0.0,0.71,0.71,0.0,6.41,0.0,0.0,,,,,,
Mike Matheson,MTL,P Diddlers,D,10,00:24:39,0.73,0.73,3.65,2.92,5.11,1.95,0.0,7.0,00:25:47,0.66,0.66,3.66,2.99,5.65,2.66,0.0,,,,,,
Zemgus Girgensons,T.B,,,2,00:14:03,0.0,0.0,4.27,14.94,0.0,4.27,12.8,2.0,00:14:03,0.0,0.0,4.27,14.94,0.0,4.27,12.8,,,,,,
Cody Ceci,L.A,,,10,00:17:52,0.34,0.34,4.36,1.68,4.36,0.0,0.0,7.0,00:18:12,0.47,0.47,3.77,0.94,2.82,0.0,0.0,,,,,,
Tom Wilson,WSH,The Epstein Islanders,RW,9,00:19:46,1.69,2.02,7.08,9.1,1.01,1.35,0.34,7.0,00:19:29,1.76,2.2,7.47,8.79,0.88,1.76,0.44,9.0,00:03:37,7.37,7.0,00:03:35,9.55
Tomas Hertl,VGK,,,9,00:17:22,1.15,1.53,8.05,4.99,0.77,3.07,35.29,7.0,00:17:00,1.51,1.51,8.57,3.53,1.01,2.02,35.28,9.0,00:04:00,5.0,7.0,00:03:37,7.11
Teuvo Teravainen,CHI,,,9,00:18:42,0.36,2.5,3.92,1.78,1.43,0.0,0.71,7.0,00:18:49,0.0,2.73,4.56,2.28,0.91,0.0,0.91,9.0,00:03:09,6.35,7.0,00:02:58,8.65
Jacob Trouba,ANA,Sask Squatches,D,8,00:20:45,0.72,1.08,3.97,8.67,6.87,0.0,0.0,7.0,00:21:05,0.81,1.22,4.06,8.53,7.31,0.0,0.0,,,,,,
Filip Forsberg,NSH,The Epstein Islanders,LW,10,00:19:10,0.94,1.25,10.01,7.51,1.25,0.63,0.0,7.0,00:18:49,0.91,0.91,10.01,7.74,0.46,0.91,0.0,10.0,00:03:40,3.26,7.0,00:02:46,3.08
Radek Faksa,DAL,,,9,00:12:06,0.55,1.1,2.75,7.71,3.85,1.1,24.22,7.0,00:11:45,0.73,1.46,3.65,8.02,3.65,1.46,23.33,,,,,,
Matt Grzelcyk,CHI,,,9,00:14:47,0.0,0.45,4.51,0.9,4.06,0.9,0.0,7.0,00:14:27,0.0,0.59,3.56,1.19,3.56,1.19,0.0,,,,,,
Colton Parayko,STL,P Diddlers,D,9,00:22:59,0.0,1.16,4.64,3.19,5.22,0.58,0.0,7.0,00:23:08,0.0,1.11,5.56,2.96,4.44,0.0,0.0,,,,,,
Oskar Sundqvist,STL,,,3,00:13:05,0.0,3.05,0.0,7.64,1.53,6.11,25.97,3.0,00:13:05,0.0,3.05,0.0,7.64,1.53,6.11,25.97,,,,,,
Esa Lindell,DAL,Sask Squatches,D,9,00:22:30,0.3,0.89,2.67,2.07,5.33,0.59,0.0,7.0,00:22:16,0.38,0.77,2.69,1.15,5.77,0.77,0.0,,,,,,
Chandler Stephenson,SEA,,,9,00:20:34,0.65,0.97,4.86,0.32,3.24,0.0,29.8,7.0,00:20:39,0.83,1.25,5.4,0.42,2.49,0.0,29.47,9.0,00:02:42,4.92,7.0,00:02:40,6.39
Shayne Gostisbehere,CAR,Autodraft Anomalies,D,5,00:16:01,0.75,4.49,4.49,1.5,5.99,1.5,0.0,4.0,00:14:59,1.0,4.0,5.0,1.0,7.0,2.0,0.0,5.0,00:03:24,3.52,4.0,00:03:08,4.77
Adam Pelech,NYI,,,8,00:19:16,0.0,0.39,3.89,1.56,4.67,0.78,0.0,7.0,00:19:26,0.0,0.44,3.09,1.32,5.29,0.88,0.0,,,,,,
Jordan Martinook,CAR,,,8,00:14:28,0.0,2.07,6.22,8.29,2.59,0.0,1.04,7.0,00:14:39,0.0,1.75,5.26,8.77,2.92,0.0,1.17,,,,,,
Damon Severson,CBJ,,,8,00:19:51,0.38,0.76,3.4,3.02,3.02,0.0,0.0,7.0,00:19:50,0.43,0.43,3.02,3.46,2.59,0.0,0.0,8.0,00:01:21,5.5,7.0,00:01:30,5.71
Colton Sissons,VGK,,,9,00:11:05,0.0,0.6,2.4,6.61,3.0,7.81,34.85,7.0,00:10:56,0.0,0.78,1.57,7.05,2.35,8.61,35.23,,,,,,
Teddy Blueger,VAN,,,2,00:15:49,1.9,0.0,3.79,5.69,5.69,0.0,17.06,2.0,00:15:49,1.9,0.0,3.79,5.69,5.69,0.0,17.06,,,,,,
Jake McCabe,TOR,Trocheck Backcheck Paycheque,D,9,00:20:51,0.32,0.64,1.92,4.79,7.99,2.24,0.0,7.0,00:20:34,0.42,0.83,2.08,5.0,8.33,2.92,0.0,,,,,,
Jaccob Slavin,CAR,,,2,00:18:31,0.0,0.0,3.24,0.0,4.86,0.0,0.0,1.0,00:16:48,0.0,0.0,7.14,0.0,0.0,0.0,0.0,,,,,,
Brett Kulak,EDM,,,10,00:18:48,0.0,0.64,2.55,0.64,3.19,0.64,0.0,7.0,00:18:19,0.0,0.94,3.27,0.94,2.34,0.0,0.0,,,,,,
Josh Anderson,MTL,,,10,00:15:07,0.4,0.4,4.76,4.76,2.38,1.59,1.98,7.0,00:15:19,0.56,0.56,5.03,2.8,1.68,2.24,2.8,,,,,,
Vinnie Hinostroza,MIN,,,10,00:11:08,0.0,0.54,4.31,7.0,1.62,2.15,1.08,7.0,00:11:34,0.0,0.74,2.96,5.92,1.48,1.48,0.74,10.0,00:01:12,4.97,,,
Connor Brown,N.J,,,9,00:15:43,2.12,0.42,6.36,2.12,3.82,0.85,0.85,7.0,00:16:04,1.6,0.53,5.86,1.07,4.26,1.07,1.07,,,,,,
Ben Hutton,VGK,,,8,00:15:41,0.0,0.96,6.21,2.39,4.3,2.39,0.0,7.0,00:15:51,0.0,0.54,6.48,2.16,4.86,2.7,0.0,,,,,,
Liam O'Brien,UTA,,,5,00:09:42,1.24,0.0,12.37,9.89,4.95,6.18,0.0,5.0,00:09:42,1.24,0.0,12.37,9.89,4.95,6.18,0.0,,,,,,
Kurtis MacDermid,OTT,,,3,00:04:41,0.0,0.0,8.52,12.78,12.78,29.82,0.0,1.0,00:12:52,0.0,0.0,4.66,4.66,9.33,9.33,0.0,,,,,,
Nate Schmidt,UTA,,,10,00:20:48,0.0,0.58,4.04,3.46,2.88,0.58,0.0,7.0,00:21:29,0.0,0.8,3.59,3.99,2.39,0.0,0.0,10.0,00:02:07,0.0,7.0,00:02:07,0.0
MacKenzie Weegar,CGY,Bros before Ahos,D,10,00:24:42,0.0,0.49,3.64,6.56,3.89,4.86,0.0,7.0,00:24:41,0.0,0.69,3.82,5.21,4.16,1.39,0.0,10.0,00:04:06,1.46,7.0,00:03:30,2.45
Connor Clifton,PIT,,,3,00:17:33,0.0,0.0,2.28,18.22,10.25,2.28,0.0,3.0,00:17:33,0.0,0.0,2.28,18.22,10.25,2.28,0.0,,,,,,
Carson Soucy,NYR,,,6,00:14:10,0.71,0.71,3.53,4.94,3.53,0.0,0.0,3.0,00:13:15,0.0,1.51,3.02,6.04,3.02,0.0,0.0,,,,,,
Jonny Brodzinski,NYR,,,2,00:08:03,0.0,0.0,0.0,0.0,3.73,0.0,7.45,2.0,00:08:03,0.0,0.0,0.0,0.0,3.73,0.0,7.45,,,,,,
John Hayden,SEA,,,3,00:10:04,0.0,0.0,3.97,13.89,3.97,3.97,11.91,3.0,00:10:04,0.0,0.0,3.97,13.89,3.97,3.97,11.91,,,,,,
Pavel Buchnevich,STL,,,9,00:18:06,0.74,1.47,6.26,2.21,0.74,1.47,0.74,7.0,00:18:06,0.95,1.42,5.68,0.95,0.95,0.95,0.47,9.0,00:03:11,6.26,7.0,00:03:21,7.67
Jake Guentzel,T.B,,,9,00:21:58,1.21,1.82,10.32,0.3,1.82,1.21,3.95,7.0,00:21:31,1.59,1.59,11.15,0.0,1.19,1.59,4.38,9.0,00:04:22,3.04,7.0,00:04:22,1.96
Anthony Duclair,NYI,,,8,00:15:38,0.96,0.48,6.23,0.0,2.88,0.0,0.0,7.0,00:16:15,1.05,0.53,6.33,0.0,2.11,0.0,0.0,8.0,00:01:30,4.95,7.0,00:01:38,5.24
Carter Verhaeghe,FLA,,,10,00:17:46,0.67,0.67,9.45,2.02,1.01,0.0,1.69,7.0,00:18:18,0.47,0.47,8.9,2.81,1.4,0.0,1.87,10.0,00:02:25,4.94,7.0,00:02:27,0.0
Oliver Bjorkstrand,T.B,,,9,00:14:21,0.46,0.93,5.11,2.79,1.39,0.93,1.86,7.0,00:14:36,0.0,0.59,4.69,2.35,1.17,1.17,2.35,9.0,00:03:14,2.06,7.0,00:03:13,0.0
Mason Geertsen,BUF,,,4,00:04:11,0.0,0.0,0.0,21.45,0.0,42.9,0.0,,,,,,,,,,,,,,,
Miles Wood,CBJ,,,3,00:07:57,2.51,0.0,10.05,5.02,0.0,5.02,0.0,2.0,00:06:13,4.81,0.0,14.44,4.81,0.0,9.63,0.0,,,,,,
Andrew Copp,DET,,,9,00:14:58,0.45,1.34,5.34,3.12,3.56,0.89,14.25,7.0,00:14:50,0.0,1.73,5.2,2.89,3.47,1.16,13.28,,,,,,
Andre Burakovsky,CHI,,,8,00:17:00,0.88,0.88,3.97,2.2,0.44,2.65,0.0,6.0,00:17:27,0.57,0.57,4.01,2.29,0.57,3.44,0.0,8.0,00:01:52,7.96,6.0,00:01:56,10.27
Michael McCarron,NSH,,,10,00:14:52,0.4,0.81,4.84,10.89,4.03,6.46,30.26,7.0,00:14:58,0.57,1.14,4.01,10.88,4.58,8.01,34.35,,,,,,
Shea Theodore,VGK,Hughes your daddy,D,9,00:24:01,0.0,0.83,5.27,0.0,6.38,0.56,0.0,7.0,00:23:50,0.0,0.72,4.67,0.0,6.47,0.72,0.0,9.0,00:02:02,0.0,7.0,00:02:16,0.0
Jason Dickinson,CHI,,,6,00:14:44,0.68,0.68,5.43,3.39,3.39,1.36,40.72,4.0,00:16:26,0.91,0.91,6.39,3.65,4.56,0.0,41.05,,,,,,
Ryan Hartman,MIN,,,10,00:16:16,1.11,0.74,12.16,2.95,4.05,1.47,25.06,7.0,00:16:07,0.53,1.06,10.64,3.19,4.25,2.13,22.87,10.0,00:02:01,2.95,7.0,00:01:49,4.69
Adam Erne,DAL,,,6,00:10:03,0.0,0.99,2.98,25.83,4.97,0.0,1.99,6.0,00:10:03,0.0,0.99,2.98,25.83,4.97,0.0,1.99,,,,,,
J.T. Compher,DET,,,9,00:16:46,0.8,1.19,3.18,1.19,2.78,0.8,19.88,7.0,00:17:03,1.01,1.51,3.02,0.5,1.51,1.01,22.12,9.0,00:01:29,0.0,7.0,00:01:33,0.0
Artturi Lehkonen,COL,Trocheck Backcheck Paycheque,LW;RW,10,00:19:51,1.21,2.11,7.25,1.81,2.42,0.0,0.0,7.0,00:18:51,0.91,2.73,6.82,2.27,2.73,0.0,0.0,10.0,00:03:25,0.0,7.0,00:02:15,0.0
William Carrier,CAR,,,7,00:10:19,0.83,1.66,4.98,11.62,0.83,1.66,0.0,6.0,00:10:11,0.98,0.98,5.89,11.77,0.98,1.96,0.0,,,,,,
Tyler Bertuzzi,CHI,Bar Down Beauties,LW;RW;IR+,8,00:16:55,0.89,1.77,7.54,4.43,0.0,0.89,6.21,6.0,00:16:40,1.2,1.2,8.4,4.2,0.0,1.2,6.6,8.0,00:02:58,5.05,6.0,00:02:40,7.46
Brett Pesce,N.J,,,9,00:19:39,0.0,1.02,2.71,1.36,8.14,0.68,0.0,7.0,00:19:06,0.0,0.9,3.59,0.0,8.08,0.9,0.0,,,,,,
Nathan MacKinnon,COL,Trocheck Backcheck Paycheque,C,10,00:22:00,1.91,1.91,12.0,2.45,1.36,2.18,30.26,7.0,00:21:51,1.96,1.18,13.33,1.96,1.57,2.35,29.02,10.0,00:05:27,2.2,7.0,00:04:53,0.0
Jonathan Drouin,NYI,,,7,00:18:07,0.47,1.89,3.78,0.95,1.42,8.04,1.42,6.0,00:17:51,0.0,2.24,3.92,1.12,1.68,1.12,1.68,7.0,00:04:20,0.0,6.0,00:04:10,0.0
Seth Jones,FLA,The Epstein Islanders,D,10,00:23:10,0.0,1.29,3.62,3.88,2.07,1.04,0.0,7.0,00:23:45,0.0,1.08,3.25,4.69,2.16,0.72,0.0,10.0,00:04:15,4.23,7.0,00:04:24,3.88
Elias Lindholm,BOS,Bros before Ahos,C,10,00:18:26,0.98,1.3,6.51,4.88,4.23,2.6,35.46,6.0,00:21:27,0.47,0.93,4.19,3.73,5.13,3.73,27.96,11.0,00:03:29,7.8,7.0,00:03:12,8.0
Sean Monahan,CBJ,Hughes your daddy,C,8,00:19:19,0.0,1.16,8.54,2.33,0.39,0.78,34.55,7.0,00:19:39,0.0,1.31,8.72,2.18,0.44,0.0,34.45,8.0,00:02:57,2.54,7.0,00:03:11,2.68
Darnell Nurse,EDM,Bros before Ahos,D,10,00:21:04,0.28,1.14,6.83,5.12,8.82,1.71,0.0,7.0,00:21:10,0.4,1.21,6.88,4.05,9.71,1.62,0.0,,,,,,
Bo Horvat,NYI,Sask Squatches,C,8,00:21:13,1.77,1.41,9.89,2.12,1.06,0.71,31.8,7.0,00:21:13,2.02,1.62,8.48,1.62,1.21,0.0,29.08,8.0,00:04:15,7.04,7.0,00:04:06,8.34
Valeri Nichushkin,COL,,,10,00:17:48,1.68,0.67,10.44,3.37,1.01,0.67,0.34,7.0,00:18:38,2.3,0.92,11.04,4.14,0.92,0.92,0.46,10.0,00:02:26,2.46,7.0,00:02:40,3.21
Max Domi,TOR,,,9,00:13:10,0.51,0.0,9.61,1.01,3.03,3.03,19.22,7.0,00:12:58,0.0,0.0,7.92,1.32,3.3,2.64,15.84,9.0,00:01:09,0.0,,,
Josh Morrissey,WPG,Bar Down Beauties,D,9,00:24:55,0.0,1.87,4.28,1.87,5.08,1.6,0.0,7.0,00:24:29,0.0,2.1,4.9,2.1,5.6,0.7,0.0,9.0,00:03:52,3.44,7.0,00:03:41,4.65
Alexander Wennberg,S.J,,,9,00:19:57,0.33,0.67,3.01,1.0,2.67,0.0,21.71,7.0,00:20:17,0.0,0.42,2.96,1.27,2.11,0.0,22.81,9.0,00:02:38,7.58,7.0,00:02:28,3.46
Ryan Pulock,NYI,,,8,00:19:39,0.0,1.53,3.43,3.05,6.1,0.0,0.0,7.0,00:19:53,0.0,1.72,3.88,3.45,6.46,0.0,0.0,,,,,,
Nikita Zadorov,BOS,Trocheck Backcheck Paycheque,D,10,00:21:23,0.28,0.56,2.24,12.06,5.61,2.81,0.0,6.0,00:25:04,0.4,0.4,2.79,9.17,4.39,3.99,0.0,,,,,,
Curtis Lazar,EDM,,,2,00:11:43,2.56,0.0,2.56,10.23,5.11,0.0,12.78,2.0,00:11:43,2.56,0.0,2.56,10.23,5.11,0.0,12.78,,,,,,
Anthony Mantha,PIT,,,10,00:14:40,2.04,1.64,8.18,2.45,2.04,0.0,0.41,7.0,00:14:30,2.96,1.18,9.46,0.59,2.36,0.0,0.0,10.0,00:01:08,5.28,,,
Ross Johnston,ANA,,,7,00:08:28,1.01,3.03,2.02,17.19,1.01,24.27,1.01,6.0,00:08:28,1.18,3.54,1.18,18.87,1.18,28.31,1.18,,,,,,
Dakota Mermis,TOR,,,1,00:13:12,0.0,0.0,4.55,0.0,0.0,0.0,0.0,1.0,00:13:12,0.0,0.0,4.55,0.0,0.0,0.0,0.0,,,,,,
Nathan Walker,STL,,,9,00:12:50,0.52,1.56,6.75,16.1,2.6,1.04,4.15,7.0,00:12:43,0.67,1.35,6.73,16.16,2.02,1.35,4.04,,,,,,
Joel Hanley,CGY,,,10,00:15:39,0.0,0.38,2.3,2.68,6.52,0.77,0.0,7.0,00:14:32,0.0,0.59,2.95,1.18,5.31,1.18,0.0,,,,,,
Conor Sheary,NYR,,,10,00:16:19,0.0,1.1,4.78,1.1,2.57,0.74,1.1,7.0,00:17:12,0.0,1.0,4.98,1.0,1.49,1.0,1.49,,,,,,
Trevor van Riemsdyk,WSH,,,7,00:14:42,0.58,0.0,2.91,0.58,2.91,2.33,0.0,5.0,00:15:04,0.8,0.0,3.18,0.8,3.98,1.59,0.0,,,,,,
Garnet Hathaway,PHI,,,8,00:09:28,0.0,0.0,2.37,23.74,5.54,8.7,1.58,7.0,00:09:26,0.0,0.0,1.82,23.62,6.36,9.99,1.82,,,,,,
Frederic Gaudreau,SEA,,,4,00:12:52,0.0,1.17,3.5,2.33,5.83,0.0,20.98,2.0,00:11:18,0.0,2.65,0.0,2.65,5.31,0.0,29.18,,,,,,
Aaron Ekblad,FLA,Bros before Ahos,D,10,00:23:46,0.25,0.5,4.04,2.78,4.04,1.51,0.0,7.0,00:23:49,0.0,0.36,3.24,2.52,5.03,2.16,0.0,10.0,00:03:28,1.73,7.0,00:03:08,0.0
Sam Reinhart,FLA,P Diddlers,C;RW,10,00:21:08,1.14,0.28,7.38,3.69,1.99,0.57,5.11,7.0,00:21:41,1.19,0.4,6.72,3.56,1.98,0.79,4.74,10.0,00:04:31,2.65,7.0,00:04:37,3.7
Leon Draisaitl,EDM,,,10,00:22:35,1.86,1.06,7.44,1.33,0.27,0.53,22.32,7.0,00:22:23,1.91,1.15,7.27,1.15,0.38,0.0,27.57,10.0,00:03:50,9.38,7.0,00:03:39,9.38
Sam Bennett,FLA,Jagrbombs,C,10,00:17:34,0.34,0.34,7.17,7.51,1.37,2.73,23.57,7.0,00:17:10,0.5,0.5,6.49,8.98,2.0,2.99,23.46,10.0,00:03:36,1.67,7.0,00:03:25,2.51
Haydn Fleury,WPG,,,8,00:16:25,0.0,0.0,4.11,6.39,5.02,0.91,0.0,6.0,00:16:40,0.0,0.0,4.2,4.2,3.6,1.2,0.0,,,,,,
William Nylander,TOR,Jagrbombs,C;RW;IR+,8,00:19:29,1.15,4.23,5.39,0.77,1.15,0.77,3.08,6.0,00:19:20,1.03,4.14,6.72,1.03,1.55,0.0,3.1,8.0,00:02:48,5.33,6.0,00:02:48,7.14
Nikolaj Ehlers,CAR,Dan's Dazzling Team,LW;RW,8,00:17:42,0.0,1.27,9.32,1.69,1.27,1.69,1.69,7.0,00:17:26,0.0,1.47,9.83,0.98,1.47,1.97,1.97,8.0,00:04:00,0.0,7.0,00:03:55,0.0
Kevin Fiala,L.A,Autodraft Anomalies,LW,10,00:17:58,1.67,1.0,10.01,2.34,0.67,1.34,0.0,7.0,00:17:54,1.92,0.96,10.05,1.92,0.48,0.96,0.0,10.0,00:03:03,7.86,7.0,00:02:57,5.79
Dylan Larkin,DET,Jagrbombs,C,9,00:20:17,1.97,2.3,8.87,1.64,0.99,2.63,29.89,7.0,00:20:20,2.11,2.53,7.58,1.26,0.84,3.37,29.91,9.0,00:03:52,6.89,7.0,00:03:27,7.42
Sonny Milano,WSH,,,4,00:11:07,0.0,0.0,9.44,2.7,0.0,0.0,1.35,4.0,00:11:07,0.0,0.0,9.44,2.7,0.0,0.0,1.35,4.0,00:02:34,0.0,4.0,00:02:34,0.0
Travis Sanheim,PHI,,,8,00:26:27,0.28,0.85,2.83,2.27,5.38,1.13,0.0,7.0,00:26:21,0.33,0.98,2.93,2.6,5.53,1.3,0.0,8.0,00:01:25,0.0,7.0,00:01:28,0.0
Alex Tuch,BUF,Bros before Ahos,RW,9,00:19:25,1.03,1.37,8.24,0.69,4.46,7.89,1.03,7.0,00:18:46,1.37,1.83,7.76,0.91,5.48,10.5,1.37,9.0,00:02:08,0.0,7.0,00:01:27,0.0
Tony DeAngelo,NYI,,,8,00:18:49,0.4,1.2,6.38,1.99,3.19,0.8,0.0,7.0,00:18:08,0.47,1.42,6.14,2.36,2.83,0.94,0.0,8.0,00:02:19,0.0,7.0,00:01:54,0.0
Nick Schmaltz,UTA,Bros before Ahos,C;RW,10,00:19:18,2.18,2.8,11.19,0.62,2.18,1.24,5.59,7.0,00:19:22,3.1,3.1,11.5,0.88,3.1,0.88,4.42,10.0,00:04:03,8.89,7.0,00:04:08,10.36
Kasperi Kapanen,EDM,,,6,00:12:17,0.0,1.63,3.26,13.02,3.26,0.0,0.0,3.0,00:10:14,0.0,0.0,3.91,11.72,3.91,0.0,0.0,,,,,,
Jared McCann,SEA,,,5,00:17:17,2.08,0.69,9.72,4.86,2.78,0.0,1.39,3.0,00:17:12,1.16,1.16,9.3,4.65,2.32,0.0,2.32,,,,,,
David Pastrnak,BOS,Jagrbombs,RW,10,00:20:13,1.48,2.37,10.98,5.93,0.89,2.37,0.0,6.0,00:23:20,1.71,1.71,8.57,5.14,0.43,0.86,0.0,11.0,00:04:19,7.56,7.0,00:03:52,8.83
Adrian Kempe,L.A,Sask Squatches,RW,10,00:19:12,1.56,2.5,10.0,8.12,1.87,3.75,2.5,7.0,00:19:01,1.8,2.7,9.01,6.76,0.9,5.41,3.6,10.0,00:03:01,7.96,7.0,00:02:52,8.93
Ivan Barbashev,VGK,,,9,00:15:18,1.31,2.18,5.66,6.97,0.44,0.0,0.0,7.0,00:15:22,1.11,2.23,5.57,4.46,0.56,0.0,0.0,,,,,,
Marcus Pettersson,VAN,,,10,00:20:15,0.0,0.3,1.78,1.48,5.03,2.37,0.0,7.0,00:20:59,0.0,0.41,2.04,1.23,5.31,3.27,0.0,,,,,,
Brandon Montour,SEA,Trocheck Backcheck Paycheque,D,5,00:22:58,0.0,2.09,7.31,4.18,6.27,2.61,0.0,3.0,00:23:27,0.0,2.56,5.97,4.26,5.11,0.0,0.0,,,,,,
Ryan Donato,CHI,,,9,00:15:42,2.12,0.85,9.33,4.24,0.85,2.55,4.67,7.0,00:15:28,2.77,1.11,11.08,2.77,1.11,3.33,4.99,9.0,00:01:49,3.67,7.0,00:01:49,4.69
Christian Dvorak,PHI,,,8,00:15:45,0.95,0.95,6.66,3.33,2.38,2.85,19.98,7.0,00:15:40,1.09,1.09,7.1,3.83,2.73,1.09,22.41,,,,,,
Justin Kirkland,CGY,,,6,00:09:28,0.0,0.0,4.22,10.55,2.11,0.0,27.42,4.0,00:09:49,0.0,0.0,6.11,9.16,0.0,0.0,32.06,,,,,,
Warren Foegele,L.A,,,10,00:13:22,0.45,0.0,5.83,5.38,0.45,2.69,1.35,7.0,00:12:59,0.66,0.0,7.92,4.62,0.0,2.64,0.0,,,,,,
Brayden Point,T.B,Boats and Ahos,C,9,00:19:18,0.69,1.73,5.87,0.69,1.38,0.69,15.54,7.0,00:19:07,0.45,0.9,7.17,0.9,1.34,0.9,15.68,9.0,00:04:18,4.64,7.0,00:04:15,2.02
Jake Walman,EDM,The Epstein Islanders,D,4,00:20:08,0.74,1.49,2.98,1.49,6.7,0.0,0.0,4.0,00:20:08,0.74,1.49,2.98,1.49,6.7,0.0,0.0,,,,,,
Michael Amadio,OTT,,,9,00:14:31,0.46,0.0,5.05,5.51,3.67,0.92,0.92,6.0,00:16:40,0.6,0.6,6.0,4.2,4.2,0.0,1.2,,,,,,
Devon Toews,COL,Trocheck Backcheck Paycheque,D,10,00:23:26,0.0,0.26,4.1,0.51,2.82,0.0,0.0,7.0,00:23:07,0.0,0.37,4.82,0.74,3.34,0.0,0.0,10.0,00:01:01,0.0,,,
Viktor Arvidsson,BOS,,,10,00:13:46,0.44,1.31,9.15,3.49,2.18,2.62,1.31,6.0,00:15:55,1.26,1.26,9.41,3.14,3.14,1.26,1.26,11.0,00:01:42,0.0,7.0,00:01:35,0.0
Sam Lafferty,CHI,,,2,00:06:25,0.0,0.0,0.0,9.35,0.0,18.7,0.0,,,,,,,,,,,,,,,
Michael Bunting,NSH,,,10,00:14:24,0.83,0.42,4.58,1.67,2.08,0.83,1.25,7.0,00:13:53,0.62,0.0,4.93,1.23,1.85,0.0,0.62,10.0,00:02:07,0.0,7.0,00:01:29,0.0
Gustav Forsling,FLA,Sask Squatches,D,10,00:22:27,0.0,1.07,3.21,3.21,2.4,0.0,0.0,7.0,00:22:38,0.0,0.38,2.27,2.65,2.65,0.0,0.0,,,,,,
Dakota Joshua,TOR,,,9,00:11:39,1.14,0.57,5.72,17.16,3.43,1.14,0.57,7.0,00:11:36,1.48,0.74,5.17,18.46,3.69,1.48,0.74,,,,,,
Victor Olofsson,COL,,,10,00:13:36,0.0,2.21,11.47,1.32,0.88,0.0,0.0,7.0,00:14:04,0.0,1.83,12.78,1.22,0.61,0.0,0.0,10.0,00:03:18,1.81,7.0,00:03:51,2.22
Jake Evans,MTL,,,10,00:16:13,0.37,0.37,5.55,4.07,4.44,3.7,31.45,7.0,00:16:49,0.51,0.51,6.63,3.57,5.1,5.1,31.09,,,,,,
Jake Middleton,MIN,,,10,00:16:53,0.0,0.36,3.2,4.97,6.39,6.04,0.0,7.0,00:16:21,0.0,0.52,4.19,4.72,5.76,6.81,0.0,,,,,,
Darren Raddysh,T.B,,,6,00:15:31,0.64,1.29,7.73,3.22,2.58,1.29,0.0,4.0,00:14:30,0.0,0.0,8.27,4.14,1.03,2.07,0.0,,,,,,
Andrew Mangiapane,EDM,,,10,00:15:33,1.16,0.39,3.09,2.31,2.31,0.0,0.0,7.0,00:15:58,0.54,0.0,3.22,2.68,2.68,0.0,0.0,,,,,,
Frank Vatrano,ANA,,,8,00:12:55,0.0,0.58,11.03,15.67,2.9,5.22,2.32,7.0,00:12:59,0.0,0.66,10.56,15.84,1.98,4.62,2.64,,,,,,
Rasmus Andersson,CGY,Sask Squatches,D,10,00:23:29,0.51,0.0,6.64,1.53,3.32,1.53,0.0,7.0,00:22:45,0.75,0.0,8.28,1.88,3.01,2.26,0.0,10.0,00:02:16,2.63,7.0,00:01:53,4.52
Kyle Connor,WPG,robert's Fabulous Team,LW,9,00:20:34,1.3,2.27,10.7,0.97,0.65,1.3,0.0,7.0,00:20:52,0.41,2.46,9.44,1.23,0.41,0.82,0.0,9.0,00:03:49,5.24,7.0,00:03:51,4.45
Jonas Siegenthaler,N.J,,,9,00:19:31,0.0,0.34,1.37,2.05,5.12,1.37,0.0,7.0,00:19:56,0.0,0.43,1.72,2.58,5.59,0.86,0.0,,,,,,
Pavel Zacha,BOS,,,10,00:18:06,0.66,2.32,4.31,3.98,1.66,2.65,15.24,6.0,00:20:23,0.49,1.47,6.38,4.41,1.47,3.92,25.5,11.0,00:03:31,6.19,7.0,00:03:15,5.26
Connor McDavid,EDM,Sask Squatches,C,10,00:23:34,0.25,2.8,7.13,0.51,0.51,0.51,12.22,7.0,00:23:28,0.37,2.56,6.57,0.37,0.37,0.73,10.59,10.0,00:03:51,9.33,7.0,00:03:38,11.76
Jack Eichel,VGK,Dan's Dazzling Team,C,9,00:20:50,1.92,3.2,12.15,1.28,1.28,0.0,25.27,7.0,00:20:25,1.68,2.52,12.59,0.42,1.26,0.0,24.34,9.0,00:04:19,12.33,7.0,00:04:03,10.55
Vince Dunn,SEA,Hughes your daddy,D,9,00:23:39,0.56,0.85,6.76,0.28,1.97,1.69,0.0,7.0,00:24:08,0.35,0.35,6.39,0.35,2.13,2.13,0.0,9.0,00:02:47,4.77,7.0,00:02:44,3.13
Timo Meier,N.J,,,9,00:17:59,1.11,1.85,8.15,5.93,1.85,1.48,2.59,7.0,00:17:51,0.96,1.92,7.2,4.8,1.44,1.92,2.88,9.0,00:02:04,12.8,7.0,00:01:52,18.32
Erik Cernak,T.B,,,9,00:19:19,0.0,0.35,1.73,5.18,7.94,2.07,0.0,7.0,00:19:45,0.0,0.43,1.74,4.34,6.51,1.74,0.0,,,,,,
Mikko Rantanen,DAL,Hughes your daddy,LW;RW,9,00:21:13,1.26,2.2,7.22,3.14,1.88,4.4,0.94,7.0,00:21:34,1.19,1.59,7.15,3.97,2.38,3.97,0.79,9.0,00:04:24,10.57,7.0,00:04:27,11.54
A.J. Greer,FLA,,,10,00:08:36,2.09,1.39,4.18,18.81,2.09,4.88,0.7,7.0,00:08:22,2.05,1.02,4.09,16.37,2.05,2.05,0.0,,,,,,
Sebastian Aho,CAR,Boats and Ahos,C,8,00:20:33,1.46,2.19,6.93,5.11,1.46,1.46,24.8,7.0,00:20:24,1.68,1.68,6.72,5.04,1.68,1.68,23.52,8.0,00:04:01,1.86,7.0,00:03:54,0.0
Keegan Kolesar,VGK,,,9,00:11:01,0.0,0.61,3.63,15.13,5.45,4.24,0.0,7.0,00:11:13,0.0,0.0,3.82,16.02,6.1,5.34,0.0,,,,,,
Tommy Novak,PIT,,,10,00:11:51,0.51,1.52,6.07,1.52,2.53,2.02,4.55,7.0,00:11:55,0.72,1.44,5.75,0.0,2.16,2.88,5.03,,,,,,
Travis Konecny,PHI,,,8,00:18:54,0.4,1.19,5.95,4.76,2.78,2.78,1.19,7.0,00:19:14,0.45,1.34,6.68,4.9,3.12,3.12,1.34,8.0,00:02:31,2.98,7.0,00:02:44,3.13
Dylan Strome,WSH,Dan's Dazzling Team,C;IR+,9,00:16:14,0.82,3.28,6.57,1.23,2.05,0.82,35.31,7.0,00:15:41,1.09,4.37,7.1,1.64,1.64,1.09,31.69,9.0,00:03:29,7.62,7.0,00:03:24,10.05
Brandon Carlo,TOR,,,9,00:19:17,0.0,0.69,3.8,1.73,3.11,1.38,0.0,7.0,00:19:22,0.0,0.89,3.98,1.77,3.1,0.89,0.0,,,,,,
Brock Boeser,VAN,Bar Down Beauties,RW,8,00:20:04,1.5,0.75,7.48,1.87,0.75,0.0,2.24,5.0,00:21:25,1.12,1.12,8.4,2.24,1.12,0.0,3.36,8.0,00:04:15,1.76,5.0,00:04:47,2.5
Mathew Barzal,NYI,robert's Fabulous Team,C;RW,8,00:21:18,0.7,1.76,5.28,1.06,3.17,2.11,10.91,7.0,00:21:20,0.8,1.61,4.42,1.2,3.21,1.61,9.64,8.0,00:04:20,3.45,7.0,00:04:12,4.07
Roope Hintz,DAL,P Diddlers,C;IR+,8,00:19:01,0.39,2.76,11.04,1.58,1.97,0.79,29.96,6.0,00:18:23,0.54,2.72,10.88,1.63,1.63,0.0,28.82,8.0,00:03:19,11.31,6.0,00:03:01,13.19
Parker Wotherspoon,PIT,,,10,00:21:04,0.28,1.14,2.56,2.28,4.56,2.28,0.0,7.0,00:20:52,0.41,1.64,2.46,1.64,5.34,1.64,0.0,,,,,,
Caleb Jones,PIT,,,7,00:17:10,0.0,0.5,2.5,4.99,7.49,0.0,0.0,4.0,00:17:46,0.0,0.0,2.53,5.06,10.13,0.0,0.0,,,,,,
Noah Juulsen,PHI,,,8,00:13:08,0.0,0.57,1.71,6.28,3.42,0.0,0.0,7.0,00:12:57,0.0,0.66,1.32,5.95,3.97,0.0,0.0,,,,,,
Jack Roslovic,EDM,,,8,00:15:00,0.5,1.0,9.0,1.5,1.5,0.0,3.0,7.0,00:15:16,0.56,1.12,10.1,1.68,1.68,0.0,3.37,,,,,,
Zach Werenski,CBJ,The Epstein Islanders,D,8,00:26:11,0.29,0.86,8.3,2.0,3.44,0.0,0.0,7.0,00:26:02,0.33,0.99,7.9,1.97,3.29,0.0,0.0,8.0,00:03:12,2.34,7.0,00:03:27,2.48
Nicolas Roy,TOR,,,9,00:13:07,0.51,1.02,4.57,6.09,3.55,2.03,23.87,7.0,00:13:22,0.0,0.64,3.2,7.05,3.2,2.56,24.35,,,,,,
Anthony Beauvillier,WSH,,,9,00:13:48,0.48,0.48,8.69,6.76,0.48,0.97,0.0,7.0,00:14:18,0.6,0.6,7.79,7.19,0.6,1.2,0.0,,,,,,
Jeremy Lauzon,VGK,Autodraft Anomalies,D,9,00:17:04,0.0,0.78,2.73,13.66,5.85,5.85,0.0,7.0,00:17:17,0.0,0.99,2.48,12.89,6.94,7.44,0.0,,,,,,
Thomas Chabot,OTT,Hughes your daddy,D,9,00:22:30,0.59,0.89,3.85,1.19,5.04,2.37,0.0,6.0,00:26:18,0.76,1.52,3.8,1.9,4.94,0.76,0.0,10.0,00:02:19,10.32,7.0,00:02:31,13.62
Mathieu Joseph,STL,,,9,00:12:47,0.52,1.04,6.77,9.9,2.08,1.04,0.52,7.0,00:13:16,0.65,1.29,7.11,8.4,0.65,0.0,0.65,,,,,,
Lawson Crouse,UTA,,,10,00:14:39,0.41,0.41,7.78,11.47,1.64,0.82,0.82,7.0,00:14:44,0.58,0.58,9.89,11.63,2.33,1.16,0.58,,,,,,
Mitch Marner,VGK,Bar Down Beauties,RW,9,00:20:42,0.64,2.58,4.51,1.93,1.61,0.64,1.29,7.0,00:20:09,0.85,2.55,3.83,1.28,1.7,0.0,1.28,9.0,00:04:21,3.06,7.0,00:04:04,4.2
Joel Eriksson Ek,MIN,Boats and Ahos,C,10,00:19:56,0.6,1.5,9.33,5.12,2.71,2.41,34.31,7.0,00:20:06,0.43,0.85,8.95,5.11,3.84,2.56,34.09,10.0,00:04:33,5.27,7.0,00:04:11,0.0
Jake DeBrusk,VAN,,,10,00:17:13,0.7,0.7,10.8,2.79,1.74,0.7,0.35,7.0,00:17:37,0.97,0.0,12.16,3.4,1.95,0.97,0.49,10.0,00:04:06,2.93,7.0,00:04:28,3.83
Ivan Provorov,CBJ,,,8,00:24:09,0.31,0.62,5.59,1.24,4.04,0.62,0.0,7.0,00:24:06,0.36,0.71,4.98,1.42,4.62,0.71,0.0,8.0,00:01:20,0.0,7.0,00:01:27,0.0
John Marino,UTA,,,10,00:20:16,0.3,1.18,2.96,0.59,2.66,1.18,0.0,7.0,00:21:19,0.4,1.21,3.21,0.4,3.21,0.8,0.0,,,,,,
Yakov Trenin,MIN,,,10,00:13:12,0.0,0.91,7.27,20.9,2.73,0.91,1.36,7.0,00:12:35,0.0,0.68,7.49,23.14,4.08,1.36,1.36,,,,,,
Anthony Cirelli,T.B,Bros before Ahos,C,9,00:19:28,1.71,0.68,5.47,2.74,2.4,1.37,33.19,7.0,00:19:48,2.16,0.87,5.19,1.3,2.16,0.87,32.45,9.0,00:02:14,5.94,7.0,00:02:25,7.09
Evan Rodrigues,FLA,,,10,00:16:06,0.75,1.12,7.08,4.1,1.86,2.24,14.9,7.0,00:16:20,0.52,0.52,7.87,3.67,1.57,2.1,15.73,10.0,00:02:05,2.86,7.0,00:01:56,0.0
Artemi Panarin,NYR,Sask Squatches,LW,10,00:21:12,0.57,1.41,8.21,0.57,0.57,0.57,0.0,7.0,00:21:40,0.79,1.19,9.49,0.79,0.79,0.79,0.0,10.0,00:04:02,2.97,7.0,00:03:47,2.26
Noel Acciari,PIT,,,9,00:13:51,0.0,0.96,4.33,7.69,4.33,0.96,19.71,6.0,00:14:16,0.0,1.4,5.61,6.31,4.21,0.0,20.33,,,,,,
Kevin Stenlund,UTA,,,10,00:16:07,0.37,0.37,3.72,2.23,4.46,1.49,35.71,7.0,00:15:55,0.54,0.54,4.3,2.69,5.38,1.08,34.97,,,,,,
Will Borgen,NYR,,,10,00:18:40,0.0,0.64,3.85,4.5,4.82,1.28,0.0,7.0,00:19:05,0.0,0.45,4.04,4.04,4.94,0.9,0.0,,,,,,
Alexandre Carrier,MTL,,,10,00:18:19,0.33,1.31,2.95,1.31,8.19,1.97,0.0,7.0,00:19:16,0.0,1.78,2.67,1.33,10.23,1.78,0.0,,,,,,
Ryan Shea,PIT,,,10,00:20:47,0.29,1.15,2.6,0.87,4.04,1.15,0.0,7.0,00:20:10,0.42,1.27,3.4,0.85,3.82,1.7,0.0,,,,,,
Conor Garland,VAN,Bros before Ahos,RW,10,00:21:00,0.86,2.29,7.43,2.29,1.71,1.14,0.29,7.0,00:22:10,1.16,2.71,6.57,3.09,1.93,1.55,0.0,10.0,00:03:44,6.42,7.0,00:04:51,7.06
Niko Mikkola,FLA,,,10,00:18:36,0.0,0.0,3.55,1.93,4.19,2.58,0.0,7.0,00:17:42,0.0,0.0,3.39,1.45,3.87,3.87,0.0,,,,,,
Kirill Kaprizov,MIN,P Diddlers,LW,10,00:22:38,1.32,2.38,9.01,0.53,1.06,0.0,0.0,7.0,00:22:58,0.75,1.87,7.83,0.0,0.75,0.0,0.0,10.0,00:05:19,9.01,7.0,00:04:49,5.34
Troy Terry,ANA,Hughes your daddy,RW,8,00:17:47,1.27,2.53,7.59,0.0,0.42,0.0,0.42,7.0,00:17:58,1.43,2.86,8.11,0.0,0.48,0.0,0.48,8.0,00:03:51,7.78,7.0,00:04:15,8.07
Adam Gaudette,S.J,,,9,00:10:42,1.87,0.62,7.47,3.11,0.0,4.98,15.57,7.0,00:11:08,1.54,0.0,8.46,2.31,0.0,3.08,14.61,9.0,00:01:32,4.31,,,
Vladislav Gavrikov,NYR,,,10,00:23:20,0.0,0.51,3.34,0.51,4.37,1.54,0.0,7.0,00:23:39,0.0,0.72,3.62,0.36,4.71,0.72,0.0,,,,,,
Mason Appleton,DET,,,9,00:14:27,1.38,0.46,4.61,4.15,1.84,5.53,0.46,7.0,00:14:43,1.75,0.58,4.66,3.49,1.75,6.98,0.58,,,,,,
Steven Lorentz,TOR,,,6,00:09:29,0.0,2.11,3.16,16.85,5.26,0.0,6.32,4.0,00:10:53,0.0,0.0,4.13,13.78,4.13,0.0,6.89,,,,,,
Matt Roy,WSH,,,9,00:18:58,0.0,0.0,4.57,3.51,6.33,0.7,0.0,7.0,00:19:00,0.0,0.0,4.96,2.25,5.41,0.0,0.0,,,,,,
Jalen Chatfield,CAR,,,8,00:20:37,0.0,0.73,4.0,2.91,4.36,2.91,0.0,7.0,00:20:47,0.0,0.82,4.12,2.47,4.54,3.3,0.0,,,,,,
Mason Marchment,SEA,,,8,00:15:46,0.48,1.43,5.71,4.75,1.43,1.9,1.43,6.0,00:15:55,0.0,1.88,5.65,6.28,0.63,2.51,1.88,8.0,00:01:32,4.86,,,
Rodrigo Abols,PHI,,,4,00:06:57,0.0,0.0,6.46,10.77,4.31,10.77,28.01,3.0,00:06:35,0.0,0.0,6.07,12.14,6.07,15.18,21.25,,,,,,
Philippe Myers,TOR,,,2,00:15:29,0.0,0.0,7.75,3.87,7.75,0.0,0.0,2.0,00:15:29,0.0,0.0,7.75,3.87,7.75,0.0,0.0,,,,,,
Ryan Lomberg,CGY,,,10,00:09:01,0.0,0.66,5.32,28.59,3.32,7.98,0.0,7.0,00:08:57,0.0,0.96,6.7,27.76,3.83,6.7,0.0,,,,,,
Brandon Tanev,UTA,,,10,00:10:58,0.0,0.55,6.56,22.97,3.83,2.19,0.0,7.0,00:10:55,0.0,0.79,6.28,19.63,4.71,1.57,0.0,,,,,,
Luke Kunin,FLA,,,9,00:10:40,0.0,0.63,3.13,6.88,6.88,2.5,26.88,6.0,00:10:46,0.0,0.0,0.0,8.36,6.5,0.0,27.86,,,,,,
Auston Matthews,TOR,Bros before Ahos,C,9,00:22:19,1.49,0.9,10.45,2.39,6.27,1.19,28.96,7.0,00:22:40,1.51,1.13,10.58,3.02,5.67,0.76,30.61,9.0,00:03:12,2.08,7.0,00:03:15,2.63
Adam Fox,NYR,Bar Down Beauties,D,10,00:24:17,0.74,0.99,5.19,1.23,4.45,0.99,0.0,7.0,00:24:47,0.0,1.04,4.15,1.04,4.49,0.69,0.0,10.0,00:03:40,3.27,7.0,00:03:36,2.38
Ryan Lindgren,SEA,,,9,00:18:40,0.0,0.36,1.07,2.14,5.71,7.5,0.0,7.0,00:18:16,0.0,0.47,0.94,2.34,3.75,9.85,0.0,,,,,,
Charlie McAvoy,BOS,The Epstein Islanders,D,10,00:24:28,0.0,1.47,4.17,3.92,4.17,4.41,0.0,6.0,00:27:32,0.0,1.82,2.9,2.9,5.08,5.81,0.0,11.0,00:03:26,3.17,7.0,00:03:07,5.48
Alex DeBrincat,DET,Dan's Dazzling Team,LW;RW,9,00:17:43,0.38,2.63,12.79,0.38,1.5,0.0,0.0,7.0,00:17:31,0.49,1.96,12.71,0.49,1.96,0.0,0.0,9.0,00:03:47,5.28,7.0,00:03:28,4.94
Patrik Laine,MTL,,,5,00:12:36,0.0,0.95,5.71,1.9,0.0,1.9,1.9,2.0,00:11:26,0.0,2.62,5.24,2.62,0.0,0.0,2.62,5.0,00:02:26,0.0,,,
Clayton Keller,UTA,,,10,00:19:06,1.26,2.51,7.85,0.31,0.94,1.26,0.31,7.0,00:18:08,1.89,3.31,9.92,0.47,0.47,1.89,0.0,10.0,00:04:17,7.0,7.0,00:04:22,7.83
Jakob Chychrun,WSH,Hughes your daddy,D,9,00:22:56,0.87,0.87,7.26,3.2,2.32,1.16,0.0,7.0,00:23:08,1.11,0.0,7.78,3.7,2.59,0.74,0.0,9.0,00:03:01,2.2,7.0,00:02:52,2.98
Sam Steel,DAL,,,9,00:16:51,0.4,0.4,3.96,5.14,1.98,0.0,5.54,7.0,00:17:32,0.49,0.0,3.91,5.87,1.47,0.0,4.89,,,,,,
Brett Howden,VGK,,,5,00:12:51,0.93,0.0,1.87,10.27,0.0,1.87,8.4,3.0,00:13:40,0.0,0.0,0.0,8.78,0.0,2.93,10.24,,,,,,
Beck Malenstyn,BUF,,,8,00:11:07,0.0,0.0,6.74,17.52,6.07,0.0,0.0,6.0,00:12:07,0.0,0.0,7.42,14.84,7.42,0.0,0.0,,,,,,
Trent Frederic,EDM,,,10,00:12:33,0.48,0.0,5.74,13.86,1.91,2.87,6.69,7.0,00:11:34,0.0,0.0,4.44,15.56,0.74,1.48,7.41,,,,,,
Andrew Peeke,BOS,,,10,00:18:48,0.0,0.32,4.47,4.47,8.94,0.0,0.0,6.0,00:21:34,0.0,0.0,4.17,6.02,7.41,0.0,0.0,,,,,,
Tyson Jost,NSH,,,9,00:12:22,0.54,0.0,8.08,6.46,2.15,2.15,3.77,6.0,00:12:58,0.77,0.0,6.17,5.39,1.54,3.08,3.85,,,,,,
Dante Fabbro,CBJ,,,8,00:17:16,0.0,0.43,2.6,1.3,7.38,0.87,0.0,7.0,00:17:34,0.0,0.49,2.44,0.98,6.83,0.0,0.0,,,,,,
Joshua Mahura,SEA,,,9,00:15:40,0.43,0.43,3.4,4.25,6.38,5.96,0.0,7.0,00:15:34,0.55,0.55,2.75,3.3,7.15,7.7,0.0,,,,,,
Logan Stanley,WPG,,,9,00:15:54,0.84,0.84,2.51,7.96,6.28,6.7,0.0,7.0,00:16:25,1.04,1.04,2.61,7.83,5.22,8.35,0.0,,,,,,
Jordan Kyrou,STL,Bar Down Beauties,RW,9,00:17:35,1.14,1.52,7.2,0.76,1.9,0.0,0.0,7.0,00:17:50,1.44,1.92,7.21,0.96,1.92,0.0,0.0,9.0,00:02:57,6.78,7.0,00:03:02,8.44
Taylor Raddysh,NYR,,,10,00:12:01,2.0,0.0,5.99,4.49,1.0,1.0,0.0,7.0,00:11:22,2.26,0.0,4.52,3.02,0.75,1.51,0.0,,,,,,
Samuel Girard,COL,,,2,00:18:48,0.0,0.0,3.19,4.79,4.79,0.0,0.0,,,,,,,,,,,,,,,
Pierre-Luc Dubois,WSH,,,4,00:16:48,0.0,0.0,6.25,3.57,1.79,1.79,18.75,2.0,00:15:18,0.0,0.0,3.92,5.88,1.96,3.92,17.64,,,,,,
Jake Bean,CGY,,,7,00:17:06,0.0,0.0,3.01,1.5,8.52,1.0,0.0,5.0,00:18:31,0.0,0.0,3.89,1.3,7.77,0.0,0.0,,,,,,
Jesper Bratt,N.J,Jagrbombs,LW;RW,9,00:16:57,1.57,2.75,6.68,5.11,0.39,2.36,0.0,7.0,00:16:36,1.03,3.1,6.71,4.64,0.0,3.1,0.0,9.0,00:03:01,6.59,7.0,00:03:06,8.29
Mikhail Sergachev,UTA,Boats and Ahos,D,10,00:24:44,0.49,1.46,4.61,0.49,4.85,2.43,0.0,7.0,00:24:17,0.71,2.12,4.23,0.71,3.53,2.82,0.0,10.0,00:04:01,7.47,7.0,00:04:06,10.42
Nathan Bastian,DAL,,,9,00:06:59,0.95,0.0,7.62,13.34,2.86,1.91,0.0,7.0,00:06:52,0.0,0.0,6.23,11.22,1.25,2.49,0.0,,,,,,
Tage Thompson,BUF,Bar Down Beauties,C;RW,9,00:19:03,1.4,1.4,12.95,5.95,1.75,3.5,9.45,7.0,00:18:35,1.84,1.84,11.06,4.61,2.31,2.77,11.06,9.0,00:03:37,5.51,7.0,00:03:18,7.79
Filip Hronek,VAN,Jagrbombs,D,10,00:24:18,0.0,1.48,1.48,5.18,3.7,0.99,0.0,7.0,00:24:13,0.0,2.12,0.71,4.6,3.18,0.71,0.0,10.0,00:01:23,8.59,,,
Troy Stecher,EDM,,,4,00:15:34,0.0,0.0,1.93,1.93,0.96,5.78,0.0,3.0,00:15:26,0.0,0.0,2.59,1.29,1.29,5.18,0.0,,,,,,
Brandon Duhaime,WSH,,,9,00:13:15,0.0,0.5,2.51,12.07,2.51,4.52,1.01,7.0,00:13:37,0.0,0.63,2.52,9.44,3.15,5.67,0.63,,,,,,
Ross Colton,COL,,,10,00:12:10,0.49,1.48,8.38,13.81,2.47,2.47,3.45,7.0,00:12:45,0.0,2.02,8.06,14.11,2.69,0.0,2.69,,,,,,
Brandon Hagel,T.B,The Epstein Islanders,LW;RW,9,00:19:40,0.34,1.36,7.79,2.37,2.03,3.39,0.34,7.0,00:20:28,0.42,1.26,8.38,2.09,2.09,1.68,0.42,9.0,00:01:32,0.0,7.0,00:01:46,0.0
Vincent Desharnais,S.J,,,6,00:17:19,0.0,0.58,3.46,5.77,6.93,9.24,0.0,6.0,00:17:19,0.0,0.58,3.46,5.77,6.93,9.24,0.0,,,,,,
Michael Eyssimont,BOS,,,10,00:11:15,1.07,1.6,10.13,2.67,3.2,2.13,0.0,6.0,00:12:43,1.57,1.57,13.36,3.14,3.93,3.14,0.0,,,,,,
Michael Carcone,UTA,,,8,00:10:07,1.48,0.74,12.6,5.19,2.22,1.48,0.0,7.0,00:10:28,1.64,0.82,13.91,4.09,2.46,1.64,0.0,,,,,,
Justin Brazeau,PIT,,,10,00:13:15,2.26,2.71,8.14,6.78,4.52,0.0,0.0,7.0,00:13:25,1.28,3.83,6.39,5.75,4.47,0.0,0.0,,,,,,
Tanner Jeannot,BOS,,,10,00:12:45,0.94,0.47,6.11,8.47,4.23,5.17,0.94,6.0,00:14:41,0.68,1.36,6.81,9.53,4.08,6.13,0.0,,,,,,
Mathieu Olivier,CBJ,Dan's Dazzling Team,RW,8,00:14:33,0.0,0.52,6.7,13.4,4.64,6.19,0.0,7.0,00:14:35,0.0,0.59,6.46,13.52,5.29,7.05,0.0,,,,,,
Trevor Moore,L.A,,,10,00:16:01,1.12,0.37,7.86,1.5,2.25,1.5,0.75,7.0,00:16:12,1.06,0.53,7.93,1.59,2.64,2.11,0.53,,,,,,
Jeffrey Viel,BOS,,,3,00:12:13,0.0,0.0,6.55,22.91,1.64,11.45,0.0,3.0,00:12:13,0.0,0.0,6.55,22.91,1.64,11.45,0.0,,,,,,
Justin Danforth,BUF,,,4,00:11:42,0.0,0.0,2.56,3.84,5.13,2.56,21.79,2.0,00:11:54,0.0,0.0,0.0,0.0,2.52,0.0,17.63,,,,,,
Zach Aston-Reese,CBJ,,,8,00:10:17,0.0,2.18,5.83,15.29,2.91,1.46,0.73,7.0,00:10:20,0.0,2.49,5.81,15.76,2.49,0.0,0.83,,,,,,
Kailer Yamamoto,UTA,,,5,00:11:54,0.0,1.01,2.02,2.02,0.0,2.02,1.01,2.0,00:11:47,0.0,2.54,0.0,5.09,0.0,5.09,0.0,5.0,00:02:19,0.0,,,
Nicolas Hague,NSH,,,2,00:20:42,0.0,1.45,1.45,7.25,4.35,2.9,0.0,2.0,00:20:42,0.0,1.45,1.45,7.25,4.35,2.9,0.0,,,,,,
Jonah Gadjovich,FLA,,,10,00:07:56,0.0,2.27,6.04,22.66,2.27,5.29,0.0,7.0,00:07:40,0.0,2.23,6.7,21.22,2.23,7.82,0.0,,,,,,
Conor Timmins,BUF,,,9,00:21:01,0.0,0.63,2.85,1.59,7.61,2.54,0.0,7.0,00:22:00,0.0,0.78,3.12,1.56,7.79,2.34,0.0,,,,,,
Mario Ferraro,S.J,,,9,00:21:20,0.31,0.31,3.75,6.25,6.56,0.62,0.0,7.0,00:21:34,0.0,0.4,3.18,7.95,5.56,0.79,0.0,,,,,,
Cale Fleury,SEA,,,4,00:14:43,0.0,1.02,3.06,6.11,2.04,5.09,0.0,4.0,00:14:43,0.0,1.02,3.06,6.11,2.04,5.09,0.0,,,,,,
Morgan Geekie,BOS,,,10,00:18:36,1.93,0.64,6.12,6.45,0.64,1.29,3.87,6.0,00:21:14,2.35,0.47,8.0,6.59,0.47,0.94,4.71,11.0,00:03:37,1.5,7.0,00:03:22,2.54
Michael Rasmussen,DET,,,8,00:11:40,0.64,0.64,5.14,5.78,5.14,1.28,22.47,6.0,00:11:59,0.83,0.83,6.67,5.0,5.84,1.67,22.52,,,,,,
Cody Glass,N.J,,,6,00:12:33,1.59,0.0,7.17,2.39,1.59,4.78,19.91,4.0,00:12:52,1.16,0.0,8.15,1.16,1.16,6.99,16.31,,,,,,
Mikey Anderson,L.A,,,10,00:20:18,0.3,0.0,2.07,4.14,4.73,0.59,0.0,7.0,00:20:09,0.0,0.0,2.13,3.4,5.1,0.85,0.0,,,,,,
Casey Mittelstadt,BOS,,,9,00:14:21,1.39,1.39,4.18,0.46,1.86,0.0,19.04,5.0,00:17:07,0.7,2.1,2.8,0.7,2.8,0.0,14.01,10.0,00:01:44,0.0,,,
Urho Vaakanainen,NYR,,,7,00:15:01,0.0,0.0,3.99,1.71,2.85,3.42,0.0,4.0,00:13:16,0.0,0.0,5.65,2.26,2.26,2.26,0.0,,,,,,
Nico Hischier,N.J,Boats and Ahos,C,9,00:20:20,0.66,2.29,6.23,0.33,4.26,0.66,33.11,7.0,00:20:37,0.42,2.49,6.23,0.42,2.49,0.83,30.76,9.0,00:03:18,6.03,7.0,00:03:19,7.71
Jesper Boqvist,FLA,,,10,00:11:32,0.52,0.0,4.16,14.03,2.6,1.04,4.68,7.0,00:11:25,0.0,0.0,3.75,13.5,3.75,1.5,2.25,,,,,,
Eeli Tolvanen,SEA,,,9,00:15:18,0.0,0.44,3.48,11.32,3.92,0.87,0.0,7.0,00:15:39,0.0,0.55,2.74,9.31,3.83,1.1,0.0,9.0,00:01:35,0.0,7.0,00:01:36,0.0
Elias Pettersson,VAN,,,10,00:18:50,0.96,1.59,5.41,3.82,7.32,0.64,28.02,7.0,00:20:04,1.28,1.71,5.98,2.56,7.68,0.0,30.31,10.0,00:04:02,4.46,7.0,00:04:34,5.62
Gabriel Vilardi,WPG,Bar Down Beauties,C;RW,9,00:18:40,0.36,2.14,7.14,1.43,0.71,0.71,2.14,7.0,00:18:31,0.46,1.39,6.48,0.93,0.46,0.93,2.31,9.0,00:03:55,6.8,7.0,00:03:48,6.75
Owen Tippett,PHI,,,8,00:16:50,2.23,0.0,11.13,7.12,1.34,2.67,0.0,7.0,00:17:11,2.49,0.0,11.96,7.97,1.0,2.99,0.0,8.0,00:02:20,3.21,7.0,00:02:31,3.39
Nick Suzuki,MTL,Autodraft Anomalies,C,10,00:20:27,0.59,3.23,6.74,1.47,1.76,0.59,27.56,7.0,00:20:53,0.82,2.46,7.39,1.23,2.05,0.0,29.13,10.0,00:03:37,9.94,7.0,00:02:46,9.25
Robert Thomas,STL,Hughes your daddy,C;IR+,8,00:18:42,0.4,2.0,3.21,1.2,2.4,1.6,26.85,6.0,00:18:34,0.0,2.15,3.77,1.62,1.08,1.08,25.84,8.0,00:03:06,7.26,6.0,00:03:14,6.16
Jason Robertson,DAL,Dan's Dazzling Team,LW;RW,9,00:20:31,0.97,1.95,12.66,2.27,1.62,0.0,0.0,7.0,00:20:54,0.41,2.05,10.66,2.05,1.64,0.0,0.0,9.0,00:04:05,8.14,7.0,00:03:56,8.69
Morgan Frost,CGY,,,10,00:15:09,0.4,1.58,5.54,1.98,1.98,3.17,25.73,7.0,00:14:12,0.0,2.41,6.04,2.41,1.81,3.62,21.73,10.0,00:04:23,2.73,7.0,00:03:53,4.4
Henri Jokiharju,BOS,,,10,00:17:54,0.0,1.01,3.02,2.35,4.02,1.34,0.0,6.0,00:21:54,0.0,0.91,1.37,2.28,2.74,0.91,0.0,,,,,,
Miro Heiskanen,DAL,P Diddlers,D,9,00:25:16,0.53,0.53,6.33,0.79,3.69,0.53,0.0,7.0,00:25:03,0.68,0.34,6.5,1.03,3.76,0.68,0.0,9.0,00:03:48,1.75,7.0,00:03:39,2.34
Martin Necas,COL,,,10,00:21:22,1.68,1.68,5.61,3.09,0.56,1.68,0.84,7.0,00:21:09,1.22,1.22,5.67,3.65,0.41,2.43,0.41,10.0,00:05:00,3.59,7.0,00:04:15,0.0
Timothy Liljegren,S.J,,,6,00:23:14,0.0,0.43,2.15,2.58,6.45,1.72,0.0,4.0,00:24:53,0.0,0.6,2.41,1.81,5.42,1.21,0.0,,,,,,
P.O Joseph,VAN,,,4,00:11:03,0.0,0.0,9.49,4.07,5.42,2.71,0.0,4.0,00:11:03,0.0,0.0,9.49,4.07,5.42,2.71,0.0,,,,,,
Josh Norris,BUF,,,1,00:18:51,0.0,0.0,12.73,3.18,0.0,0.0,12.73,,,,,,,,,,,,,,,
Ryan Poehling,ANA,,,8,00:10:14,0.73,1.46,3.66,1.46,2.2,1.46,27.82,7.0,00:10:16,0.83,1.67,3.33,0.83,1.67,1.67,25.01,,,,,,
Cale Makar,COL,The Epstein Islanders,D,10,00:25:21,0.71,1.89,6.63,2.13,4.26,1.42,0.0,7.0,00:25:51,0.99,1.66,6.63,1.66,4.31,0.66,0.0,10.0,00:05:12,3.46,7.0,00:04:34,1.87
Alexandre Texier,STL,,,6,00:09:07,0.0,1.09,6.57,5.47,1.09,0.0,1.09,5.0,00:09:37,0.0,1.25,7.48,4.99,1.25,0.0,1.25,,,,,,
Filip Chytil,VAN,,,6,00:15:38,1.92,0.0,9.59,1.92,2.56,3.84,23.02,3.0,00:14:28,1.38,0.0,8.29,1.38,2.76,2.76,20.74,,,,,,
Alex Iafallo,WPG,,,9,00:15:45,0.85,0.85,8.04,4.23,2.96,0.85,2.12,7.0,00:15:40,0.55,1.09,8.75,4.38,2.19,0.0,2.74,9.0,00:03:40,7.26,7.0,00:03:35,7.15
Neal Pionk,WPG,Sask Squatches,D,9,00:23:23,0.0,0.29,6.56,3.14,4.85,2.28,0.0,7.0,00:23:39,0.0,0.36,6.88,2.9,5.43,0.72,0.0,9.0,00:02:06,3.15,7.0,00:01:52,4.59
Eetu Luostarinen,FLA,,,10,00:16:30,0.36,0.36,6.18,8.73,4.0,0.73,2.55,7.0,00:16:12,0.53,0.53,7.41,8.99,5.29,1.06,3.7,,,,,,
Fabian Zetterlund,OTT,,,9,00:13:51,0.0,0.48,8.18,9.62,0.96,2.89,0.48,6.0,00:15:09,0.66,1.32,8.58,5.94,1.98,3.96,0.0,10.0,00:01:03,5.68,,,
Jacob Bryson,BUF,,,5,00:09:27,0.0,1.27,1.27,1.27,5.07,2.54,0.0,3.0,00:08:37,0.0,2.32,2.32,0.0,4.64,4.64,0.0,,,,,,
Drake Batherson,OTT,,,6,00:16:09,1.24,3.09,7.43,4.95,1.24,1.24,0.0,6.0,00:18:58,2.11,3.16,7.91,4.74,1.05,1.05,0.0,7.0,00:03:10,13.46,7.0,00:03:10,13.46
Noah Cates,PHI,,,8,00:17:06,1.31,0.88,7.45,3.07,3.07,0.88,24.54,7.0,00:17:10,1.0,1.0,6.99,2.5,3.49,1.0,23.45,8.0,00:02:11,3.41,7.0,00:02:20,3.65
Olle Lycksell,OTT,,,4,00:10:07,1.48,0.0,8.89,1.48,2.96,0.0,0.0,3.0,00:10:43,1.86,0.0,9.32,0.0,3.73,0.0,0.0,,,,,,
Nick Perbix,NSH,,,10,00:20:41,0.58,0.29,4.35,1.45,4.64,1.16,0.0,7.0,00:21:19,0.8,0.4,5.63,1.61,3.62,0.8,0.0,,,,,,
Ben Jones,MIN,,,3,00:08:04,0.0,0.0,4.96,22.3,4.96,0.0,24.78,3.0,00:08:04,0.0,0.0,4.96,22.3,4.96,0.0,24.78,,,,,,
Alexey Toropchenko,STL,,,2,00:10:38,0.0,0.0,11.28,11.28,2.82,0.0,0.0,1.0,00:10:34,0.0,0.0,17.03,17.03,0.0,0.0,0.0,,,,,,
Morgan Barron,WPG,,,9,00:12:03,1.66,1.11,4.98,9.41,2.77,1.11,32.09,7.0,00:12:26,1.38,0.69,4.82,8.96,2.07,1.38,32.39,,,,,,
Sean Walker,CAR,,,8,00:24:09,0.31,0.0,5.59,6.83,4.04,1.86,0.0,7.0,00:24:34,0.35,0.0,6.28,6.63,3.49,2.09,0.0,8.0,00:02:11,0.0,7.0,00:02:18,0.0
Mark Kastelic,BOS,,,10,00:12:24,0.97,0.48,5.8,10.15,7.25,3.38,19.33,6.0,00:15:06,0.66,0.0,4.63,10.59,8.6,4.63,23.16,,,,,,
Charle-Edouard D'Astous,T.B,,,2,00:12:46,0.0,0.0,2.35,9.39,4.7,0.0,0.0,2.0,00:12:46,0.0,0.0,2.35,9.39,4.7,0.0,0.0,,,,,,
Sean Durzi,UTA,,,2,00:18:55,0.0,1.59,3.17,4.76,6.34,6.34,0.0,,,,,,,,,,,,,,,
Parker Kelly,COL,,,10,00:11:15,0.53,0.53,4.8,12.8,3.73,2.13,8.53,7.0,00:11:11,0.77,0.77,6.89,10.72,2.3,1.53,8.43,,,,,,
Pius Suter,STL,,,9,00:16:17,1.23,0.41,5.73,2.86,2.05,1.64,19.23,7.0,00:15:40,1.09,0.55,4.37,1.64,1.64,1.09,18.05,9.0,00:01:56,0.0,7.0,00:01:44,0.0
Zach Whitecloud,VGK,,,9,00:18:13,0.0,0.37,2.19,7.68,4.39,0.73,0.0,7.0,00:18:22,0.0,0.47,2.33,7.93,4.66,0.93,0.0,,,,,,
Kiefer Sherwood,VAN,,,10,00:16:36,2.17,0.0,6.87,16.26,2.17,2.89,1.45,7.0,00:17:42,1.45,0.0,5.81,14.04,2.42,1.94,1.45,10.0,00:01:16,4.72,7.0,00:01:48,4.74
Eric Robinson,CAR,,,7,00:09:57,2.58,0.86,7.75,7.75,0.86,0.0,0.0,6.0,00:09:55,2.02,1.01,7.05,7.05,1.01,0.0,0.0,,,,,,
Martin Fehérváry,WSH,,,9,00:19:14,0.35,1.04,5.2,5.89,5.89,1.39,0.0,7.0,00:19:24,0.0,1.33,4.86,5.3,4.86,1.77,0.0,,,,,,
Joel Farabee,CGY,,,10,00:17:54,0.0,1.0,7.03,5.02,2.01,0.67,1.34,7.0,00:17:02,0.0,0.5,9.05,5.03,1.01,1.01,1.01,10.0,00:03:33,1.69,7.0,00:02:46,0.0
Philipp Kurashev,S.J,,,7,00:16:56,0.51,0.51,5.06,3.54,2.02,0.0,3.54,5.0,00:15:48,0.0,0.76,4.56,3.04,2.28,0.0,5.31,7.0,00:02:16,0.0,5.0,00:02:05,0.0
Quinn Hughes,VAN,robert's Fabulous Team,D;IR+,9,00:26:37,0.25,1.5,4.51,0.25,1.5,0.0,0.0,6.0,00:27:00,0.37,1.85,4.44,0.37,0.74,0.0,0.0,9.0,00:04:56,6.74,6.0,00:05:35,8.94
Brady Tkachuk,OTT,,,3,00:16:37,0.0,3.61,12.04,12.04,0.0,4.81,9.63,,,,,,,,,,3.0,00:03:48,5.25,,,
Ryan McLeod,BUF,,,9,00:18:20,0.73,1.45,3.63,0.73,2.18,0.0,22.17,7.0,00:18:13,0.94,1.88,3.76,0.94,1.88,0.0,23.51,9.0,00:01:23,4.77,,,
Evan Bouchard,EDM,Bros before Ahos,D,10,00:24:08,0.25,0.75,7.46,0.99,3.98,1.49,0.0,7.0,00:23:33,0.36,1.09,6.91,1.09,3.28,2.18,0.0,10.0,00:03:39,4.91,7.0,00:03:23,7.58
Isac Lundestrom,CBJ,,,8,00:11:29,0.0,0.65,1.96,2.61,3.26,1.3,19.57,7.0,00:11:26,0.0,0.75,2.25,2.25,3.0,0.0,19.48,,,,,,
Mattias Samuelsson,BUF,,,7,00:20:35,0.83,1.25,3.33,4.99,7.49,1.66,0.0,5.0,00:21:39,1.11,1.11,3.88,3.88,7.2,2.22,0.0,,,,,,
Joe Veleno,MTL,,,5,00:10:23,0.0,0.0,6.93,10.39,2.31,2.31,13.86,5.0,00:10:23,0.0,0.0,6.93,10.39,2.31,2.31,13.86,,,,,,
K'Andre Miller,CAR,,,6,00:23:31,0.85,0.85,5.95,2.55,3.4,3.4,0.0,5.0,00:24:24,0.0,0.98,4.92,1.97,3.44,2.95,0.0,6.0,00:02:46,3.6,5.0,00:03:06,0.0
Michael Callahan,BOS,,,2,00:15:27,0.0,0.0,3.88,1.94,11.64,0.0,0.0,2.0,00:24:40,0.0,0.0,2.43,3.65,7.29,0.0,0.0,,,,,,
Jesperi Kotkaniemi,CAR,,,6,00:10:20,0.97,1.93,4.83,6.77,5.8,0.0,29.97,5.0,00:10:27,1.15,1.15,5.74,6.88,5.74,0.0,30.98,,,,,,
Andrei Svechnikov,CAR,,,8,00:14:42,0.0,0.0,7.65,2.55,0.0,0.0,0.51,7.0,00:14:22,0.0,0.0,6.56,1.79,0.0,0.0,0.6,8.0,00:03:04,0.0,7.0,00:02:53,0.0
Alec Regula,EDM,,,2,00:15:53,0.0,0.0,5.66,0.0,3.78,0.0,0.0,,,,,,,,,,,,,,,
Ty Emberson,EDM,,,10,00:15:42,0.0,0.76,3.44,4.2,6.49,0.0,0.0,7.0,00:15:48,0.0,1.08,2.71,5.42,5.42,0.0,0.0,,,,,,
Jack Drury,COL,,,10,00:14:28,0.41,0.41,5.39,1.66,3.31,2.49,33.15,7.0,00:14:44,0.58,0.0,6.4,1.16,4.07,3.49,30.82,,,,,,
Rasmus Dahlin,BUF,Bros before Ahos,D,9,00:24:33,0.0,1.9,6.24,2.44,2.17,2.17,0.0,7.0,00:24:05,0.0,2.49,6.76,1.07,2.49,2.85,0.0,9.0,00:03:35,7.44,7.0,00:03:24,10.08
Filip Hallander,PIT,,,9,00:12:45,0.52,1.05,7.32,1.05,1.57,1.05,0.0,7.0,00:12:52,0.67,0.67,7.32,0.67,2.0,1.33,0.0,,,,,,
Ty Dellandrea,S.J,,,9,00:13:11,0.0,2.02,2.02,12.13,2.53,1.01,28.29,7.0,00:12:17,0.0,1.39,1.39,9.76,2.09,1.39,26.49,,,,,,
Barrett Hayton,UTA,,,8,00:15:49,0.47,0.95,3.79,0.47,1.42,1.9,22.76,7.0,00:15:47,0.54,1.09,3.26,0.54,1.63,2.17,22.79,8.0,00:01:49,0.0,7.0,00:01:42,0.0
Jack McBain,UTA,,,10,00:13:40,0.44,0.0,8.34,10.53,3.07,6.58,15.36,7.0,00:12:49,0.0,0.0,7.35,12.02,2.67,7.35,14.7,10.0,00:01:35,0.0,7.0,00:01:28,0.0
Kevin Bahl,CGY,,,10,00:20:37,0.29,0.58,2.62,2.33,4.65,2.33,0.0,7.0,00:20:46,0.41,0.41,2.89,2.06,6.19,3.3,0.0,,,,,,
Noah Dobson,MTL,Jagrbombs,D,10,00:22:37,0.27,1.06,4.24,0.8,5.83,1.59,0.0,7.0,00:22:51,0.38,1.13,4.13,1.13,6.75,0.75,0.0,10.0,00:01:37,0.0,,,
Adam Boqvist,NYI,,,3,00:13:36,0.0,0.0,1.47,0.0,4.41,0.0,0.0,3.0,00:13:36,0.0,0.0,1.47,0.0,4.41,0.0,0.0,,,,,,
Rasmus Sandin,WSH,,,7,00:19:23,0.0,0.88,1.77,7.07,4.42,0.0,0.0,5.0,00:19:37,0.0,1.22,1.22,6.11,4.28,0.0,0.0,7.0,00:02:09,0.0,,,
Adam Ginning,PHI,,,5,00:15:20,0.0,0.0,1.56,3.13,3.91,0.0,0.0,4.0,00:14:50,0.0,0.0,0.0,2.02,4.04,0.0,0.0,,,,,,
Curtis Douglas,T.B,,,7,00:05:28,0.0,0.0,6.26,10.95,3.13,18.77,1.56,6.0,00:05:32,0.0,0.0,5.42,9.03,3.61,12.64,1.81,,,,,,
Nils Lundkvist,DAL,,,4,00:15:59,0.94,1.88,1.88,2.81,4.69,1.88,0.0,2.0,00:15:02,0.0,0.0,0.0,3.99,5.98,3.99,0.0,,,,,,
Jacob Bernard-Docker,DET,,,8,00:12:37,0.0,0.59,5.94,2.38,2.38,1.19,0.0,7.0,00:12:57,0.0,0.66,5.29,2.65,2.65,1.32,0.0,,,,,,
Jordan Harris,BOS,,,5,00:15:37,0.77,0.77,6.91,3.07,2.3,0.0,0.0,3.0,00:14:55,0.0,0.0,6.7,1.34,2.68,0.0,0.0,,,,,,
Kirill Marchenko,CBJ,Autodraft Anomalies,RW,8,00:19:03,1.97,1.18,12.6,3.15,2.36,1.57,0.0,7.0,00:19:19,2.22,1.33,10.65,3.55,1.77,1.77,0.0,8.0,00:03:08,4.77,7.0,00:03:22,5.09
Ilya Lyubushkin,DAL,,,7,00:15:46,0.0,0.54,2.72,5.43,4.34,4.34,0.0,5.0,00:16:55,0.0,0.0,2.84,5.67,4.25,1.42,0.0,,,,,,
Connor Dewar,PIT,,,10,00:13:14,1.36,0.45,7.25,10.42,2.27,0.0,0.45,7.0,00:13:08,1.96,0.0,7.83,10.44,0.65,0.0,0.0,,,,,,
Declan Chisholm,WSH,,,3,00:14:53,0.0,1.34,1.34,1.34,2.69,0.0,0.0,3.0,00:14:53,0.0,1.34,1.34,1.34,2.69,0.0,0.0,,,,,,
Pontus Holmberg,T.B,,,9,00:12:21,0.54,1.08,4.31,7.55,2.16,4.31,4.85,7.0,00:12:46,0.67,1.34,5.36,6.03,1.34,4.02,4.69,,,,,,
Tyler Tucker,STL,,,9,00:12:56,0.51,1.54,4.63,6.18,3.6,7.21,0.0,7.0,00:13:15,0.65,1.29,3.23,6.47,3.23,5.82,0.0,,,,,,
Jonatan Berggren,DET,,,5,00:12:12,1.97,1.97,9.83,4.91,0.0,1.97,0.0,4.0,00:13:04,2.3,2.3,11.48,4.59,0.0,0.0,0.0,,,,,,
Alexander Romanov,NYI,Autodraft Anomalies,D;IR;IR+,4,00:18:12,0.0,0.0,3.3,12.36,9.89,3.3,0.0,3.0,00:17:28,0.0,0.0,4.58,11.45,11.45,2.29,0.0,,,,,,
Linus Karlsson,VAN,,,7,00:09:31,0.0,1.8,5.4,7.2,1.8,1.8,1.8,7.0,00:09:31,0.0,1.8,5.4,7.2,1.8,1.8,1.8,,,,,,
Paul Cotter,N.J,,,9,00:11:49,0.56,0.0,7.89,12.97,1.69,2.25,2.25,7.0,00:11:39,0.74,0.0,9.56,12.51,1.47,0.0,2.94,,,,,,
Cole Koepke,WPG,,,9,00:09:58,0.0,0.67,3.34,16.71,2.0,8.02,0.0,7.0,00:10:18,0.0,0.83,3.32,13.3,2.49,9.97,0.0,,,,,,
Spencer Stastney,NSH,,,10,00:15:08,0.4,1.19,3.17,0.4,3.57,0.0,0.0,7.0,00:15:36,0.55,1.65,3.84,0.55,3.29,0.0,0.0,,,,,,
Yegor Sharangovich,CGY,,,8,00:14:57,0.5,0.5,6.02,1.5,2.51,0.0,0.0,5.0,00:14:50,0.81,0.0,6.47,1.62,2.43,0.0,0.0,8.0,00:01:48,0.0,,,
Simon Benoit,TOR,,,9,00:17:30,0.0,0.38,1.9,8.76,3.43,4.95,0.0,7.0,00:17:47,0.0,0.48,2.41,7.71,3.37,6.26,0.0,,,,,,
Cole Reinhardt,VGK,,,3,00:08:49,2.27,0.0,2.27,9.06,0.0,0.0,0.0,3.0,00:08:49,2.27,0.0,2.27,9.06,0.0,0.0,0.0,,,,,,
Jake Christiansen,CBJ,,,4,00:09:28,0.0,0.0,4.75,6.33,0.0,0.0,0.0,4.0,00:09:28,0.0,0.0,4.75,6.33,0.0,0.0,0.0,,,,,,
Brayden Pachal,CGY,,,4,00:12:49,0.0,0.0,3.51,11.7,1.17,4.68,0.0,1.0,00:13:22,0.0,0.0,0.0,4.49,4.49,8.98,0.0,,,,,,
Egor Zamula,PHI,,,5,00:14:02,0.0,0.85,1.71,0.0,5.98,1.71,0.0,4.0,00:13:50,0.0,1.08,1.08,0.0,5.42,2.17,0.0,,,,,,
Kyle MacLean,NYI,,,4,00:09:20,0.0,0.0,6.43,9.64,0.0,27.31,3.21,4.0,00:09:20,0.0,0.0,6.43,9.64,0.0,27.31,3.21,,,,,,
Blake Lizotte,PIT,,,10,00:14:09,0.42,0.0,4.24,2.97,1.69,0.0,16.94,7.0,00:14:01,0.0,0.0,3.05,3.67,1.22,0.0,20.16,,,,,,
Noah Philp,EDM,,,6,00:11:20,1.76,0.88,5.29,7.93,0.88,1.76,21.16,4.0,00:11:34,1.3,1.3,2.59,7.78,0.0,0.0,16.85,,,,,,
Peyton Krebs,BUF,,,9,00:13:02,0.0,1.53,5.62,10.73,1.53,4.09,11.75,7.0,00:13:02,0.0,1.97,5.26,10.51,1.97,5.26,13.14,,,,,,
Kirby Dach,MTL,,,7,00:13:30,0.63,0.63,5.71,5.08,5.08,0.0,12.05,4.0,00:13:36,1.1,0.0,7.72,5.51,5.51,0.0,12.13,7.0,00:01:44,0.0,,,
Bowen Byram,BUF,,,9,00:23:08,0.29,0.86,2.88,2.3,3.17,1.15,0.0,7.0,00:22:40,0.38,1.13,3.4,1.51,3.78,1.51,0.0,9.0,00:01:43,7.73,,,
Matthew Robertson,NYR,,,7,00:17:08,0.5,0.0,3.0,4.5,3.5,2.0,0.0,7.0,00:17:08,0.5,0.0,3.0,4.5,3.5,2.0,0.0,,,,,,
Kaedan Korczak,VGK,,,9,00:16:09,0.41,0.41,4.54,9.08,7.43,3.3,0.0,7.0,00:16:35,0.52,0.52,4.13,9.3,8.78,3.1,0.0,,,,,,
Dylan Cozens,OTT,The Epstein Islanders,C,9,00:17:28,2.29,1.14,9.92,11.45,1.91,0.76,18.7,6.0,00:20:16,2.47,1.48,8.38,8.88,1.97,0.99,16.27,10.0,00:03:21,12.49,7.0,00:03:16,13.11
Alex Turcotte,L.A,,,10,00:08:49,0.0,1.36,6.12,0.68,2.04,4.76,23.81,7.0,00:09:37,0.0,0.89,7.13,0.0,0.89,1.78,22.28,,,,,,
Trevor Zegras,PHI,,,8,00:16:47,0.89,2.68,4.91,2.23,0.89,2.68,6.7,7.0,00:16:54,1.01,3.04,5.58,2.53,1.01,2.03,4.56,8.0,00:02:41,8.37,7.0,00:02:56,8.76
Cole Caufield,MTL,Hughes your daddy,LW;RW,10,00:18:24,2.28,0.98,8.48,4.24,0.98,0.65,0.0,7.0,00:18:27,2.79,0.46,7.43,4.18,1.39,0.93,0.0,10.0,00:03:05,5.81,7.0,00:02:15,0.0
Moritz Seider,DET,Trocheck Backcheck Paycheque,D,9,00:25:06,0.0,0.53,5.58,5.58,3.72,1.06,0.0,7.0,00:25:00,0.0,0.34,5.14,5.83,3.77,0.69,0.0,9.0,00:03:41,3.61,7.0,00:03:22,2.55
Cam York,PHI,,,5,00:24:43,0.0,1.94,0.97,0.0,4.85,0.97,0.0,5.0,00:24:43,0.0,1.94,0.97,0.0,4.85,0.97,0.0,,,,,,
Bobby Brink,PHI,,,8,00:16:32,0.91,1.36,5.9,3.63,0.91,0.91,0.0,7.0,00:16:36,1.03,1.55,6.71,4.13,0.52,1.03,0.0,8.0,00:02:16,6.59,7.0,00:02:25,7.08
John Beecher,BOS,,,3,00:12:31,1.6,0.0,7.99,6.39,4.79,0.0,0.0,3.0,00:12:31,1.6,0.0,7.99,6.39,4.79,0.0,0.0,,,,,,
Matt Boldy,MIN,,,10,00:22:33,1.33,1.6,10.64,1.33,0.8,1.06,1.6,7.0,00:22:40,0.76,0.76,11.72,1.89,0.76,0.76,1.13,10.0,00:05:03,7.11,7.0,00:04:52,1.76
Jack Hughes,N.J,,,9,00:20:28,2.6,1.3,11.72,0.33,1.63,0.0,8.46,7.0,00:20:26,3.35,1.26,11.74,0.0,2.1,0.0,7.97,9.0,00:03:11,8.35,7.0,00:03:09,10.88
Arthur Kaliyev,OTT,,,2,00:10:36,0.0,2.83,11.31,0.0,0.0,0.0,0.0,2.0,00:10:36,0.0,2.83,11.31,0.0,0.0,0.0,0.0,,,,,,
Drew Helleson,ANA,,,8,00:18:53,0.79,0.79,4.76,1.98,2.78,0.0,0.0,7.0,00:18:52,0.91,0.91,4.54,1.82,3.18,0.0,0.0,,,,,,
Alex Vlasic,CHI,,,8,00:21:45,0.0,0.69,1.38,3.1,5.52,0.0,0.0,7.0,00:22:07,0.0,0.77,1.55,3.1,5.42,0.0,0.0,,,,,,
Marshall Warren,NYI,,,1,00:11:19,0.0,10.59,0.0,10.59,0.0,0.0,0.0,1.0,00:11:19,0.0,10.59,0.0,10.59,0.0,0.0,0.0,,,,,,
Philip Tomasino,PIT,,,4,00:12:07,0.0,0.0,6.19,6.19,7.43,0.0,1.24,3.0,00:11:37,0.0,0.0,5.16,8.61,10.33,0.0,1.72,,,,,,
Connor McMichael,WSH,,,9,00:15:07,0.44,0.88,8.81,1.76,1.32,1.76,17.63,7.0,00:14:56,0.57,1.15,8.61,1.15,1.15,2.3,20.08,9.0,00:02:05,3.19,7.0,00:01:55,4.43
Thomas Harley,DAL,Trocheck Backcheck Paycheque,D,9,00:23:07,0.29,2.02,2.88,1.44,8.36,1.73,0.0,7.0,00:22:54,0.0,1.5,2.99,1.87,7.48,0.75,0.0,9.0,00:01:41,7.89,7.0,00:01:40,10.24
Nicholas Robertson,TOR,,,8,00:11:30,0.65,0.65,10.43,7.17,0.0,0.0,0.0,6.0,00:11:23,0.88,0.88,9.66,6.15,0.0,0.0,0.0,,,,,,
Jayden Struble,MTL,,,6,00:14:58,0.0,1.34,1.34,4.01,2.67,0.0,0.0,6.0,00:14:58,0.0,1.34,1.34,4.01,2.67,0.0,0.0,,,,,,
Shane Pinto,OTT,The Epstein Islanders,C,9,00:18:55,2.82,0.35,10.57,1.76,2.11,2.82,21.14,6.0,00:22:19,1.79,0.45,10.3,1.34,1.79,1.79,20.16,10.0,00:02:35,0.0,7.0,00:02:14,0.0
Philip Broberg,STL,,,9,00:21:45,0.31,0.31,2.76,0.61,1.53,0.61,0.0,7.0,00:21:38,0.4,0.4,2.38,0.4,1.58,0.0,0.0,,,,,,
Simon Holmstrom,NYI,,,8,00:13:17,1.13,1.69,5.08,1.13,5.64,1.13,0.56,7.0,00:13:29,1.27,1.27,5.72,1.27,6.35,0.0,0.64,,,,,,
Pavel Dorofeyev,VGK,,,9,00:17:22,2.69,0.38,9.21,1.54,1.92,1.54,0.0,7.0,00:16:50,1.53,0.51,7.63,2.04,2.04,2.04,0.0,9.0,00:04:05,8.15,7.0,00:03:44,4.57
Jackson LaCombe,ANA,Sask Squatches,D,8,00:25:11,0.0,0.6,5.06,2.38,4.76,0.6,0.0,7.0,00:25:12,0.0,0.68,5.1,2.04,5.44,0.68,0.0,8.0,00:04:04,1.84,7.0,00:04:28,1.92
Jordan Spence,OTT,,,4,00:18:26,0.0,3.25,6.51,5.69,2.44,0.0,0.0,3.0,00:18:40,0.0,4.28,5.36,7.5,1.07,0.0,0.0,,,,,,
Albert Johansson,DET,,,9,00:14:59,0.0,0.89,4.45,4.45,5.34,0.0,0.0,7.0,00:15:13,0.0,0.56,3.94,3.94,5.07,0.0,0.0,,,,,,
Vasily Podkolzin,EDM,,,10,00:13:45,0.44,1.75,5.67,13.96,3.05,0.87,0.44,7.0,00:14:24,0.59,1.78,5.35,12.49,2.38,1.19,0.59,,,,,,
Alex Newhook,MTL,,,10,00:15:05,1.19,1.59,4.37,5.56,1.59,1.59,9.94,7.0,00:15:13,1.69,1.69,5.06,5.06,2.25,1.13,8.44,,,,,,
Ilya Mikheyev,CHI,,,9,00:17:47,1.12,0.75,7.12,3.0,1.5,0.0,0.0,7.0,00:17:32,1.47,0.98,8.8,3.91,1.47,0.0,0.0,,,,,,
Joel Kiviranta,COL,,,5,00:10:46,0.0,0.0,3.34,10.02,2.23,0.0,2.23,2.0,00:11:02,0.0,0.0,0.0,13.58,5.43,0.0,0.0,,,,,,
Aliaksei Protas,WSH,,,9,00:18:36,1.43,1.79,6.81,1.08,1.79,0.0,0.36,7.0,00:18:24,0.93,1.4,5.12,1.4,2.33,0.0,0.47,9.0,00:02:02,3.28,7.0,00:01:49,4.68
Juuso Parssinen,NYR,,,6,00:08:16,2.42,1.21,6.04,7.25,6.04,2.42,4.83,5.0,00:08:03,2.98,0.0,7.45,5.96,5.96,0.0,4.47,,,,,,
Matias Maccelli,TOR,,,9,00:14:05,0.95,0.47,3.78,0.47,1.42,0.0,0.95,7.0,00:13:46,1.24,0.0,4.97,0.0,1.24,0.0,0.62,9.0,00:01:26,0.0,7.0,00:01:43,0.0
Dmitri Voronkov,CBJ,Hughes your daddy,LW,8,00:15:55,2.35,1.88,8.0,8.95,0.47,4.71,0.47,7.0,00:16:00,2.14,2.14,8.03,9.1,0.54,5.35,0.54,8.0,00:02:28,3.04,7.0,00:02:43,3.16
Max Crozier,T.B,,,4,00:13:06,0.0,3.43,4.58,6.86,2.29,2.29,0.0,2.0,00:09:19,0.0,3.22,3.22,3.22,0.0,0.0,0.0,,,,,,
Arseny Gritsyuk,N.J,,,9,00:13:20,1.0,2.0,9.5,6.0,0.5,1.0,0.0,7.0,00:13:51,1.24,1.24,9.9,6.19,0.62,1.24,0.0,,,,,,
Elmer Soderblom,DET,,,4,00:09:38,0.0,0.0,1.56,10.89,0.0,0.0,0.0,3.0,00:09:16,0.0,0.0,2.15,6.46,0.0,0.0,0.0,,,,,,
Adam Edstrom,NYR,,,10,00:10:11,0.0,1.18,4.12,12.96,2.36,0.0,0.0,7.0,00:10:19,0.0,0.0,2.49,12.45,3.32,0.0,0.0,,,,,,
Nikita Nesterenko,ANA,,,6,00:12:36,0.0,3.17,3.97,11.1,2.38,0.0,1.59,6.0,00:12:36,0.0,3.17,3.97,11.1,2.38,0.0,1.59,,,,,,
Tye Kartye,SEA,,,9,00:11:47,0.57,0.57,3.39,15.27,2.26,0.0,0.0,7.0,00:11:34,0.74,0.74,4.44,13.32,2.96,0.0,0.0,,,,,,
Louis Crevier,CHI,,,8,00:11:48,0.64,0.64,5.08,6.99,2.54,13.35,0.0,7.0,00:12:17,0.0,0.7,4.18,7.67,2.79,14.65,0.0,,,,,,
Drew O'Connor,VAN,,,10,00:13:44,0.0,0.44,4.8,3.05,2.62,2.62,3.05,7.0,00:13:47,0.0,0.0,5.59,3.11,2.49,1.24,1.24,,,,,,
Cole Smith,NSH,,,10,00:14:33,1.24,0.0,5.77,12.77,1.24,3.3,0.0,7.0,00:14:33,1.18,0.0,5.89,17.08,0.59,4.71,0.0,,,,,,
Mitchell Chaffee,T.B,,,7,00:09:29,0.0,0.0,7.23,17.16,1.81,3.61,0.9,5.0,00:08:54,0.0,0.0,9.42,9.42,2.69,0.0,1.35,,,,,,
Jack Ahcan,COL,,,1,00:11:58,0.0,0.0,0.0,15.04,0.0,0.0,0.0,1.0,00:11:58,0.0,0.0,0.0,15.04,0.0,0.0,0.0,,,,,,
Braden Schneider,NYR,,,10,00:18:10,0.0,0.66,4.29,8.59,4.29,0.66,0.0,7.0,00:17:48,0.0,0.48,3.85,7.22,4.33,0.0,0.0,,,,,,
Connor Zary,CGY,,,10,00:13:10,0.46,0.46,5.47,2.28,1.37,2.73,11.39,7.0,00:13:21,0.0,0.64,3.85,2.57,1.28,2.57,13.48,10.0,00:02:08,2.81,7.0,00:01:47,0.0
Dylan Holloway,STL,,,9,00:19:03,0.35,1.05,6.3,9.44,1.75,0.7,0.7,7.0,00:18:58,0.45,1.36,4.97,8.58,2.26,0.9,0.45,9.0,00:03:08,2.12,7.0,00:03:15,2.64
Lucas Raymond,DET,,,7,00:17:03,1.0,2.01,3.52,1.0,1.51,0.0,0.5,5.0,00:16:10,0.0,2.97,2.23,0.74,1.48,0.0,0.0,7.0,00:03:29,4.91,5.0,00:02:46,4.32
Marco Rossi,MIN,,,9,00:18:26,0.72,2.17,5.78,1.45,1.81,0.0,22.42,6.0,00:18:34,0.54,1.62,5.39,1.08,1.62,0.0,25.31,9.0,00:02:06,12.64,6.0,00:01:51,10.79
Kaiden Guhle,MTL,Sask Squatches,D;IR;IR+,5,00:19:14,0.62,0.62,4.37,9.98,3.12,4.37,0.0,2.0,00:19:07,0.0,1.57,4.71,9.42,0.0,0.0,0.0,,,,,,
Justin Sourdif,WSH,,,9,00:11:55,0.56,0.0,5.59,10.07,2.24,2.24,6.71,7.0,00:11:57,0.72,0.0,5.02,10.75,2.87,2.87,8.6,,,,,,
Jake Neighbours,STL,,,8,00:14:37,3.08,0.51,6.16,10.26,2.57,2.05,0.51,6.0,00:14:39,2.73,0.68,6.14,7.5,3.41,2.73,0.68,8.0,00:02:07,0.0,6.0,00:01:55,0.0
Jack Finley,T.B,,,3,00:08:03,0.0,0.0,7.45,12.41,0.0,4.97,34.76,2.0,00:07:32,0.0,0.0,11.93,15.91,0.0,0.0,47.73,,,,,,
Ridly Greig,OTT,,,9,00:17:12,0.39,0.78,4.65,4.26,2.71,2.33,11.24,6.0,00:19:55,0.0,1.0,4.02,6.03,4.02,2.01,12.55,10.0,00:02:22,7.6,7.0,00:02:40,6.4
Seth Jarvis,CAR,,,8,00:19:57,2.63,1.5,11.65,2.26,1.5,0.75,2.63,7.0,00:19:46,2.17,1.73,12.14,1.73,1.73,0.87,2.6,8.0,00:03:53,1.93,7.0,00:03:48,2.25
Tyler Kleven,OTT,,,7,00:15:30,0.0,0.0,4.97,6.63,4.42,2.21,0.0,6.0,00:19:00,0.0,0.0,4.21,5.26,4.74,1.05,0.0,,,,,,
Jack Quinn,BUF,,,9,00:14:58,1.34,1.34,7.12,0.89,1.34,0.0,0.0,7.0,00:14:35,1.76,1.76,8.22,1.17,1.17,0.0,0.0,9.0,00:01:40,7.96,,,
Alexander Nikishin,CAR,robert's Fabulous Team,D,8,00:18:06,0.41,1.24,4.97,8.69,4.97,2.48,0.0,7.0,00:18:28,0.46,0.93,5.1,8.35,4.64,2.78,0.0,,,,,,
Ozzy Wiesblatt,NSH,,,7,00:10:41,0.0,1.6,5.61,15.23,2.4,5.61,0.0,7.0,00:10:41,0.0,1.6,5.61,15.23,2.4,5.61,0.0,,,,,,
Jake Sanderson,OTT,Boats and Ahos,D,9,00:23:41,0.28,1.41,4.78,1.13,3.94,0.0,0.0,6.0,00:26:58,0.37,1.85,3.71,1.11,3.71,0.0,0.0,10.0,00:03:25,10.52,7.0,00:03:16,10.44
Alexis Lafrenière,NYR,P Diddlers,LW;RW,10,00:18:09,0.33,0.66,8.59,5.29,2.31,1.32,0.0,7.0,00:18:57,0.0,0.45,6.33,4.97,3.16,1.81,0.0,10.0,00:03:23,1.77,7.0,00:03:23,2.53
Dawson Mercer,N.J,Trocheck Backcheck Paycheque,C;RW,9,00:18:20,1.09,1.82,5.45,2.54,4.72,1.45,6.18,7.0,00:18:20,1.4,1.87,6.08,2.34,4.21,1.87,7.01,9.0,00:02:32,5.24,7.0,00:02:27,6.97
Justin Barron,NSH,,,10,00:15:07,0.0,1.19,2.38,2.78,5.16,0.79,0.0,7.0,00:15:26,0.0,1.66,2.77,1.66,5.55,1.11,0.0,,,,,,
Anton Lundell,FLA,Autodraft Anomalies,C,10,00:18:22,0.65,1.63,7.19,2.61,2.61,1.31,29.4,7.0,00:18:34,0.0,1.84,6.0,2.77,2.77,1.84,28.6,10.0,00:02:58,8.05,7.0,00:03:16,2.62
Tim Stützle,OTT,Trocheck Backcheck Paycheque,C;LW,9,00:19:51,0.67,1.68,8.73,4.03,1.68,1.34,18.13,6.0,00:22:30,1.78,2.22,8.89,2.22,0.89,1.78,13.77,10.0,00:03:36,6.65,7.0,00:03:22,10.18
Lukas Reichel,"CHI, VAN",,,7,00:11:40,1.47,1.47,6.6,0.73,2.94,1.47,8.81,7.0,00:11:40,1.47,1.47,6.6,0.73,2.94,1.47,8.81,,,,,,
Sam Colangelo,ANA,,,5,00:10:27,1.15,0.0,2.3,8.04,1.15,2.3,1.15,4.0,00:10:30,1.43,0.0,2.86,10.0,1.43,2.86,1.43,,,,,,
Brock Faber,MIN,,,10,00:23:05,0.0,0.78,5.97,1.04,4.68,0.0,0.0,7.0,00:23:10,0.0,1.11,6.66,1.11,5.55,0.0,0.0,,,,,,
Quinton Byfield,L.A,,,10,00:19:41,0.61,1.83,7.31,4.27,1.22,2.44,23.76,7.0,00:19:57,0.43,2.15,6.87,3.01,1.29,1.72,27.06,10.0,00:02:38,6.8,7.0,00:02:24,10.69
Alexander Holtz,VGK,,,4,00:11:30,0.0,0.0,7.82,0.0,2.61,5.22,0.0,4.0,00:11:30,0.0,0.0,7.82,0.0,2.61,5.22,0.0,,,,,,
Emil Andrae,PHI,,,1,00:10:22,0.0,0.0,5.79,0.0,0.0,0.0,0.0,1.0,00:10:22,0.0,0.0,5.79,0.0,0.0,0.0,0.0,,,,,,
Donovan Sebrango,OTT,,,2,00:15:13,0.0,0.0,1.97,1.97,0.0,9.85,0.0,,,,,,,,,,,,,,,
Jamie Drysdale,PHI,,,8,00:22:17,0.0,1.01,2.35,1.01,4.04,1.35,0.0,7.0,00:22:12,0.0,1.16,2.7,0.77,4.24,1.54,0.0,8.0,00:02:46,0.0,7.0,00:03:00,0.0
Mavrik Bourque,DAL,,,9,00:14:30,0.46,0.92,7.81,1.84,3.22,0.92,0.0,7.0,00:15:27,0.55,1.11,8.32,1.66,3.33,1.11,0.0,9.0,00:01:17,10.33,,,
Luke Evangelista,NSH,,,9,00:13:19,0.0,2.0,7.01,0.5,1.5,1.0,0.0,7.0,00:13:33,0.0,1.27,6.33,0.0,1.9,1.27,0.0,9.0,00:01:57,3.41,7.0,00:01:37,5.28
Hendrix Lapierre,WSH,,,8,00:10:36,0.0,1.42,5.66,7.78,1.42,1.42,8.49,6.0,00:10:47,0.0,1.85,7.42,6.49,0.93,1.85,10.2,,,,,,
Alex Laferriere,L.A,,,10,00:15:24,0.78,0.39,8.95,10.12,2.34,1.56,7.4,7.0,00:15:17,1.12,0.56,10.09,8.41,2.8,0.0,8.97,10.0,00:01:03,0.0,,,
Will Cuylle,NYR,Bros before Ahos,LW;RW,10,00:17:13,0.35,0.35,7.32,14.64,2.44,3.48,1.39,7.0,00:17:08,0.0,0.5,7.5,13.5,2.0,3.0,1.5,10.0,00:01:00,5.96,,,
Tyson Foerster,PHI,,,8,00:18:12,1.24,1.24,5.77,2.88,0.82,0.82,0.41,7.0,00:18:20,1.4,0.93,5.61,3.27,0.93,0.0,0.47,8.0,00:02:25,3.1,7.0,00:02:35,3.31
Shakir Mukhamadullin,S.J,,,1,00:12:45,0.0,9.41,0.0,0.0,4.71,18.82,0.0,,,,,,,,,,,,,,,
Landon Slaggert,CHI,,,3,00:09:56,0.0,0.0,6.04,14.09,2.01,4.02,0.0,3.0,00:09:56,0.0,0.0,6.04,14.09,2.01,4.02,0.0,,,,,,
JJ Peterka,UTA,,,10,00:16:12,1.11,2.22,5.92,0.37,1.11,1.48,0.37,7.0,00:15:57,1.07,2.69,6.45,0.54,1.07,2.15,0.54,10.0,00:01:45,0.0,7.0,00:01:42,0.0
Wyatt Kaiser,CHI,,,9,00:19:38,0.0,0.68,3.05,3.73,2.04,2.71,0.0,7.0,00:19:34,0.0,0.88,3.06,3.06,2.19,3.5,0.0,,,,,,
Marat Khusnutdinov,BOS,,,5,00:10:39,0.0,1.13,7.88,1.13,0.0,2.25,0.0,1.0,00:22:16,0.0,2.69,10.77,2.69,0.0,0.0,0.0,,,,,,
Ian Moore,ANA,,,2,00:11:57,0.0,0.0,5.02,0.0,0.0,0.0,0.0,2.0,00:11:57,0.0,0.0,5.02,0.0,0.0,0.0,0.0,,,,,,
Gage Goncalves,T.B,,,9,00:12:24,0.0,1.61,2.15,5.91,3.76,1.07,0.0,7.0,00:12:46,0.0,1.34,2.68,4.03,4.03,1.34,0.0,,,,,,
Artem Zub,OTT,,,9,00:18:41,0.36,1.78,6.06,4.64,4.99,2.14,0.0,6.0,00:21:26,0.0,1.4,3.73,4.2,5.13,1.87,0.0,,,,,,
Bobby McMann,TOR,,,9,00:15:48,0.84,0.42,5.06,13.92,2.11,1.69,0.84,7.0,00:15:40,0.55,0.55,6.01,13.12,1.09,1.09,1.09,9.0,00:01:12,0.0,,,
Jeff Malott,L.A,,,8,00:07:51,0.95,0.0,4.77,24.81,1.91,18.13,0.95,5.0,00:08:40,0.0,0.0,5.54,23.53,2.77,9.69,0.0,,,,,,
Matt Rempe,NYR,,,9,00:09:48,0.68,0.0,5.44,20.39,1.36,4.76,1.36,6.0,00:09:47,0.0,0.0,5.1,21.44,1.02,7.15,2.04,,,,,,
Ilya Solovyov,COL,,,7,00:11:55,0.0,0.0,5.75,5.75,6.47,1.44,0.0,6.0,00:12:18,0.0,0.0,5.68,6.5,4.87,1.62,0.0,,,,,,
Yegor Chinakhov,CBJ,,,5,00:09:06,1.32,1.32,13.18,3.95,2.64,0.0,0.0,5.0,00:09:06,1.32,1.32,13.18,3.95,2.64,0.0,0.0,,,,,,
Emil Heineman,NYI,Autodraft Anomalies,LW;RW,8,00:14:16,2.63,0.53,6.83,18.38,1.58,3.15,1.05,7.0,00:14:26,2.97,0.59,7.72,19.59,1.19,3.56,0.59,,,,,,
Adam Wilsby,NSH,,,10,00:19:01,0.0,0.63,3.47,1.26,2.21,2.52,0.0,7.0,00:19:41,0.0,0.87,3.92,0.87,2.61,2.61,0.0,,,,,,
Nils Aman,VAN,,,2,00:08:39,0.0,0.0,3.46,6.93,3.46,0.0,3.46,2.0,00:08:39,0.0,0.0,3.46,6.93,3.46,0.0,3.46,,,,,,
Mason Lohrei,BOS,,,10,00:18:01,0.33,1.66,2.66,1.66,4.66,0.0,0.0,6.0,00:20:57,0.48,2.39,2.39,1.43,3.34,0.0,0.0,11.0,00:01:47,3.05,7.0,00:01:37,5.26
Matthew Kessel,STL,,,3,00:08:52,0.0,0.0,2.25,0.0,2.25,4.5,0.0,3.0,00:08:52,0.0,0.0,2.25,0.0,2.25,4.5,0.0,,,,,,
Josh Dunne,BUF,,,3,00:08:24,0.0,0.0,4.76,11.89,0.0,4.76,2.38,3.0,00:08:24,0.0,0.0,4.76,11.89,0.0,4.76,2.38,,,,,,
Daniil Miromanov,CGY,,,1,00:17:49,0.0,0.0,0.0,0.0,6.74,0.0,0.0,1.0,00:17:49,0.0,0.0,0.0,0.0,6.74,0.0,0.0,,,,,,
J.J. Moser,T.B,,,7,00:22:00,0.39,0.39,3.89,3.12,2.34,0.78,0.0,7.0,00:22:00,0.39,0.39,3.89,3.12,2.34,0.78,0.0,,,,,,
Josh Doan,BUF,,,9,00:15:04,0.88,1.77,10.61,4.42,0.44,0.88,0.88,7.0,00:15:19,1.12,2.24,10.62,4.47,0.56,1.12,1.12,9.0,00:02:49,7.07,7.0,00:02:51,9.01
Kent Johnson,CBJ,,,8,00:15:19,0.98,0.98,7.83,0.49,1.96,0.0,0.0,7.0,00:15:26,1.11,1.11,7.22,0.0,2.22,0.0,0.0,8.0,00:03:01,0.0,7.0,00:03:16,0.0
Matty Beniers,SEA,,,9,00:19:39,0.34,1.7,5.43,1.7,2.71,0.68,20.68,7.0,00:19:59,0.0,1.29,5.15,1.72,2.57,0.86,18.44,9.0,00:02:46,4.79,7.0,00:02:46,3.08
William Eklund,S.J,,,9,00:19:21,1.38,1.72,8.96,2.41,2.41,0.0,0.0,7.0,00:19:53,1.72,1.72,9.48,2.59,3.02,0.0,0.0,9.0,00:03:18,10.06,7.0,00:03:16,10.45
Owen Power,BUF,,,8,00:22:13,0.34,0.67,4.39,2.36,2.02,0.67,0.0,7.0,00:22:14,0.39,0.77,4.24,2.31,1.93,0.0,0.0,8.0,00:01:24,0.0,,,
Matt Coronato,CGY,,,9,00:17:24,0.77,0.38,7.66,0.38,1.15,2.3,0.77,6.0,00:17:08,0.0,0.0,8.16,0.0,1.17,2.33,1.17,9.0,00:04:33,1.46,6.0,00:04:09,0.0
Luke Hughes,N.J,P Diddlers,D,9,00:20:40,0.0,1.61,5.81,1.61,1.61,4.52,0.0,7.0,00:20:40,0.0,0.41,5.81,0.83,1.24,4.15,0.0,9.0,00:01:58,3.38,7.0,00:01:34,5.44
Aatu Raty,VAN,,,8,00:13:08,0.0,0.57,2.85,14.26,0.0,2.28,33.09,5.0,00:13:48,0.0,0.0,3.48,13.91,0.0,3.48,33.04,,,,,,
Dylan Guenther,UTA,Trocheck Backcheck Paycheque,RW,10,00:18:24,1.63,1.96,12.07,3.59,1.3,1.96,1.3,7.0,00:17:17,1.49,1.98,11.9,4.46,0.5,2.97,0.5,10.0,00:04:09,4.34,7.0,00:04:13,4.06
Logan Stankoven,CAR,robert's Fabulous Team,C;RW,8,00:16:14,0.92,0.92,8.31,0.92,1.39,1.85,24.47,7.0,00:16:24,1.04,1.04,8.36,1.04,1.57,2.09,24.55,8.0,00:02:13,0.0,7.0,00:02:20,0.0
Colton Dach,CHI,Autodraft Anomalies,C;LW,9,00:13:30,0.0,0.99,5.43,18.76,1.97,0.99,2.47,7.0,00:13:31,0.0,0.63,5.07,17.74,2.53,1.27,1.9,9.0,00:01:51,3.6,7.0,00:01:54,4.49
Cole Sillinger,CBJ,,,8,00:14:52,0.0,1.01,6.56,4.03,0.5,4.03,2.02,7.0,00:14:59,0.0,1.14,6.86,3.43,0.57,4.57,2.29,,,,,,
Mackie Samoskevich,FLA,Boats and Ahos,RW,10,00:14:40,0.82,1.64,10.63,8.18,0.82,2.45,0.0,7.0,00:15:17,0.56,1.12,10.65,6.73,1.12,2.24,0.0,10.0,00:02:58,10.11,7.0,00:03:16,7.84
Matthew Knies,TOR,Boats and Ahos,LW,9,00:20:39,0.65,2.58,6.78,7.75,2.26,1.94,0.0,7.0,00:20:43,0.83,2.9,6.62,5.79,2.48,1.65,0.0,9.0,00:03:09,2.11,7.0,00:03:15,2.64
Samuel Helenius,L.A,,,2,00:09:10,0.0,0.0,6.55,29.45,3.27,0.0,9.82,2.0,00:09:10,0.0,0.0,6.55,29.45,3.27,0.0,9.82,,,,,,
Brandt Clarke,L.A,,,10,00:16:47,0.36,1.43,6.08,1.79,6.08,0.71,0.0,7.0,00:16:26,0.0,2.08,7.3,2.08,7.3,0.0,0.0,10.0,00:01:32,0.0,,,
Logan Mailloux,STL,,,6,00:12:32,0.0,0.0,2.39,7.17,2.39,0.0,0.0,4.0,00:13:11,0.0,0.0,2.27,5.69,3.41,0.0,0.0,,,,,,
Zack Bolduc,MTL,,,10,00:13:19,1.8,0.9,9.01,6.3,1.35,1.8,1.8,7.0,00:12:35,0.68,0.68,6.81,6.81,2.04,2.72,1.36,10.0,00:02:48,6.41,7.0,00:01:40,5.14
Wyatt Johnston,DAL,,,9,00:21:00,1.9,1.27,9.52,1.59,3.81,0.63,19.67,7.0,00:21:04,1.63,1.63,9.76,2.03,3.66,0.81,21.96,9.0,00:03:40,9.08,7.0,00:03:31,12.17
Mason McTavish,ANA,robert's Fabulous Team,C,8,00:18:46,0.4,2.4,5.99,5.99,2.8,3.2,24.76,7.0,00:18:32,0.46,2.31,6.01,5.55,3.24,3.7,26.81,8.0,00:02:00,7.46,7.0,00:02:10,7.86
Brennan Othmann,NYR,,,1,00:12:31,0.0,0.0,4.79,9.59,0.0,0.0,0.0,1.0,00:12:31,0.0,0.0,4.79,9.59,0.0,0.0,0.0,,,,,,
Ryan Winterton,SEA,,,9,00:12:44,0.0,0.52,4.71,4.19,1.57,2.09,0.0,7.0,00:12:24,0.0,0.69,4.15,3.46,2.07,1.38,0.0,,,,,,
Ville Koivunen,PIT,,,3,00:12:44,0.0,0.0,3.14,0.0,3.14,0.0,0.0,1.0,00:11:21,0.0,0.0,0.0,0.0,5.29,0.0,0.0,,,,,,
Simon Edvinsson,DET,,,9,00:20:31,0.97,0.0,3.57,2.92,8.12,3.9,0.0,7.0,00:20:07,0.85,0.0,2.98,2.13,8.94,3.41,0.0,,,,,,
Fedor Svechkov,NSH,,,9,00:12:44,0.0,0.0,9.94,2.09,1.57,1.05,10.47,6.0,00:12:49,0.0,0.0,8.57,1.56,1.56,0.0,11.69,,,,,,
Oliver Kapanen,MTL,,,10,00:12:36,1.9,1.43,7.14,3.81,2.86,0.95,10.95,7.0,00:12:28,1.37,2.06,7.55,2.75,3.43,1.37,13.73,,,,,,
Nikita Chibrikov,WPG,,,5,00:09:41,0.0,0.0,2.48,8.66,3.71,9.9,0.0,3.0,00:09:38,0.0,0.0,4.15,10.37,6.22,16.59,0.0,,,,,,
Olen Zellweger,ANA,,,8,00:19:03,0.0,0.39,7.48,1.18,1.97,1.57,0.0,7.0,00:19:03,0.0,0.45,7.2,0.9,2.25,1.8,0.0,8.0,00:01:55,3.91,7.0,00:02:05,4.1
Ethan Del Mastro,CHI,,,1,00:17:34,0.0,0.0,3.41,20.47,6.82,0.0,0.0,,,,,,,,,,,,,,,
Jackson Blake,CAR,,,8,00:17:03,0.88,1.76,12.31,0.88,0.88,3.52,0.0,7.0,00:17:15,0.99,1.49,11.42,0.99,0.99,3.97,0.0,8.0,00:03:07,4.8,7.0,00:03:22,2.54
Vincent Iorio,S.J,,,6,00:16:19,0.0,0.0,1.84,1.84,3.67,2.45,0.0,6.0,00:16:19,0.0,0.0,1.84,1.84,3.67,2.45,0.0,,,,,,
Tyson Kozak,BUF,,,7,00:09:52,1.74,0.0,4.34,16.5,3.47,0.0,24.32,6.0,00:10:16,1.95,0.0,4.87,16.56,2.92,0.0,23.38,,,,,,
Joel Nystrom,CAR,,,2,00:16:59,0.0,0.0,5.3,1.77,1.77,3.53,0.0,2.0,00:16:59,0.0,0.0,5.3,1.77,1.77,3.53,0.0,,,,,,
Emil Lilleberg,T.B,,,9,00:14:17,0.0,0.0,2.33,6.53,3.26,14.46,0.0,7.0,00:13:12,0.0,0.0,3.24,5.84,3.89,16.87,0.0,,,,,,
Zakhar Bardakov,COL,,,5,00:05:59,0.0,2.0,6.0,10.01,2.0,0.0,18.01,5.0,00:05:59,0.0,2.0,6.0,10.01,2.0,0.0,18.01,,,,,,
Arber Xhekaj,MTL,,,9,00:10:31,0.0,0.63,4.43,7.6,3.17,9.5,0.0,6.0,00:10:11,0.0,0.0,4.9,2.94,0.98,10.79,0.0,,,,,,
Arshdeep Bains,VAN,,,10,00:09:40,0.0,1.24,3.72,6.21,1.24,1.24,1.24,7.0,00:08:34,0.0,0.0,5.0,5.0,0.0,2.0,2.0,,,,,,
Owen Beck,MTL,,,2,00:08:21,0.0,0.0,3.59,0.0,3.59,0.0,25.12,2.0,00:08:21,0.0,0.0,3.59,0.0,3.59,0.0,25.12,,,,,,
Lian Bichsel,DAL,Boats and Ahos,D,9,00:15:02,0.0,0.44,0.89,11.08,5.76,0.89,0.0,7.0,00:15:19,0.0,0.56,0.56,11.19,4.47,0.0,0.0,,,,,,
Logan Cooley,UTA,Dan's Dazzling Team,C,10,00:18:51,2.23,1.27,7.96,3.18,1.59,1.27,18.46,7.0,00:17:57,2.87,1.91,10.03,2.87,1.43,1.91,23.88,10.0,00:04:09,5.77,7.0,00:04:14,8.08
Cutter Gauthier,ANA,Boats and Ahos,LW,8,00:18:16,2.05,0.82,15.6,4.1,1.23,3.28,1.23,7.0,00:18:07,2.36,0.95,15.6,4.26,1.42,2.84,0.95,8.0,00:01:57,0.0,7.0,00:02:07,0.0
Conor Geekie,T.B,,,6,00:10:01,0.0,1.0,4.99,14.96,4.99,3.99,7.98,4.0,00:10:07,0.0,1.48,4.44,11.84,5.92,5.92,7.4,,,,,,
Ryan Greene,CHI,,,9,00:11:35,0.58,0.0,1.15,2.88,1.15,1.15,18.41,7.0,00:11:59,0.71,0.0,1.43,3.57,1.43,0.0,19.29,,,,,,
Hunter Haight,MIN,,,2,00:09:22,0.0,0.0,0.0,6.41,0.0,0.0,22.42,,,,,,,,,,,,,,,
Isaac Howard,EDM,,,9,00:09:56,0.67,0.0,6.71,0.67,0.67,2.68,0.0,6.0,00:10:09,0.98,0.0,5.9,0.98,0.0,3.94,0.0,,,,,,
Lane Hutson,MTL,robert's Fabulous Team,D,10,00:22:33,0.27,2.13,3.72,1.86,4.26,0.0,0.0,7.0,00:22:54,0.37,2.62,3.74,1.5,4.86,0.0,0.0,10.0,00:03:15,3.68,7.0,00:02:31,6.77
David Jiricek,MIN,,,6,00:12:52,0.0,0.0,2.33,0.78,1.55,3.11,0.0,5.0,00:12:38,0.0,0.0,1.9,0.95,1.9,1.9,0.0,,,,,,
Marco Kasper,DET,Trocheck Backcheck Paycheque,C;LW,9,00:15:58,0.42,0.0,5.01,11.69,2.5,2.5,20.45,7.0,00:16:27,0.0,0.0,3.64,11.98,2.08,2.08,22.39,9.0,00:01:25,0.0,7.0,00:01:38,0.0
Joakim Kemell,NSH,,,2,00:11:04,0.0,0.0,2.71,10.84,2.71,0.0,0.0,,,,,,,,,,,,,,,
Jiri Kulich,BUF,,,9,00:16:20,1.22,0.82,6.94,2.45,4.08,1.63,18.77,7.0,00:15:55,1.62,1.08,7.54,2.69,3.77,1.08,18.31,9.0,00:01:37,0.0,,,
Brad Lambert,WPG,,,2,00:08:58,0.0,0.0,6.69,0.0,3.34,0.0,0.0,2.0,00:08:58,0.0,0.0,6.69,0.0,3.34,0.0,0.0,,,,,,
Jonathan Lekkerimäki,VAN,,,4,00:09:54,1.52,0.0,4.55,7.58,3.03,0.0,0.0,,,,,,,,,,,,,,,
Denton Mateychuk,CBJ,,,8,00:17:32,0.86,0.43,5.56,3.85,3.42,0.0,0.0,7.0,00:17:58,0.95,0.0,6.2,3.82,2.86,0.0,0.0,,,,,,
Fraser Minten,BOS,,,10,00:12:30,0.48,0.0,5.75,6.71,6.23,2.88,28.29,6.0,00:13:46,0.0,0.73,5.81,7.26,6.53,2.9,31.2,,,,,,
Pavel Mintyukov,ANA,,,8,00:14:36,0.0,1.03,3.08,4.11,4.11,1.03,0.0,7.0,00:14:27,0.0,1.19,2.97,4.15,4.15,1.19,0.0,,,,,,
Frank Nazar,CHI,Hughes your daddy,C,9,00:19:38,1.36,1.7,5.43,3.05,2.71,2.04,20.02,7.0,00:19:22,1.33,1.33,4.87,3.1,2.65,0.88,20.8,9.0,00:03:12,4.16,7.0,00:03:00,5.7
Simon Nemec,N.J,,,9,00:16:12,0.0,2.88,3.7,0.41,6.99,1.65,0.0,7.0,00:16:02,0.0,3.21,3.21,0.53,8.55,2.14,0.0,,,,,,
Jani Nyman,SEA,,,9,00:10:39,1.88,0.0,5.63,6.25,1.25,0.0,1.25,7.0,00:11:21,2.27,0.0,6.8,4.53,0.76,0.0,1.51,,,,,,
Liam Ohgren,MIN,,,5,00:09:10,0.0,0.0,5.23,7.85,2.62,0.0,0.0,2.0,00:09:32,0.0,0.0,3.14,3.14,0.0,0.0,0.0,,,,,,
Noah Ostlund,BUF,,,3,00:10:21,0.0,0.0,5.79,1.93,5.79,0.0,15.44,3.0,00:10:21,0.0,0.0,5.79,1.93,5.79,0.0,15.44,,,,,,
Sam Rinzel,CHI,Boats and Ahos,D,9,00:20:37,0.32,0.65,4.2,3.55,4.2,1.94,0.0,7.0,00:20:11,0.42,0.85,4.25,4.25,3.82,2.55,0.0,9.0,00:03:19,0.0,7.0,00:03:16,0.0
Matt Savoie,EDM,,,10,00:12:52,0.0,0.47,5.59,0.93,3.26,0.0,0.47,7.0,00:12:52,0.0,0.67,5.32,1.33,3.33,0.0,0.67,,,,,,
Juraj Slafkovský,MTL,Hughes your daddy,LW;RW,10,00:18:21,1.31,0.33,7.52,6.86,3.92,2.61,0.33,7.0,00:18:15,1.41,0.47,6.1,7.51,4.69,3.75,0.0,10.0,00:03:14,5.56,7.0,00:02:19,7.35
Jimmy Snuggerud,STL,Boats and Ahos,RW,9,00:14:27,1.38,1.38,9.23,2.77,2.77,0.92,0.92,7.0,00:14:46,1.74,1.16,9.86,2.32,2.32,1.16,1.16,9.0,00:02:07,9.44,7.0,00:01:55,8.93
Shane Wright,SEA,,,9,00:14:44,0.9,1.36,6.78,3.62,2.71,0.0,16.27,7.0,00:14:46,1.16,1.74,8.7,2.32,3.48,0.0,14.5,9.0,00:01:31,8.79,7.0,00:01:31,11.2
Danila Yurov,MIN,,,8,00:09:45,0.77,0.0,3.85,4.61,2.31,0.0,13.84,7.0,00:09:42,0.88,0.0,3.53,4.41,2.65,0.0,10.59,,,,,,
Brian Halonen,N.J,,,7,00:07:41,0.0,0.0,3.34,18.93,0.0,5.57,0.0,7.0,00:07:41,0.0,0.0,3.34,18.93,0.0,5.57,0.0,,,,,,
Nick Blankenburg,NSH,,,1,00:12:04,0.0,0.0,4.97,9.94,0.0,0.0,0.0,1.0,00:12:04,0.0,0.0,4.97,9.94,0.0,0.0,0.0,,,,,,
Ben Meyers,SEA,,,3,00:08:55,0.0,4.48,0.0,13.43,2.24,0.0,24.63,3.0,00:08:55,0.0,4.48,0.0,13.43,2.24,0.0,24.63,,,,,,
Ethen Frank,WSH,,,2,00:12:33,0.0,2.39,4.78,2.39,2.39,9.56,0.0,2.0,00:12:33,0.0,2.39,4.78,2.39,2.39,9.56,0.0,,,,,,
Adam Klapka,CGY,Jagrbombs,RW,10,00:10:24,0.58,1.15,6.34,19.61,1.73,14.42,0.58,7.0,00:09:40,0.89,0.89,8.86,19.5,1.77,18.61,0.89,,,,,,
Elias Pettersson,VAN,,,10,00:14:04,0.0,0.43,2.56,5.11,5.54,0.85,0.0,7.0,00:14:16,0.0,0.6,3.0,6.0,6.0,0.0,0.0,,,,,,
Noah Laba,NYR,,,10,00:11:14,0.53,1.07,4.8,4.8,5.34,0.0,17.62,7.0,00:10:22,0.83,0.0,4.95,3.3,6.61,0.0,14.86,,,,,,
Nikita Grebenkin,PHI,,,6,00:08:52,0.0,1.13,1.13,7.89,1.13,21.41,2.25,6.0,00:08:52,0.0,1.13,1.13,7.89,1.13,21.41,2.25,,,,,,
Dominic James,T.B,,,3,00:12:42,0.0,0.0,7.87,9.44,4.72,0.0,22.03,3.0,00:12:42,0.0,0.0,7.87,9.44,4.72,0.0,22.03,,,,,,
Victor Mancini,VAN,,,5,00:10:31,0.0,0.0,3.42,6.84,5.7,5.7,0.0,4.0,00:09:18,0.0,0.0,3.22,8.06,6.45,8.06,0.0,,,,,,
Andrei Kuzmenko,L.A,,,10,00:15:58,0.75,1.5,5.64,4.51,0.75,0.75,0.0,7.0,00:15:33,0.55,1.1,4.96,2.75,0.0,1.1,0.0,10.0,00:02:58,6.03,7.0,00:02:51,5.99
Parker Ford,WPG,,,2,00:11:16,0.0,0.0,5.32,7.98,2.66,5.32,13.3,2.0,00:11:16,0.0,0.0,5.32,7.98,2.66,5.32,13.3,,,,,,
Max Sasson,VAN,,,7,00:09:49,2.62,0.0,6.11,2.62,6.99,0.0,6.99,7.0,00:09:49,2.62,0.0,6.11,2.62,6.99,0.0,6.99,,,,,,
Connor Bedard,CHI,Sask Squatches,C;RW,9,00:21:58,0.91,1.52,7.58,1.52,0.61,3.03,9.4,7.0,00:21:59,0.78,1.56,8.19,1.56,0.39,3.9,10.52,9.0,00:03:31,3.79,7.0,00:03:24,5.03
Zach Benson,BUF,Autodraft Anomalies,LW,6,00:19:27,0.0,3.6,7.71,1.54,2.06,3.08,0.51,6.0,00:19:27,0.0,3.6,7.71,1.54,2.06,3.08,0.51,6.0,00:03:20,5.98,6.0,00:03:20,5.98
Gavin Brindley,COL,,,10,00:08:53,0.67,0.0,6.07,6.07,1.35,1.35,1.35,7.0,00:09:27,0.0,0.0,6.35,4.53,0.0,1.81,0.0,,,,,,
Leo Carlsson,ANA,Bar Down Beauties,C,8,00:19:09,1.17,2.35,9.0,0.0,1.96,0.78,18.01,7.0,00:19:15,1.34,2.67,8.46,0.0,2.23,0.89,16.91,8.0,00:03:52,5.82,7.0,00:04:15,6.04
Easton Cowan,TOR,,,6,00:12:28,0.0,2.41,5.61,6.42,0.8,0.0,0.0,6.0,00:12:28,0.0,2.41,5.61,6.42,0.8,0.0,0.0,,,,,,
Adam Fantilli,CBJ,Dan's Dazzling Team,C,8,00:15:36,0.96,1.44,8.65,3.84,1.44,1.92,12.49,7.0,00:15:37,1.1,1.65,8.23,3.29,1.1,2.19,11.52,8.0,00:01:30,0.0,7.0,00:01:37,0.0
Samuel Honzek,CGY,,,8,00:12:21,0.0,0.61,7.28,10.31,1.82,0.0,0.0,7.0,00:12:16,0.0,0.7,5.59,9.78,2.1,0.0,0.0,,,,,,
Ryan Leonard,WSH,,,9,00:12:37,1.58,1.06,10.04,7.92,0.53,1.06,1.58,7.0,00:12:54,1.33,1.33,9.3,7.3,0.66,1.33,1.99,9.0,00:01:20,4.99,,,
Bradly Nadeau,CAR,,,1,00:12:39,0.0,0.0,4.74,4.74,9.49,0.0,0.0,1.0,00:12:39,0.0,0.0,4.74,4.74,9.49,0.0,0.0,,,,,,
Axel Sandin-Pellikka,DET,,,9,00:19:10,0.35,0.35,4.52,0.7,4.87,2.09,0.0,7.0,00:18:49,0.46,0.46,4.1,0.91,5.46,1.82,0.0,9.0,00:01:37,4.1,7.0,00:01:42,5.01
Will Smith,S.J,Boats and Ahos,C;RW,9,00:17:37,0.76,2.27,7.19,2.27,1.89,2.27,0.38,7.0,00:17:06,1.0,1.5,7.01,2.5,2.0,2.0,0.5,9.0,00:03:20,3.98,7.0,00:03:18,2.6
Matthew Wood,NSH,,,3,00:12:15,0.0,1.63,8.16,4.9,1.63,0.0,1.63,3.0,00:12:15,0.0,1.63,8.16,4.9,1.63,0.0,1.63,,,,,,
Sam Malinski,COL,,,10,00:14:47,0.41,1.62,6.08,1.22,4.05,0.81,0.0,7.0,00:15:04,0.0,1.71,5.69,1.71,3.98,1.14,0.0,,,,,,
Uvis Balinskis,FLA,,,8,00:13:34,0.0,0.0,1.66,4.97,3.87,1.1,0.0,,,,,,,,,,,,,,,
Zach Metsa,BUF,,,4,00:08:49,0.0,0.0,1.7,1.7,3.4,3.4,0.0,4.0,00:08:49,0.0,0.0,1.7,1.7,3.4,3.4,0.0,,,,,,
Nikolas Matinpalo,OTT,,,5,00:13:58,0.0,0.0,2.58,5.15,4.29,1.72,0.0,3.0,00:19:01,0.0,0.0,2.1,7.36,1.05,2.1,0.0,,,,,,
Dmitri Simashev,UTA,,,10,00:15:04,0.0,0.0,5.57,0.8,4.38,6.37,0.0,7.0,00:15:46,0.0,0.0,4.89,0.54,4.35,6.52,0.0,,,,,,
Matvei Michkov,PHI,robert's Fabulous Team,RW,8,00:15:05,0.5,0.99,6.96,2.98,0.5,3.97,0.0,7.0,00:15:07,0.57,1.13,6.8,3.4,0.57,3.4,0.0,8.0,00:02:32,0.0,7.0,00:02:45,0.0
Charles Alexis Legault,CAR,,,3,00:11:52,0.0,0.0,6.73,3.37,6.73,6.73,0.0,3.0,00:11:52,0.0,0.0,6.73,3.37,6.73,6.73,0.0,,,,,,
Emmitt Finnie,DET,Hughes your daddy,C;LW,9,00:16:14,1.64,1.64,6.98,10.26,2.87,0.0,0.41,7.0,00:17:09,2.0,1.5,6.99,11.49,3.5,0.0,0.5,,,,,,
Beckett Sennecke,ANA,,,8,00:17:22,1.29,0.86,6.04,4.75,1.73,0.0,0.0,7.0,00:17:22,0.99,0.99,5.43,3.95,1.48,0.0,0.0,8.0,00:01:42,4.41,7.0,00:01:48,4.72
Zayne Parekh,CGY,robert's Fabulous Team,D,8,00:15:53,0.0,0.47,4.72,1.42,1.89,0.0,0.0,7.0,00:15:40,0.0,0.55,4.37,1.64,1.64,0.0,0.0,8.0,00:02:31,2.97,7.0,00:02:14,3.82
Jett Luchanko,PHI,,,4,00:08:58,0.0,0.0,1.67,3.35,5.02,3.35,18.4,4.0,00:08:58,0.0,0.0,1.67,3.35,5.02,3.35,18.4,,,,,,
Artyom Levshunov,CHI,,,8,00:14:58,0.0,1.0,3.51,5.51,1.0,5.01,0.0,6.0,00:14:22,0.0,0.7,2.78,6.26,0.7,1.39,0.0,8.0,00:01:46,4.24,,,
Michael Brandsegg-Nygård,DET,,,9,00:12:27,0.0,0.54,7.5,14.99,1.61,1.07,0.0,7.0,00:12:18,0.0,0.7,6.97,15.33,1.39,1.39,0.0,9.0,00:01:24,0.0,7.0,00:01:36,0.0
Zeev Buium,MIN,Boats and Ahos,D,10,00:20:00,0.6,1.8,4.5,0.6,1.2,0.6,0.0,7.0,00:19:34,0.44,1.75,3.06,0.44,0.44,0.88,0.0,10.0,00:04:16,7.02,7.0,00:03:33,4.81
Berkly Catton,SEA,,,4,00:13:17,0.0,2.26,7.9,1.13,3.38,0.0,1.13,4.0,00:13:17,0.0,2.26,7.9,1.13,3.38,0.0,1.13,,,,,,
Macklin Celebrini,S.J,robert's Fabulous Team,C,9,00:20:52,1.92,2.87,7.66,1.92,1.28,0.64,28.41,7.0,00:20:45,2.48,2.48,9.08,2.48,1.65,0.83,26.01,9.0,00:03:20,11.98,7.0,00:03:14,13.22
Sam Dickinson,S.J,,,7,00:14:19,0.0,0.0,4.19,2.99,2.99,3.59,0.0,6.0,00:14:43,0.0,0.0,4.76,3.4,3.4,4.08,0.0,,,,,,
Justin Hryckowian,DAL,,,8,00:08:44,0.0,0.0,4.29,11.16,1.72,7.72,4.29,6.0,00:09:07,0.0,0.0,4.38,8.77,1.1,2.19,5.48,,,,,,
Harrison Brunicke,PIT,,,7,00:16:09,0.53,0.0,3.71,1.59,6.89,3.18,0.0,4.0,00:16:50,0.0,0.0,2.67,1.78,9.8,1.78,0.0,,,,,,
Matvei Gridin,CGY,,,4,00:14:43,1.02,0.0,9.17,1.02,3.06,0.0,0.0,1.0,00:16:01,0.0,0.0,3.75,0.0,3.75,0.0,0.0,,,,,,
Collin Graf,S.J,,,8,00:15:06,0.5,0.99,3.48,4.97,1.99,0.0,0.0,6.0,00:14:57,0.67,1.34,4.01,6.69,2.01,0.0,0.0,,,,,,
Maxim Tsyplakov,NYI,,,6,00:08:46,1.14,0.0,7.98,10.26,0.0,0.0,0.0,5.0,00:08:19,1.44,0.0,8.64,10.08,0.0,0.0,0.0,,,,,,
Ivan Demidov,MTL,Boats and Ahos,RW,10,00:13:57,0.86,3.01,3.87,1.29,1.29,2.58,0.0,7.0,00:14:16,1.2,3.6,4.81,1.2,1.8,2.4,0.0,10.0,00:02:05,8.59,7.0,00:01:51,13.79
Matthew Schaefer,NYI,Dan's Dazzling Team,D,8,00:23:11,0.65,1.62,7.44,0.65,2.91,0.65,0.0,7.0,00:24:02,0.71,1.43,7.84,0.36,3.21,0.71,0.0,8.0,00:03:09,7.13,7.0,00:03:32,7.27
Braeden Cootes,VAN,,,3,00:10:46,0.0,0.0,0.0,5.57,1.86,0.0,9.28,,,,,,,,,,,,,,,
Michael Misa,S.J,robert's Fabulous Team,C,5,00:12:21,0.97,1.94,3.88,1.94,2.91,1.94,13.59,5.0,00:12:21,0.97,1.94,3.88,1.94,2.91,1.94,13.59,,,,,,
Brady Martin,NSH,,,3,00:11:25,0.0,1.75,3.5,0.0,3.5,0.0,8.76,1.0,00:10:51,0.0,0.0,11.06,0.0,5.53,0.0,11.06,,,,,,
Ben Kindel,PIT,,,8,00:13:22,1.12,0.0,7.85,1.68,4.48,2.24,16.25,5.0,00:12:47,0.94,0.0,9.38,0.94,4.69,0.0,15.95,,,,,,
David Tomasek,EDM,,,9,00:12:34,0.53,1.06,9.01,3.18,0.53,3.18,3.18,6.0,00:12:17,0.81,0.81,6.51,3.25,0.0,1.63,4.88,9.0,00:03:21,3.97,6.0,00:02:58,3.35
Max Shabanov,NYI,,,6,00:11:43,0.85,1.71,6.83,4.27,0.0,0.0,0.0,5.0,00:12:06,0.0,1.98,6.94,4.95,0.0,0.0,0.0,,,,,,
