Player,Team,Position,szn_GP_all,szn_TOI/GP_all,szn_G,szn_A,szn_SOG,szn_HIT,szn_BLK,szn_PIM,szn_FOW,l7_GP_all,l7_TOI/GP_all,l7_G,l7_A,l7_SOG,l7_HIT,l7_BLK,l7_PIM,l7_FOW,szn_GP_pp,szn_TOI/GP_pp,szn_PPP,l7_GP_pp,l7_TOI/GP_pp,l7_PPP
Brent Burns,COL,D,11,00:20:10,0.0,1.35,7.57,0.81,3.78,2.16,0.0,7.0,00:20:12,0.0,1.27,7.64,0.85,3.39,1.7,0.0,11.0,00:01:08,4.76,,,
Corey Perry,L.A,R,5,00:13:41,2.63,1.75,7.01,0.0,1.75,1.75,1.75,5.0,00:13:41,2.63,1.75,7.01,0.0,1.75,1.75,1.75,,,,,,
Alex Ovechkin,WSH,L,10,00:17:56,0.67,1.67,7.36,6.69,0.0,0.67,0.0,7.0,00:18:25,0.93,1.4,6.51,5.58,0.0,0.93,0.0,10.0,00:05:04,2.37,7.0,00:05:35,3.07
Evgeni Malkin,PIT,C,11,00:17:18,0.95,4.1,7.56,1.89,0.63,3.15,11.97,7.0,00:17:18,1.49,3.47,7.43,1.98,0.5,4.95,13.37,11.0,00:03:04,8.88,7.0,00:03:08,8.2
Sidney Crosby,PIT,C,11,00:19:14,2.27,1.98,6.24,3.12,1.7,5.1,31.75,7.0,00:19:47,3.03,1.73,6.5,2.6,1.3,6.93,30.32,11.0,00:02:51,7.64,7.0,00:02:56,5.82
Anze Kopitar,L.A,C,7,00:18:50,0.0,1.82,5.01,4.1,3.64,0.91,30.94,3.0,00:18:57,0.0,0.0,5.28,1.06,2.11,2.11,20.05,7.0,00:03:14,7.94,,,
Kris Letang,PIT,D,11,00:21:13,0.26,0.77,3.6,3.08,4.37,1.03,0.0,7.0,00:21:02,0.41,1.22,3.67,2.04,5.3,0.0,0.0,11.0,00:01:13,13.27,,,
Ryan Reaves,S.J,R,9,00:06:44,1.98,0.0,3.95,34.58,0.99,9.88,0.0,6.0,00:06:12,1.61,0.0,3.22,38.64,1.61,8.05,0.0,,,,,,
Brad Marchand,FLA,L,10,00:18:22,1.63,1.96,11.1,3.26,0.33,3.92,0.0,6.0,00:18:11,1.65,2.2,12.09,3.3,0.55,5.5,0.0,10.0,00:03:55,6.13,6.0,00:03:37,5.51
Nick Foligno,CHI,L,7,00:14:41,0.0,2.33,4.08,10.5,4.08,5.25,24.49,4.0,00:14:54,0.0,3.02,4.03,11.07,4.03,2.01,23.15,7.0,00:01:57,4.38,,,
Jeff Petry,FLA,D,11,00:14:47,0.0,0.74,3.32,2.95,4.06,1.48,0.0,7.0,00:13:49,0.0,0.0,3.72,3.1,3.72,2.48,0.0,11.0,00:01:52,5.8,7.0,00:01:37,0.0
Claude Giroux,OTT,R,11,00:16:01,0.68,2.04,6.13,3.06,0.68,1.36,17.71,7.0,00:16:28,0.52,2.6,5.2,3.12,0.52,0.0,16.65,11.0,00:02:40,6.11,7.0,00:02:31,10.2
Jordan Staal,CAR,C,9,00:15:14,1.31,0.0,4.37,7.0,1.31,1.75,48.53,7.0,00:15:32,1.1,0.0,3.86,7.17,1.65,1.1,49.62,,,,,,
Jonathan Toews,WPG,C,10,00:15:54,0.75,1.13,3.02,0.38,3.02,3.02,34.33,7.0,00:15:07,1.13,1.13,2.83,0.0,2.83,3.4,32.88,10.0,00:01:57,9.22,,,
Alex Killorn,ANA,L,9,00:16:16,0.41,0.41,7.38,2.87,1.64,0.0,3.28,7.0,00:16:08,0.0,0.53,3.72,1.59,2.12,0.0,3.19,9.0,00:02:02,0.0,7.0,00:02:07,0.0
Ian Cole,UTA,D,11,00:18:35,0.29,0.88,2.05,4.4,8.22,2.35,0.0,7.0,00:19:22,0.44,1.33,2.65,3.98,8.4,1.77,0.0,,,,,,
James van Riemsdyk,DET,L,7,00:11:44,0.73,0.73,6.57,0.0,4.38,2.92,0.73,6.0,00:12:00,0.0,0.83,6.67,0.0,4.17,3.33,0.0,7.0,00:01:37,0.0,,,
David Perron,OTT,L,11,00:14:27,0.75,1.51,4.91,4.91,1.13,3.02,0.0,7.0,00:14:34,1.18,2.35,6.47,6.47,1.76,2.35,0.0,11.0,00:02:22,9.22,7.0,00:02:19,14.8
Patrick Kane,DET,R,5,00:17:14,1.39,2.09,6.27,1.39,0.7,0.0,0.0,2.0,00:16:48,1.79,0.0,7.14,1.79,0.0,0.0,0.0,5.0,00:04:09,8.67,,,
Mikael Backlund,CGY,C,11,00:16:53,0.65,1.29,6.13,2.58,0.65,1.29,29.38,7.0,00:17:05,0.5,2.01,7.02,2.01,0.5,1.0,24.08,,,,,,
Ryan McDonagh,T.B,D,10,00:21:19,0.84,0.56,2.25,1.13,4.5,0.0,0.0,7.0,00:21:36,0.79,0.79,2.38,1.59,4.76,0.0,0.0,,,,,,
Lars Eller,OTT,C,11,00:14:10,0.38,1.15,5.0,3.46,3.08,0.0,27.69,7.0,00:14:07,0.0,1.82,5.46,1.21,3.64,0.0,26.11,11.0,00:01:45,0.0,7.0,00:02:01,0.0
Drew Doughty,L.A,D,11,00:23:31,0.23,0.7,3.48,1.62,3.94,0.93,0.0,7.0,00:23:16,0.37,0.0,3.31,0.74,3.68,0.74,0.0,11.0,00:01:13,0.0,,,
Steven Stamkos,NSH,C,11,00:17:21,0.31,0.31,7.85,1.26,2.2,2.51,9.43,7.0,00:16:58,0.5,0.0,8.58,1.51,2.52,1.01,9.09,11.0,00:03:43,1.46,7.0,00:02:55,2.93
Zach Bogosian,MIN,D,5,00:13:52,0.0,0.0,4.32,5.19,7.78,0.0,0.0,1.0,00:12:07,0.0,0.0,0.0,9.89,9.89,0.0,0.0,,,,,,
Luke Schenn,WPG,D,9,00:13:29,0.0,0.0,2.96,11.86,4.94,5.93,0.0,6.0,00:12:55,0.0,0.0,3.09,13.15,4.64,5.42,0.0,,,,,,
Tyler Myers,VAN,D,11,00:21:06,0.26,0.52,3.1,3.62,6.72,2.07,0.0,7.0,00:21:31,0.4,0.4,2.39,1.99,5.18,1.59,0.0,,,,,,
Erik Karlsson,PIT,D,11,00:22:30,0.0,2.18,4.36,0.0,3.15,0.97,0.0,7.0,00:23:38,0.0,3.26,4.35,0.0,2.9,0.0,0.0,11.0,00:02:49,1.93,7.0,00:02:56,2.91
Jordan Eberle,SEA,R,10,00:19:33,1.23,1.23,7.36,3.68,1.53,1.23,1.84,7.0,00:19:59,1.71,0.86,6.43,3.0,0.86,0.86,2.14,10.0,00:02:54,4.14,7.0,00:02:55,2.92
John Carlson,WSH,D,10,00:23:26,0.51,1.28,6.14,1.54,3.58,0.51,0.0,7.0,00:23:16,0.74,1.47,7.0,2.21,1.47,0.0,0.0,10.0,00:03:49,4.7,7.0,00:04:12,6.11
Roman Josi,NSH,D,8,00:24:05,0.31,1.25,5.92,1.25,4.67,1.87,0.0,4.0,00:23:30,0.0,1.28,5.74,1.28,2.55,2.55,0.0,8.0,00:04:03,3.69,4.0,00:03:12,4.68
Travis Hamonic,DET,D,3,00:13:11,0.0,1.52,9.1,1.52,6.07,7.58,0.0,2.0,00:13:00,0.0,2.31,9.22,2.31,9.22,11.53,0.0,,,,,,
Adam Henrique,EDM,C,11,00:13:16,0.82,1.23,6.99,2.47,4.93,0.82,25.07,7.0,00:13:45,0.62,1.87,8.1,1.25,4.36,1.25,18.07,,,,,,
Gustav Nyquist,WPG,R,10,00:13:24,0.0,1.79,6.27,2.69,2.24,0.0,2.24,7.0,00:13:28,0.0,1.91,5.72,1.91,0.64,0.0,0.64,10.0,00:01:52,3.19,,,
Jared Spurgeon,MIN,D,11,00:21:31,0.25,0.25,3.55,5.32,5.07,0.0,0.0,7.0,00:22:38,0.0,0.38,3.41,6.06,4.16,0.0,0.0,11.0,00:02:34,2.12,7.0,00:02:58,0.0
Marcus Johansson,MIN,L,11,00:16:04,1.7,1.02,6.1,1.7,1.36,0.68,1.36,7.0,00:17:14,2.48,0.5,7.45,0.5,0.5,0.0,1.99,11.0,00:01:26,15.21,,,
Kyle Palmieri,NYI,C,9,00:19:54,1.34,1.0,10.05,3.01,2.01,2.01,0.33,7.0,00:19:40,1.31,0.44,8.71,3.05,1.74,0.87,0.0,9.0,00:04:10,3.19,7.0,00:04:09,0.0
Ryan O'Reilly,NSH,C,11,00:19:47,1.38,1.1,4.69,1.65,2.48,0.0,28.94,7.0,00:19:42,1.3,1.74,5.65,1.74,3.04,0.0,30.43,11.0,00:03:25,3.18,7.0,00:02:41,3.18
John Tavares,TOR,C,10,00:17:43,1.69,2.71,9.14,3.05,0.68,0.0,31.48,7.0,00:17:36,2.43,2.92,11.2,2.92,0.97,0.0,29.7,10.0,00:03:11,3.76,7.0,00:03:25,5.01
Victor Hedman,T.B,D,10,00:24:00,0.0,2.0,4.25,1.5,5.25,0.0,0.0,7.0,00:23:32,0.0,2.18,4.73,1.46,5.1,0.0,0.0,10.0,00:04:09,5.77,7.0,00:04:28,5.75
Matt Duchene,DAL,C,4,00:14:26,1.04,1.04,3.12,2.08,4.15,0.0,12.46,1.0,00:15:51,0.0,0.0,0.0,3.79,3.79,0.0,15.14,,,,,,
Evander Kane,VAN,L,11,00:17:10,0.0,1.27,8.26,7.94,2.54,4.45,0.95,7.0,00:17:21,0.0,0.99,8.39,4.94,2.96,4.94,0.49,11.0,00:01:56,0.0,7.0,00:01:33,0.0
Brayden Schenn,STL,C,10,00:16:54,0.71,1.06,4.61,9.94,1.06,3.9,27.69,7.0,00:16:54,0.51,1.01,5.07,9.64,1.01,4.56,26.37,10.0,00:02:03,2.93,7.0,00:01:52,0.0
Oliver Ekman-Larsson,TOR,D,10,00:19:58,0.3,1.8,4.21,4.21,3.0,3.61,0.0,7.0,00:20:55,0.41,2.46,4.1,2.87,3.69,3.28,0.0,10.0,00:01:39,7.22,7.0,00:02:10,7.89
Nazem Kadri,CGY,C,11,00:20:38,0.53,1.59,8.46,2.11,1.06,2.11,15.06,7.0,00:20:25,0.84,1.68,9.23,2.1,0.84,1.68,16.36,11.0,00:04:44,4.6,7.0,00:04:47,5.37
Dmitry Kulikov,FLA,D,2,00:10:46,0.0,0.0,2.78,2.78,0.0,0.0,0.0,,,,,,,,,,,,,,,
Nick Leddy,S.J,D,7,00:17:11,0.0,1.0,0.5,1.0,4.98,1.99,0.0,4.0,00:15:20,0.0,0.0,0.0,1.95,4.89,3.91,0.0,,,,,,
Chris Kreider,ANA,L,5,00:17:26,2.75,0.69,9.63,3.44,0.69,0.0,0.0,3.0,00:17:45,2.25,1.13,9.01,1.13,1.13,0.0,0.0,5.0,00:04:07,8.74,3.0,00:04:59,8.01
Brayden McNabb,VGK,D,10,00:21:47,0.0,0.0,1.1,3.86,9.64,1.1,0.0,7.0,00:22:31,0.0,0.0,1.52,3.8,8.75,0.76,0.0,,,,,,
Reilly Smith,VGK,R,10,00:13:20,0.45,0.45,4.95,4.05,0.45,0.0,0.0,7.0,00:13:14,0.0,0.65,4.53,4.53,0.0,0.0,0.0,,,,,,
Dmitry Orlov,S.J,D,10,00:23:05,0.0,2.08,3.64,4.94,3.12,3.12,0.0,7.0,00:23:25,0.0,1.83,3.29,4.39,4.03,3.66,0.0,10.0,00:03:00,7.97,7.0,00:02:58,8.65
Brian Dumoulin,L.A,D,11,00:20:16,0.0,0.27,3.5,2.96,4.3,0.54,0.0,7.0,00:20:59,0.0,0.41,4.08,2.04,4.49,0.0,0.0,,,,,,
Mattias Ekholm,EDM,D,11,00:20:11,0.27,1.35,5.4,2.43,7.02,1.08,0.0,7.0,00:19:51,0.43,2.16,5.18,2.59,7.34,0.86,0.0,,,,,,
Marcus Foligno,MIN,L,10,00:13:07,0.0,0.0,3.66,14.17,4.11,5.03,0.0,6.0,00:12:42,0.0,0.0,3.15,18.09,3.15,7.08,0.0,,,,,,
Casey Cizikas,NYI,C,9,00:10:14,0.65,0.65,3.91,14.98,4.56,2.61,15.63,7.0,00:09:48,0.87,0.87,4.37,12.24,4.37,3.5,12.24,,,,,,
Nicolas Deslauriers,PHI,L,3,00:07:15,0.0,0.0,5.51,24.79,0.0,13.77,0.0,2.0,00:07:07,0.0,0.0,4.21,29.44,0.0,21.03,0.0,,,,,,
Ben Chiarot,DET,D,10,00:21:10,0.28,0.57,2.83,5.67,4.82,0.57,0.0,7.0,00:21:15,0.4,0.4,3.63,4.84,4.84,0.81,0.0,,,,,,
Erik Haula,NSH,L,11,00:15:23,0.71,1.42,3.9,6.38,1.42,5.67,27.3,7.0,00:15:31,0.0,1.1,3.87,5.52,1.1,5.52,27.06,11.0,00:01:05,5.01,,,
Anders Lee,NYI,L,9,00:14:40,0.91,2.73,12.26,4.54,3.18,2.73,3.18,7.0,00:14:13,1.2,3.61,12.65,4.22,3.01,3.61,3.61,9.0,00:01:47,3.73,7.0,00:02:05,4.1
Nick Jensen,OTT,D,11,00:18:32,0.0,0.88,2.94,3.53,4.12,1.18,0.0,7.0,00:19:01,0.0,1.35,2.7,1.8,4.96,0.9,0.0,,,,,,
Nic Dowd,WSH,C,10,00:14:51,0.4,0.81,4.44,6.87,2.02,1.62,25.86,7.0,00:15:04,0.57,1.14,3.41,3.98,2.27,2.27,24.44,,,,,,
Brenden Dillon,N.J,D,10,00:18:31,0.65,0.97,3.24,7.78,5.83,1.3,0.0,7.0,00:18:31,0.93,0.93,4.16,6.94,5.09,1.85,0.0,,,,,,
Andrew Agozzino,UTA,L,2,00:06:07,0.0,0.0,0.0,19.57,4.89,0.0,14.67,,,,,,,,,,,,,,,
Radko Gudas,ANA,D,7,00:15:34,0.0,1.1,4.4,12.65,6.6,1.1,0.0,5.0,00:14:00,0.0,0.86,3.43,17.13,6.85,1.71,0.0,,,,,,
Chris Tanev,TOR,D,7,00:17:41,0.0,0.48,2.91,0.97,3.88,0.0,0.0,4.0,00:16:00,0.0,0.0,4.68,0.0,2.81,0.0,0.0,,,,,,
Calle Jarnkrok,TOR,C,8,00:11:15,2.0,0.0,6.66,2.0,1.33,1.33,2.67,5.0,00:11:41,0.0,0.0,5.13,2.05,2.05,2.05,4.1,,,,,,
Jason Zucker,BUF,L,10,00:14:37,1.64,0.82,8.21,5.34,0.41,1.64,3.28,7.0,00:13:03,1.97,1.31,7.22,4.59,0.0,1.31,5.25,10.0,00:03:11,7.51,7.0,00:02:45,12.44
Tyler Toffoli,S.J,C,10,00:17:12,1.05,0.7,8.02,3.49,1.74,0.0,0.35,7.0,00:17:43,0.97,0.48,8.22,2.9,1.93,0.0,0.48,10.0,00:03:29,3.44,7.0,00:03:26,4.99
Charlie Coyle,CBJ,C,9,00:16:47,0.4,1.19,5.56,5.56,1.59,0.0,26.99,7.0,00:16:48,0.51,1.02,6.12,4.08,2.04,0.0,22.95,9.0,00:01:19,5.01,,,
Tyler Pitlick,MIN,C,5,00:08:04,0.0,0.0,5.95,22.3,4.46,0.0,0.0,5.0,00:08:04,0.0,0.0,5.95,22.3,4.46,0.0,0.0,,,,,,
Justin Faulk,STL,D,10,00:23:07,0.26,0.78,4.67,2.85,4.93,1.04,0.0,7.0,00:22:41,0.38,0.76,4.91,1.51,3.78,0.76,0.0,10.0,00:02:15,7.95,7.0,00:02:12,7.75
Brock Nelson,COL,C,11,00:19:10,0.57,0.28,4.83,2.56,2.56,2.28,26.73,7.0,00:18:21,0.93,0.0,4.67,2.8,1.4,3.74,29.42,11.0,00:04:07,1.32,7.0,00:02:59,0.0
Alex Petrovic,DAL,D,8,00:13:38,0.0,0.0,4.4,6.6,7.15,9.34,0.0,7.0,00:13:55,0.0,0.0,4.92,6.15,8.0,0.0,0.0,,,,,,
Nick Bjugstad,STL,C,10,00:10:30,1.14,0.57,6.28,13.7,5.71,3.43,19.41,7.0,00:11:20,0.76,0.76,5.29,14.37,6.05,3.02,18.9,,,,,,
Derek Forbort,VAN,D,2,00:13:55,0.0,0.0,2.15,4.31,8.61,4.31,0.0,,,,,,,,,,,,,,,
Cam Fowler,STL,D,10,00:22:57,0.0,0.52,4.97,0.26,1.57,0.52,0.0,7.0,00:23:10,0.0,0.37,4.81,0.0,1.48,0.74,0.0,10.0,00:02:51,2.1,7.0,00:02:55,2.93
Vladimir Tarasenko,MIN,R,11,00:16:08,0.34,1.35,6.42,2.36,1.35,0.0,0.0,7.0,00:16:01,0.53,0.0,5.88,2.67,1.6,0.0,0.0,11.0,00:04:50,4.5,7.0,00:04:30,0.0
Jaden Schwartz,SEA,L,10,00:17:00,1.41,1.76,6.7,6.35,3.18,2.12,1.76,7.0,00:16:40,1.54,2.06,8.74,5.65,3.6,3.08,1.54,10.0,00:01:41,7.11,7.0,00:01:38,5.23
Jeff Skinner,S.J,L,9,00:13:37,1.47,0.98,10.76,1.96,0.49,0.98,0.49,6.0,00:14:42,0.68,1.36,9.52,0.68,0.0,1.36,0.68,9.0,00:02:18,2.89,6.0,00:01:55,5.19
Erik Gudbranson,CBJ,D,4,00:14:50,0.0,0.0,3.03,5.05,1.01,6.06,0.0,2.0,00:15:51,0.0,0.0,1.89,1.89,0.0,3.79,0.0,,,,,,
Taylor Hall,CAR,L,9,00:13:59,0.95,1.43,5.72,3.33,1.91,3.81,0.48,7.0,00:14:19,0.0,1.2,4.79,3.59,1.8,4.79,0.6,9.0,00:01:51,0.0,7.0,00:01:39,0.0
Tyler Seguin,DAL,C,10,00:16:56,1.06,0.71,5.31,2.13,1.77,0.71,18.77,7.0,00:17:13,1.0,0.5,4.48,1.99,1.99,1.0,20.9,10.0,00:02:19,5.15,7.0,00:02:43,6.29
Dylan McIlrath,WSH,D,1,00:14:04,0.0,0.0,0.0,12.78,0.0,0.0,0.0,1.0,00:14:04,0.0,0.0,0.0,12.78,0.0,0.0,0.0,,,,,,
Mikael Granlund,ANA,C,8,00:17:17,0.87,2.6,8.24,1.3,1.3,1.73,29.06,6.0,00:16:39,1.2,2.4,11.4,1.8,1.2,2.4,33.01,8.0,00:03:53,3.86,6.0,00:04:12,4.76
Nino Niederreiter,WPG,R,10,00:14:21,1.25,1.67,7.94,7.94,1.25,2.51,0.42,7.0,00:14:22,1.19,1.79,6.56,6.56,0.6,3.58,0.0,10.0,00:01:49,9.85,,,
Bryan Rust,PIT,R,9,00:20:40,0.97,1.61,7.09,0.32,4.51,1.29,0.0,7.0,00:20:58,1.23,1.63,7.35,0.41,2.86,1.63,0.0,9.0,00:02:47,4.77,7.0,00:02:49,6.09
Sam Carrick,NYR,C,11,00:12:39,0.43,1.72,8.62,6.46,3.45,4.31,18.96,7.0,00:12:23,0.69,0.69,8.99,6.22,2.77,6.92,20.75,,,,,,
Brendan Gallagher,MTL,R,11,00:13:35,0.0,2.41,6.42,3.61,0.4,2.41,0.8,7.0,00:13:28,0.0,1.27,7.63,3.82,0.0,1.27,0.0,11.0,00:01:45,3.1,,,
John Klingberg,S.J,D,4,00:21:03,0.71,0.71,4.99,4.27,4.27,1.42,0.0,1.0,00:25:33,0.0,0.0,7.05,7.05,4.7,0.0,0.0,4.0,00:04:43,6.35,,,
Mark Stone,VGK,R,6,00:18:24,1.09,5.98,10.32,1.63,2.72,0.0,0.0,3.0,00:17:44,2.25,6.76,15.78,1.13,1.13,0.0,0.0,6.0,00:04:07,19.43,,,
Colin Blackwell,DAL,C,10,00:11:57,0.0,0.5,3.51,9.53,2.51,3.01,7.02,7.0,00:11:54,0.0,0.72,5.04,10.08,2.88,1.44,6.48,,,,,,
Ondrej Palat,N.J,L,10,00:12:40,0.0,0.47,4.26,8.05,4.74,0.0,0.0,7.0,00:12:24,0.0,0.0,4.15,8.29,3.46,0.0,0.0,,,,,,
Josh Manson,COL,D,11,00:17:55,0.3,0.3,4.56,6.39,5.48,4.56,0.0,7.0,00:18:43,0.46,0.46,5.5,4.58,5.5,1.83,0.0,,,,,,
Dylan DeMelo,WPG,D,10,00:21:58,0.27,1.09,1.91,2.46,6.28,2.18,0.0,7.0,00:21:52,0.39,0.78,1.57,1.57,6.27,1.57,0.0,,,,,,
Nick Seeler,PHI,D,9,00:20:15,0.0,0.66,3.95,6.25,5.27,1.32,0.0,7.0,00:19:43,0.0,0.87,3.48,5.22,5.65,1.74,0.0,,,,,,
Sean Kuraly,BOS,C,12,00:14:01,0.36,0.71,6.77,4.28,3.21,2.14,19.6,7.0,00:14:30,0.0,0.0,6.5,2.36,3.55,1.18,14.18,,,,,,
Vincent Trocheck,NYR,C,2,00:14:10,0.0,2.12,2.12,2.12,6.35,0.0,27.53,,,,,,,,,,,,,,,
Nick Cousins,OTT,C,11,00:11:34,0.94,0.47,4.71,9.89,3.77,8.48,0.94,7.0,00:12:18,1.39,0.0,6.27,10.45,4.88,12.54,0.7,,,,,,
Blake Coleman,CGY,L,11,00:17:31,1.56,0.31,9.65,7.47,2.18,1.25,1.56,7.0,00:17:57,1.43,0.48,9.55,5.25,0.96,0.96,1.91,11.0,00:01:03,0.0,7.0,00:01:33,0.0
Jean-Gabriel Pageau,NYI,C,9,00:14:39,0.91,1.36,3.64,7.73,2.73,0.0,35.02,7.0,00:14:42,1.17,1.75,4.08,6.99,2.33,0.0,34.37,,,,,,
Mike Reilly,CAR,D,6,00:18:07,0.0,1.66,7.18,1.1,4.97,0.0,0.0,6.0,00:18:07,0.0,1.66,7.18,1.1,4.97,0.0,0.0,,,,,,
Scott Mayfield,NYI,D,9,00:18:22,0.0,1.09,3.63,1.09,5.44,10.53,0.0,7.0,00:18:42,0.0,0.92,3.21,0.92,5.95,13.28,0.0,,,,,,
Boone Jenner,CBJ,C,9,00:16:50,0.79,1.58,7.13,8.32,3.96,5.15,13.46,7.0,00:17:02,0.5,1.01,7.55,9.05,4.02,5.53,16.6,9.0,00:01:44,7.68,7.0,00:01:40,5.14
Brandon Saad,VGK,L,10,00:13:23,0.0,0.45,4.48,0.9,3.13,0.9,0.45,7.0,00:13:35,0.0,0.63,5.67,1.26,3.15,1.26,0.63,,,,,,
Joel Edmundson,L.A,D,11,00:17:21,0.0,1.57,3.14,4.4,2.83,2.51,0.0,7.0,00:17:19,0.0,2.47,3.46,2.47,3.96,0.99,0.0,,,,,,
William Karlsson,VGK,C,10,00:15:49,1.52,0.76,7.96,0.38,4.17,1.52,23.13,7.0,00:15:41,2.19,1.09,6.56,0.0,3.82,0.0,22.95,,,,,,
Nikita Kucherov,T.B,R,8,00:20:57,1.43,2.15,8.23,0.72,0.72,0.72,0.0,5.0,00:21:21,1.12,3.37,9.55,0.56,0.56,1.12,0.0,8.0,00:04:54,4.58,5.0,00:05:37,4.26
Ryan Nugent-Hopkins,EDM,C,11,00:18:44,1.46,2.04,5.82,1.75,0.58,1.16,8.73,7.0,00:18:32,1.39,2.31,4.16,2.31,0.92,0.92,7.86,11.0,00:03:16,11.63,7.0,00:02:57,14.5
Gabriel Landeskog,COL,L,11,00:14:18,0.0,1.14,5.34,6.86,1.14,1.53,4.96,7.0,00:14:33,0.0,1.77,4.12,5.3,1.18,1.18,2.94,11.0,00:01:51,0.0,7.0,00:01:37,0.0
Jonathan Huberdeau,CGY,L,6,00:19:57,0.5,1.0,5.01,1.5,1.0,2.0,0.5,6.0,00:19:57,0.5,1.0,5.01,1.5,1.0,2.0,0.5,6.0,00:04:17,2.33,6.0,00:04:17,2.33
Adam Larsson,SEA,D,10,00:22:11,0.0,0.54,2.7,4.33,5.95,1.62,0.0,7.0,00:22:10,0.0,0.39,3.09,3.86,5.02,2.32,0.0,,,,,,
Mika Zibanejad,NYR,C,11,00:21:03,1.04,0.52,10.1,3.89,1.81,0.52,19.94,7.0,00:21:38,1.19,0.79,7.92,3.96,1.98,0.79,19.01,11.0,00:03:38,3.0,7.0,00:03:35,4.77
Mark Scheifele,WPG,C,10,00:20:10,2.38,2.08,8.03,0.89,0.59,1.19,23.79,7.0,00:20:28,2.09,1.68,7.96,0.42,0.84,0.0,22.61,10.0,00:03:38,8.24,7.0,00:03:37,11.83
Sean Couturier,PHI,C,9,00:19:35,0.68,2.38,5.45,3.06,2.04,2.04,32.67,7.0,00:19:22,0.88,3.1,6.19,2.65,1.33,2.65,29.2,9.0,00:02:05,0.0,7.0,00:02:16,0.0
Dougie Hamilton,N.J,D,10,00:21:58,1.09,0.27,7.1,3.28,4.37,1.64,0.0,7.0,00:22:44,1.13,0.38,7.92,3.02,5.28,0.75,0.0,10.0,00:02:24,4.97,7.0,00:02:26,7.03
Jonas Brodin,MIN,D,10,00:20:58,0.29,0.29,2.0,0.29,5.15,0.57,0.0,7.0,00:21:19,0.4,0.4,1.61,0.0,5.63,0.8,0.0,,,,,,
Jamie Oleksiak,SEA,D,10,00:17:21,0.35,0.0,4.15,5.53,6.22,1.38,0.0,7.0,00:17:55,0.0,0.0,3.35,5.74,5.26,0.0,0.0,,,,,,
J.T. Miller,NYR,C,11,00:20:51,0.52,1.05,6.28,7.06,1.05,1.05,30.86,7.0,00:21:40,0.4,0.79,7.12,5.93,0.79,0.79,32.03,11.0,00:03:28,3.13,7.0,00:03:27,2.48
Joel Armia,L.A,R,11,00:14:13,0.77,1.53,6.13,4.6,2.3,3.07,1.15,7.0,00:15:00,1.14,1.14,4.57,4.0,2.86,3.43,1.14,11.0,00:01:00,0.0,,,
Connor Murphy,CHI,D,10,00:16:02,0.0,0.0,4.11,2.62,4.86,2.24,0.0,7.0,00:14:52,0.0,0.0,3.46,3.46,4.61,1.15,0.0,,,,,,
Stefan Noesen,N.J,R,4,00:08:49,1.7,0.0,10.21,10.21,3.4,3.4,3.4,4.0,00:08:49,1.7,0.0,10.21,10.21,3.4,3.4,3.4,,,,,,
Phillip Danault,L.A,C,11,00:16:58,0.0,0.96,4.18,3.21,0.64,0.64,30.21,7.0,00:16:07,0.0,1.06,4.25,1.06,1.06,1.06,35.62,11.0,00:01:13,0.0,,,
Vladislav Namestnikov,WPG,C,10,00:14:56,1.61,0.4,4.42,4.01,2.01,0.0,12.04,7.0,00:14:28,2.37,0.59,6.52,2.96,1.78,0.0,13.63,10.0,00:01:46,3.38,,,
Rickard Rakell,PIT,R,9,00:17:44,1.13,1.88,6.39,3.38,3.76,0.75,0.38,5.0,00:17:33,0.68,2.73,4.78,2.05,2.73,0.0,0.68,9.0,00:02:15,8.87,5.0,00:02:06,5.69
Colin Miller,WPG,D,2,00:09:36,0.0,0.0,3.12,3.12,3.12,6.24,0.0,,,,,,,,,,,,,,,
Jonathan Marchessault,NSH,R,8,00:17:49,1.26,0.84,9.67,7.57,0.42,1.68,1.26,4.0,00:17:40,0.85,0.0,8.49,6.79,0.0,1.7,0.85,8.0,00:03:32,2.12,4.0,00:02:33,5.88
Barclay Goodrow,S.J,C,10,00:11:24,0.0,0.53,5.26,7.36,4.73,0.0,1.58,7.0,00:10:54,0.0,0.79,7.07,3.93,3.93,0.0,2.36,,,,,,
Luke Glendening,N.J,C,10,00:10:43,0.0,1.12,2.8,8.95,5.04,1.12,36.93,7.0,00:10:30,0.0,1.63,4.08,8.97,4.89,1.63,33.43,,,,,,
Yanni Gourde,T.B,C,10,00:15:49,0.76,0.38,5.69,6.06,1.52,2.27,13.64,7.0,00:15:43,0.0,0.55,3.27,5.45,2.18,3.27,11.99,,,,,,
Morgan Rielly,TOR,D,9,00:21:35,0.62,1.23,6.79,1.85,2.16,0.62,0.0,6.0,00:21:29,0.47,0.47,5.12,1.4,1.86,0.0,0.0,9.0,00:03:10,0.0,6.0,00:03:19,0.0
Hampus Lindholm,BOS,D,4,00:16:03,0.0,0.93,2.8,0.0,7.47,7.47,0.0,2.0,00:19:53,0.0,1.51,1.51,0.0,7.54,12.07,0.0,,,,,,
Mathew Dumba,PIT,D,4,00:14:50,0.0,1.01,1.01,7.07,3.03,11.11,0.0,3.0,00:14:44,0.0,1.36,1.36,8.14,4.07,12.21,0.0,,,,,,
Brady Skjei,NSH,D,11,00:23:22,0.0,0.7,3.73,2.1,2.1,0.93,0.0,7.0,00:23:37,0.0,0.73,2.9,2.18,1.09,1.45,0.0,11.0,00:02:11,2.48,7.0,00:01:48,4.74
Tanner Pearson,WPG,L,10,00:10:49,1.11,0.55,4.44,6.1,3.88,5.55,0.55,7.0,00:10:53,0.79,0.0,2.36,7.08,3.93,6.3,0.0,,,,,,
Mark Jankowski,CAR,L,4,00:10:13,0.0,0.0,4.4,1.47,4.4,2.94,22.01,4.0,00:10:13,0.0,0.0,4.4,1.47,4.4,2.94,22.01,,,,,,
Olli Määttä,UTA,D,11,00:11:22,0.0,0.48,0.96,0.0,4.79,0.0,0.0,7.0,00:12:13,0.0,0.7,0.7,0.0,5.61,0.0,0.0,,,,,,
Mike Matheson,MTL,D,11,00:24:52,0.66,0.66,3.29,2.63,5.26,1.75,0.0,7.0,00:26:02,0.66,0.33,3.29,2.3,5.92,1.97,0.0,,,,,,
Zemgus Girgensons,T.B,C,3,00:13:47,2.9,0.0,5.8,11.6,1.45,2.9,10.15,3.0,00:13:47,2.9,0.0,5.8,11.6,1.45,2.9,10.15,,,,,,
Cody Ceci,L.A,D,11,00:18:06,0.3,0.3,4.22,1.81,4.52,0.0,0.0,7.0,00:18:50,0.45,0.45,4.09,0.45,3.18,0.0,0.0,,,,,,
Tom Wilson,WSH,R,10,00:19:57,1.5,1.8,6.61,8.72,0.9,2.4,0.3,7.0,00:19:49,1.73,2.16,7.35,8.22,0.43,2.59,0.43,10.0,00:03:38,6.58,7.0,00:04:03,8.47
Tomas Hertl,VGK,C,10,00:17:36,1.36,1.7,7.84,4.43,1.02,2.73,34.07,7.0,00:17:13,1.99,1.99,9.45,3.48,1.49,1.99,33.32,10.0,00:04:10,4.32,7.0,00:03:48,6.75
Teuvo Teravainen,CHI,C,10,00:18:38,0.32,2.25,3.54,2.25,1.61,0.0,0.64,7.0,00:18:28,0.0,1.86,4.18,3.25,0.93,0.0,0.93,10.0,00:02:50,6.35,7.0,00:02:28,6.94
Jacob Trouba,ANA,D,9,00:21:02,0.63,0.95,3.48,7.92,6.33,0.0,0.0,7.0,00:21:49,0.79,1.18,3.53,7.46,6.68,0.0,0.0,,,,,,
Filip Forsberg,NSH,L,11,00:18:59,1.15,1.15,9.48,7.75,1.15,1.15,0.0,7.0,00:18:46,1.37,0.91,8.67,7.3,0.46,1.83,0.0,11.0,00:03:39,2.99,7.0,00:02:56,2.91
Radek Faksa,DAL,C,10,00:12:23,0.48,0.97,2.42,7.75,3.87,0.97,23.72,7.0,00:11:38,0.0,1.47,2.95,8.84,4.42,1.47,22.09,,,,,,
Matt Grzelcyk,CHI,D,10,00:15:00,0.0,0.8,5.6,1.2,3.6,0.8,0.0,7.0,00:14:43,0.0,1.16,5.82,1.75,3.49,0.0,0.0,,,,,,
Colton Parayko,STL,D,10,00:23:02,0.0,1.3,4.17,2.86,4.69,0.52,0.0,7.0,00:23:26,0.0,1.46,3.66,2.56,3.29,0.0,0.0,,,,,,
Oskar Sundqvist,STL,C,4,00:13:58,0.0,2.15,0.0,6.44,1.07,4.29,20.4,4.0,00:13:58,0.0,2.15,0.0,6.44,1.07,4.29,20.4,,,,,,
Esa Lindell,DAL,D,10,00:22:37,0.27,0.8,2.39,2.12,5.3,0.53,0.0,7.0,00:22:07,0.0,0.39,2.32,1.55,5.03,0.77,0.0,,,,,,
Chandler Stephenson,SEA,C,10,00:20:30,0.58,0.88,4.97,0.29,2.92,0.0,30.13,7.0,00:20:26,0.84,1.26,5.45,0.42,1.68,0.0,31.46,10.0,00:02:53,4.15,7.0,00:02:53,5.93
Shayne Gostisbehere,CAR,D,6,00:14:34,0.69,4.12,4.12,1.37,5.49,1.37,0.0,4.0,00:11:43,1.28,3.84,5.12,0.0,6.4,2.56,0.0,6.0,00:02:50,3.51,,,
Adam Pelech,NYI,D,9,00:19:18,0.0,0.35,3.8,1.38,5.18,1.38,0.0,7.0,00:19:49,0.0,0.43,3.46,1.3,5.62,1.73,0.0,,,,,,
Jordan Martinook,CAR,L,9,00:14:31,0.46,1.84,5.97,8.26,3.21,0.0,0.92,7.0,00:14:49,0.58,1.16,4.62,6.36,4.04,0.0,1.16,,,,,,
Damon Severson,CBJ,D,9,00:19:53,0.34,0.67,3.69,3.35,3.69,0.67,0.0,7.0,00:20:10,0.42,0.42,3.4,4.25,3.4,0.85,0.0,9.0,00:01:12,5.5,,,
Colton Sissons,VGK,C,9,00:11:05,0.0,0.6,2.4,6.61,3.0,7.81,34.85,6.0,00:10:49,0.0,0.92,0.92,7.39,2.77,8.32,34.19,,,,,,
Teddy Blueger,VAN,C,2,00:15:49,1.9,0.0,3.79,5.69,5.69,0.0,17.06,2.0,00:15:49,1.9,0.0,3.79,5.69,5.69,0.0,17.06,,,,,,
Jake McCabe,TOR,D,10,00:21:05,0.28,0.57,1.99,4.27,7.68,1.99,0.0,7.0,00:20:46,0.41,0.83,2.48,4.95,9.08,2.89,0.0,,,,,,
Jaccob Slavin,CAR,D,2,00:18:31,0.0,0.0,3.24,0.0,4.86,0.0,0.0,,,,,,,,,,,,,,,
Brett Kulak,EDM,D,11,00:18:47,0.0,0.58,2.9,0.58,2.9,0.58,0.0,7.0,00:18:27,0.0,0.93,3.72,0.93,2.32,0.0,0.0,,,,,,
Josh Anderson,MTL,R,11,00:15:07,0.36,0.36,5.05,4.33,2.16,1.44,1.8,7.0,00:15:29,0.55,0.55,5.53,2.77,1.11,2.21,2.77,,,,,,
Vinnie Hinostroza,MIN,C,11,00:11:03,0.0,0.99,3.95,6.42,1.48,1.97,0.99,7.0,00:11:42,0.0,1.46,1.46,5.13,1.46,1.46,0.73,11.0,00:01:05,4.97,,,
Connor Brown,N.J,R,10,00:15:47,1.9,0.38,6.08,2.28,3.8,0.76,1.14,7.0,00:16:00,1.61,0.54,4.82,1.61,3.75,1.07,1.07,,,,,,
Ben Hutton,VGK,D,9,00:15:14,0.0,0.87,6.56,2.19,4.81,2.19,0.0,7.0,00:14:55,0.0,0.57,6.89,1.72,6.32,0.0,0.0,,,,,,
Liam O'Brien,UTA,C,6,00:09:26,1.06,0.0,10.59,10.59,4.24,7.41,0.0,6.0,00:09:26,1.06,0.0,10.59,10.59,4.24,7.41,0.0,,,,,,
Kurtis MacDermid,OTT,L,4,00:05:28,0.0,0.0,5.49,8.23,10.98,19.21,0.0,2.0,00:06:25,0.0,0.0,4.66,4.66,9.33,9.33,0.0,,,,,,
Nate Schmidt,UTA,D,11,00:20:46,0.0,0.52,3.94,3.67,2.89,0.52,0.0,7.0,00:21:12,0.0,0.81,3.64,4.85,2.42,0.0,0.0,11.0,00:02:00,0.0,7.0,00:01:36,0.0
MacKenzie Weegar,CGY,D,11,00:24:21,0.0,0.45,3.58,6.05,4.03,4.48,0.0,7.0,00:24:18,0.0,0.35,4.23,4.59,4.23,0.71,0.0,11.0,00:03:51,1.41,7.0,00:03:35,2.38
Connor Clifton,PIT,D,3,00:17:33,0.0,0.0,2.28,18.22,10.25,2.28,0.0,2.0,00:17:10,0.0,0.0,0.0,13.98,8.74,3.5,0.0,,,,,,
Carson Soucy,NYR,D,7,00:14:34,0.59,0.59,2.94,4.71,3.53,1.18,0.0,4.0,00:14:11,0.0,1.06,2.11,5.29,3.17,2.11,0.0,,,,,,
Jonny Brodzinski,NYR,C,3,00:08:51,0.0,0.0,0.0,0.0,2.26,0.0,6.77,2.0,00:08:45,0.0,0.0,0.0,0.0,3.43,0.0,6.85,,,,,,
John Hayden,SEA,C,3,00:10:04,0.0,0.0,3.97,13.89,3.97,3.97,11.91,3.0,00:10:04,0.0,0.0,3.97,13.89,3.97,3.97,11.91,,,,,,
Pavel Buchnevich,STL,L,10,00:18:07,0.66,1.32,5.96,2.98,0.66,1.32,0.66,7.0,00:18:19,0.94,0.94,5.14,2.34,0.94,0.94,0.47,10.0,00:03:07,5.76,7.0,00:03:23,5.05
Jake Guentzel,T.B,C,10,00:21:29,1.12,1.67,9.49,0.28,1.67,1.12,3.91,7.0,00:21:16,1.61,0.81,10.88,0.0,1.21,1.61,4.84,10.0,00:04:25,2.71,7.0,00:04:46,1.8
Anthony Duclair,NYI,L,9,00:15:36,0.85,0.43,6.83,0.0,2.56,0.0,0.0,7.0,00:15:40,0.55,0.55,7.1,0.0,2.19,0.0,0.0,9.0,00:01:48,3.7,7.0,00:01:46,0.0
Carter Verhaeghe,FLA,C,11,00:17:53,0.61,0.91,8.84,2.13,0.91,0.61,1.52,7.0,00:18:31,0.46,0.92,7.86,3.24,0.92,0.92,1.85,11.0,00:02:23,4.56,7.0,00:02:22,0.0
Oliver Bjorkstrand,T.B,R,10,00:14:05,0.43,0.85,5.11,2.98,1.28,0.85,1.7,7.0,00:14:32,0.0,0.0,4.71,2.36,1.18,1.18,2.36,10.0,00:03:14,1.85,7.0,00:03:25,0.0
Mason Geertsen,BUF,L,4,00:04:11,0.0,0.0,0.0,21.45,0.0,42.9,0.0,,,,,,,,,,,,,,,
Miles Wood,CBJ,L,4,00:09:19,4.83,0.0,11.27,9.66,0.0,3.22,1.61,2.0,00:07:20,8.17,0.0,16.35,16.35,0.0,0.0,4.09,,,,,,
Andrew Copp,DET,C,10,00:14:56,0.4,1.21,4.82,3.62,3.62,1.61,13.26,7.0,00:14:47,0.0,1.16,4.64,4.06,3.48,2.32,12.75,,,,,,
Andre Burakovsky,CHI,L,9,00:16:43,0.8,1.6,3.59,1.99,0.8,2.39,0.0,6.0,00:17:04,0.59,1.76,2.93,1.17,1.17,3.52,0.0,9.0,00:01:42,11.74,,,
Michael McCarron,NSH,C,11,00:14:55,0.37,0.73,4.38,10.6,3.65,5.85,29.96,7.0,00:15:21,0.0,1.12,3.35,10.6,4.46,6.7,33.48,,,,,,
Shea Theodore,VGK,D,10,00:24:14,0.0,0.99,4.95,0.0,5.69,0.49,0.0,7.0,00:24:22,0.0,1.05,3.52,0.0,5.98,0.7,0.0,10.0,00:02:24,2.49,7.0,00:03:03,2.81
Jason Dickinson,CHI,C,7,00:15:09,0.57,1.13,5.09,3.39,3.39,1.13,37.91,5.0,00:16:40,0.72,1.44,5.76,3.6,4.32,0.0,37.41,,,,,,
Ryan Hartman,MIN,R,11,00:16:12,1.01,0.67,11.44,3.03,3.7,1.35,23.89,7.0,00:16:09,0.53,1.06,8.48,3.18,4.24,1.06,21.21,11.0,00:02:01,2.7,7.0,00:01:56,4.42
Adam Erne,DAL,L,7,00:10:17,0.0,0.83,4.16,25.81,5.0,0.0,1.67,7.0,00:10:17,0.0,0.83,4.16,25.81,5.0,0.0,1.67,,,,,,
J.T. Compher,DET,L,10,00:16:34,0.72,1.09,2.9,1.09,2.53,0.72,19.19,7.0,00:16:14,1.06,1.58,3.17,0.53,1.58,1.06,24.81,10.0,00:01:20,0.0,,,
Artturi Lehkonen,COL,L,11,00:19:32,1.12,1.95,7.54,1.67,2.79,0.0,0.0,7.0,00:18:39,0.92,2.76,8.27,1.84,3.22,0.0,0.0,11.0,00:03:11,0.0,7.0,00:01:42,0.0
William Carrier,CAR,L,7,00:10:19,0.83,1.66,4.98,11.62,0.83,1.66,0.0,5.0,00:09:57,1.21,1.21,6.03,9.64,1.21,2.41,0.0,,,,,,
Tyler Bertuzzi,CHI,L,9,00:16:38,0.8,1.6,8.02,4.81,0.0,6.41,6.01,6.0,00:16:38,1.2,1.2,9.01,4.81,0.0,9.61,7.21,9.0,00:02:40,4.99,6.0,00:02:03,9.7
Brett Pesce,N.J,D,9,00:19:39,0.0,1.02,2.71,1.36,8.14,0.68,0.0,6.0,00:18:53,0.0,1.06,2.65,0.0,8.47,0.0,0.0,,,,,,
Nathan MacKinnon,COL,C,11,00:21:49,2.25,2.0,12.25,2.75,1.25,2.0,30.25,7.0,00:21:35,1.98,1.59,13.5,2.78,1.19,2.38,29.37,11.0,00:05:26,5.01,7.0,00:04:48,5.35
Jonathan Drouin,NYI,L,8,00:17:50,0.42,2.1,4.2,1.26,1.68,7.15,1.26,7.0,00:17:33,0.0,2.44,4.39,1.46,1.95,0.98,1.46,8.0,00:04:30,0.0,7.0,00:04:23,0.0
Seth Jones,FLA,D,11,00:23:37,0.0,1.39,3.69,3.46,2.31,0.92,0.0,7.0,00:24:21,0.0,1.41,3.17,4.57,2.82,0.0,0.0,11.0,00:04:23,3.73,7.0,00:04:22,3.91
Elias Lindholm,BOS,C,12,00:18:21,1.09,1.36,5.99,5.17,3.81,2.18,34.03,7.0,00:17:57,0.95,0.95,3.34,3.34,4.29,2.86,29.11,12.0,00:03:31,9.93,7.0,00:03:12,10.67
Sean Monahan,CBJ,C,9,00:18:57,0.0,1.41,8.44,2.46,0.35,0.7,34.81,7.0,00:19:12,0.0,1.78,7.14,2.23,0.45,0.0,33.46,9.0,00:02:40,5.0,7.0,00:02:49,6.07
Darnell Nurse,EDM,D,11,00:20:41,0.26,1.05,6.59,4.74,8.96,1.58,0.0,7.0,00:20:30,0.42,1.25,6.69,4.18,8.78,1.67,0.0,,,,,,
Bo Horvat,NYI,C,9,00:21:16,1.88,1.57,10.65,1.88,0.94,0.63,30.39,7.0,00:21:22,2.41,1.2,8.82,1.6,1.2,0.0,27.26,9.0,00:04:30,5.92,7.0,00:04:34,3.74
Valeri Nichushkin,COL,R,11,00:18:00,1.51,0.91,9.39,3.63,0.91,0.61,0.3,7.0,00:19:14,2.23,0.89,10.24,4.45,0.89,0.89,0.45,11.0,00:02:42,4.03,7.0,00:03:00,5.7
Max Domi,TOR,C,10,00:13:06,1.37,0.0,10.07,0.92,2.75,2.75,17.86,7.0,00:12:55,1.33,0.0,9.95,1.33,3.32,2.65,13.26,10.0,00:01:06,0.0,,,
Josh Morrissey,WPG,D,10,00:25:00,0.0,1.92,4.08,1.68,5.28,1.44,0.0,7.0,00:25:01,0.0,2.4,4.79,2.05,5.48,0.68,0.0,10.0,00:03:31,3.41,7.0,00:03:24,5.04
Alexander Wennberg,S.J,C,10,00:20:15,0.59,0.89,3.26,0.89,2.67,0.0,21.03,7.0,00:21:13,0.4,0.81,2.42,0.81,2.42,0.0,21.41,10.0,00:02:48,6.42,7.0,00:02:30,3.42
Ryan Pulock,NYI,D,9,00:19:34,0.0,1.36,3.07,3.07,5.79,0.0,0.0,7.0,00:20:06,0.0,1.71,3.41,2.56,5.97,0.0,0.0,,,,,,
Nikita Zadorov,BOS,D,12,00:21:28,0.23,0.7,2.1,10.95,4.66,3.26,0.0,7.0,00:21:31,0.0,0.8,1.59,8.76,3.98,4.78,0.0,,,,,,
Curtis Lazar,EDM,C,2,00:11:43,2.56,0.0,2.56,10.23,5.11,0.0,12.78,2.0,00:11:43,2.56,0.0,2.56,10.23,5.11,0.0,12.78,,,,,,
Anthony Mantha,PIT,R,11,00:15:03,1.81,1.81,7.61,2.17,2.17,0.0,0.36,7.0,00:15:10,2.26,1.69,9.03,0.56,2.82,0.0,0.0,11.0,00:01:26,3.8,7.0,00:01:26,5.92
Ross Johnston,ANA,L,8,00:08:39,0.87,2.6,1.73,15.59,1.73,25.11,0.87,6.0,00:09:12,1.09,3.26,1.09,17.39,2.17,26.08,1.09,,,,,,
Dakota Mermis,TOR,D,1,00:13:12,0.0,0.0,4.55,0.0,0.0,0.0,0.0,1.0,00:13:12,0.0,0.0,4.55,0.0,0.0,0.0,0.0,,,,,,
Nathan Walker,STL,L,10,00:13:00,0.46,1.38,6.46,16.14,2.77,1.84,5.53,7.0,00:13:18,0.64,0.64,5.8,15.46,2.58,2.58,6.44,,,,,,
Joel Hanley,CGY,D,11,00:15:17,0.0,0.36,2.5,2.85,6.07,1.43,0.0,7.0,00:13:40,0.0,0.63,3.76,1.88,4.39,2.51,0.0,,,,,,
Conor Sheary,NYR,L,11,00:16:14,0.0,1.01,5.37,1.01,2.69,0.67,1.01,7.0,00:17:08,0.0,1.0,5.0,1.0,1.5,1.0,1.5,11.0,00:01:00,5.41,,,
Trevor van Riemsdyk,WSH,D,8,00:14:18,0.52,0.0,2.62,0.52,3.14,2.1,0.0,6.0,00:14:29,0.69,0.0,2.76,0.69,4.14,1.38,0.0,,,,,,
Garnet Hathaway,PHI,R,9,00:09:29,0.0,0.0,2.81,21.76,5.62,9.12,2.11,7.0,00:09:18,0.0,0.0,2.76,18.41,6.45,10.13,2.76,,,,,,
Frederic Gaudreau,SEA,C,4,00:12:52,0.0,1.17,3.5,2.33,5.83,0.0,20.98,,,,,,,,,,,,,,,
Aaron Ekblad,FLA,D,11,00:23:50,0.23,0.46,3.89,2.74,3.66,1.37,0.0,7.0,00:23:58,0.0,0.36,3.22,2.5,3.58,1.43,0.0,11.0,00:03:20,1.63,7.0,00:02:35,0.0
Sam Reinhart,FLA,C,11,00:21:31,1.27,0.25,8.87,3.55,2.03,0.51,4.56,7.0,00:22:22,1.15,0.0,8.42,3.45,2.3,0.77,3.06,11.0,00:04:37,2.36,7.0,00:04:37,1.85
Leon Draisaitl,EDM,C,11,00:22:24,1.95,1.22,7.79,1.7,0.24,0.49,22.14,7.0,00:21:43,1.97,1.58,8.29,1.97,0.0,0.0,25.65,11.0,00:03:37,9.02,7.0,00:03:18,7.76
Sam Bennett,FLA,C,11,00:17:28,0.31,0.31,6.87,7.18,1.56,3.12,24.03,7.0,00:16:52,0.0,0.51,5.08,6.09,2.54,2.03,25.38,11.0,00:03:29,1.56,7.0,00:02:56,0.0
Haydn Fleury,WPG,D,9,00:15:53,0.0,0.0,4.19,7.13,5.45,1.68,0.0,7.0,00:15:57,0.0,0.0,4.3,5.37,4.3,2.15,0.0,,,,,,
William Nylander,TOR,R,9,00:19:25,1.03,4.12,4.81,0.69,1.03,0.69,2.75,6.0,00:19:11,1.04,4.69,5.73,1.04,1.04,0.0,2.6,9.0,00:03:05,4.3,6.0,00:03:14,6.16
Nikolaj Ehlers,CAR,L,9,00:17:24,0.0,1.15,8.43,1.53,1.15,2.3,1.92,7.0,00:16:43,0.0,1.54,7.17,1.02,1.02,3.07,2.56,9.0,00:03:34,0.0,7.0,00:03:18,0.0
Kevin Fiala,L.A,L,11,00:17:41,1.54,0.92,9.86,2.47,0.62,1.23,0.0,7.0,00:17:21,1.48,0.99,7.9,2.47,0.49,0.99,0.0,11.0,00:02:55,7.45,7.0,00:02:41,6.37
Dylan Larkin,DET,C,10,00:20:06,2.39,2.39,8.95,1.49,1.19,2.39,31.32,7.0,00:20:19,2.53,2.95,7.59,0.84,1.27,0.84,32.49,10.0,00:03:37,8.29,7.0,00:03:06,8.28
Sonny Milano,WSH,L,4,00:11:07,0.0,0.0,9.44,2.7,0.0,0.0,1.35,3.0,00:11:27,0.0,0.0,10.47,3.49,0.0,0.0,1.75,4.0,00:02:34,0.0,3.0,00:03:26,0.0
Travis Sanheim,PHI,D,9,00:26:39,0.25,0.75,2.75,2.25,5.0,1.0,0.0,7.0,00:26:09,0.0,0.98,2.62,2.95,4.59,1.31,0.0,9.0,00:01:16,0.0,,,
Alex Tuch,BUF,R,10,00:19:02,0.95,1.89,7.56,0.63,4.1,7.88,0.95,7.0,00:18:22,1.4,2.33,7.0,0.93,5.13,9.8,1.4,10.0,00:02:05,0.0,,,
Tony DeAngelo,NYI,D,9,00:18:42,0.36,1.07,6.06,1.78,3.56,0.71,0.0,7.0,00:18:03,0.47,1.42,5.7,2.37,2.37,0.95,0.0,9.0,00:02:32,0.0,7.0,00:02:26,0.0
Nick Schmaltz,UTA,C,11,00:19:39,1.94,2.78,10.82,0.56,1.94,1.11,5.27,7.0,00:19:50,3.02,3.02,9.94,0.43,3.02,0.86,4.75,11.0,00:03:59,8.19,7.0,00:03:42,11.57
Kasperi Kapanen,EDM,R,6,00:12:17,0.0,1.63,3.26,13.02,3.26,0.0,0.0,2.0,00:09:43,0.0,0.0,3.09,15.44,6.17,0.0,0.0,,,,,,
Jared McCann,SEA,L,5,00:17:17,2.08,0.69,9.72,4.86,2.78,0.0,1.39,2.0,00:17:54,0.0,0.0,8.38,5.03,3.35,0.0,1.68,,,,,,
David Pastrnak,BOS,R,12,00:19:53,1.51,2.26,10.3,6.28,0.75,2.51,0.0,7.0,00:19:13,1.78,2.23,8.47,6.24,0.45,1.78,0.0,12.0,00:04:21,8.03,7.0,00:04:00,8.57
Adrian Kempe,L.A,R,11,00:19:20,1.41,2.54,9.59,8.18,1.97,3.38,2.26,7.0,00:19:05,1.35,2.69,7.63,6.73,1.35,3.59,3.59,11.0,00:02:53,7.54,7.0,00:02:35,6.62
Ivan Barbashev,VGK,L,10,00:15:21,1.17,2.74,5.47,6.64,0.78,0.0,0.0,7.0,00:15:18,1.12,3.36,5.04,3.92,1.12,0.0,0.0,,,,,,
Marcus Pettersson,VAN,D,11,00:20:12,0.0,0.27,1.89,1.62,4.86,4.05,0.0,7.0,00:20:22,0.0,0.42,1.68,1.68,5.05,6.31,0.0,,,,,,
Brandon Montour,SEA,D,6,00:23:21,0.86,2.14,7.71,4.28,5.99,2.14,0.0,3.0,00:24:06,1.66,2.49,6.64,4.15,5.81,0.0,0.0,6.0,00:01:55,10.43,,,
Ryan Donato,CHI,C,10,00:15:45,2.29,0.76,9.52,5.71,0.76,2.29,4.57,7.0,00:15:51,3.24,1.08,9.19,5.4,0.54,2.16,4.86,10.0,00:01:38,3.67,7.0,00:01:29,5.77
Christian Dvorak,PHI,C,9,00:15:39,0.85,0.85,5.96,2.98,2.13,2.55,20.44,7.0,00:15:07,1.13,1.13,6.8,3.4,2.27,1.13,22.09,,,,,,
Justin Kirkland,CGY,C,7,00:09:21,0.0,0.92,3.66,10.99,1.83,0.0,27.47,5.0,00:09:35,0.0,1.25,5.01,10.01,0.0,0.0,31.29,,,,,,
Juho Lammikko,N.J,C,1,00:11:07,0.0,0.0,5.39,16.17,0.0,0.0,37.72,1.0,00:11:07,0.0,0.0,5.39,16.17,0.0,0.0,37.72,,,,,,
Warren Foegele,L.A,L,10,00:13:22,0.45,0.0,5.83,5.38,0.45,2.69,1.35,6.0,00:12:37,0.79,0.0,7.92,4.75,0.0,1.58,0.0,,,,,,
Brayden Point,T.B,C,10,00:19:07,0.63,1.88,5.65,0.63,1.26,1.26,15.69,7.0,00:19:03,0.45,1.35,5.85,0.45,0.9,0.9,14.84,10.0,00:04:20,4.14,7.0,00:04:37,1.85
Jake Walman,EDM,D,5,00:20:03,0.6,2.39,2.99,1.2,7.78,0.0,0.0,5.0,00:20:03,0.6,2.39,2.99,1.2,7.78,0.0,0.0,,,,,,
Michael Amadio,OTT,R,11,00:14:43,0.74,0.37,4.44,5.19,2.96,0.74,0.74,7.0,00:14:23,1.19,0.6,5.96,4.76,4.17,0.0,0.0,,,,,,
Devon Toews,COL,D,11,00:23:26,0.0,0.23,3.96,0.47,2.79,0.0,0.0,7.0,00:23:06,0.0,0.37,4.45,0.74,3.34,0.0,0.0,11.0,00:01:02,0.0,,,
Viktor Arvidsson,BOS,L,12,00:13:44,0.73,1.09,9.82,2.91,1.82,2.18,1.09,7.0,00:13:55,1.23,1.23,10.46,2.46,2.46,1.23,1.23,12.0,00:01:42,0.0,7.0,00:01:40,0.0
Sam Lafferty,CHI,C,3,00:07:19,0.0,0.0,0.0,13.66,0.0,10.93,0.0,,,,,,,,,,,,,,,
Michael Bunting,NSH,L,11,00:14:23,0.76,0.38,4.17,1.52,1.9,1.52,1.14,7.0,00:13:43,0.62,0.0,5.0,1.25,1.87,1.25,0.62,11.0,00:02:04,0.0,7.0,00:01:27,0.0
Gustav Forsling,FLA,D,11,00:22:35,0.0,0.97,3.14,3.38,3.14,0.0,0.0,7.0,00:22:43,0.0,0.38,2.64,3.4,3.02,0.0,0.0,,,,,,
Dakota Joshua,TOR,C,10,00:11:31,1.04,0.52,5.73,17.71,3.65,1.04,0.52,7.0,00:11:44,1.46,0.73,5.11,21.16,4.38,1.46,0.73,,,,,,
Victor Olofsson,COL,L,11,00:13:41,1.2,2.79,13.15,1.2,0.8,0.0,0.0,7.0,00:14:13,1.81,3.01,14.46,0.6,0.6,0.0,0.0,11.0,00:03:23,6.43,7.0,00:03:59,8.6
Jake Evans,MTL,C,11,00:16:19,0.33,0.33,5.34,4.68,4.34,3.34,30.73,7.0,00:16:50,0.51,0.51,7.12,5.09,4.07,5.09,30.02,,,,,,
Jake Middleton,MIN,D,11,00:17:10,0.0,0.32,2.86,5.4,6.67,6.98,0.0,7.0,00:17:10,0.0,0.5,3.99,5.49,5.49,6.49,0.0,,,,,,
Darren Raddysh,T.B,D,6,00:15:31,0.64,1.29,7.73,3.22,2.58,1.29,0.0,4.0,00:14:30,0.0,0.0,8.27,4.14,1.03,2.07,0.0,,,,,,
Andrew Mangiapane,EDM,L,11,00:15:38,1.05,0.35,3.14,3.49,2.09,0.0,0.0,7.0,00:15:49,0.54,0.0,3.79,4.88,2.17,0.0,0.0,,,,,,
Frank Vatrano,ANA,R,9,00:12:54,0.0,0.52,9.81,14.46,3.1,4.65,2.07,7.0,00:13:06,0.0,0.65,9.81,14.39,1.96,3.27,2.62,9.0,00:01:19,5.01,7.0,00:01:42,5.01
Rasmus Andersson,CGY,D,11,00:23:42,0.46,0.23,6.21,1.61,3.91,1.38,0.0,7.0,00:23:23,0.73,0.37,6.96,1.83,4.4,2.2,0.0,11.0,00:02:15,2.42,7.0,00:02:10,3.95
Kyle Connor,WPG,L,10,00:20:25,1.47,2.06,10.86,1.17,0.59,1.17,0.0,7.0,00:20:42,0.83,2.07,10.76,1.66,0.41,0.83,0.0,10.0,00:03:26,5.24,7.0,00:03:30,4.88
Jonas Siegenthaler,N.J,D,10,00:19:29,0.0,0.31,1.23,2.16,5.23,1.85,0.0,7.0,00:19:35,0.0,0.44,1.75,3.06,6.13,1.75,0.0,,,,,,
Pavel Zacha,BOS,C,12,00:17:48,0.56,2.25,5.05,3.93,1.4,2.25,17.12,7.0,00:17:12,0.5,1.99,6.97,3.49,1.49,1.99,25.4,12.0,00:03:32,7.05,7.0,00:03:17,7.8
Connor McDavid,EDM,C,11,00:23:29,0.7,2.55,7.2,0.46,0.46,0.46,12.54,7.0,00:23:05,1.11,2.23,5.94,0.0,0.37,0.0,10.77,11.0,00:03:38,8.98,7.0,00:03:18,10.38
Jack Eichel,VGK,C,10,00:20:54,2.3,3.16,12.63,1.15,1.44,0.0,26.12,7.0,00:20:25,2.52,2.52,13.85,0.0,1.68,0.0,26.44,10.0,00:04:27,12.11,7.0,00:04:15,10.06
Vince Dunn,SEA,D,10,00:23:37,0.51,1.02,6.6,0.25,1.78,1.52,0.0,7.0,00:24:29,0.35,0.35,6.3,0.0,1.75,1.4,0.0,10.0,00:02:59,4.0,7.0,00:02:54,0.0
Timo Meier,N.J,R,10,00:17:39,1.02,2.04,8.84,5.78,2.04,2.04,3.06,7.0,00:17:40,0.49,2.43,7.28,5.34,1.94,2.91,3.4,10.0,00:02:10,11.04,7.0,00:01:58,13.06
Erik Cernak,T.B,D,10,00:19:14,0.0,0.62,1.87,6.55,7.17,2.5,0.0,7.0,00:19:39,0.0,0.87,1.74,5.67,4.8,1.74,0.0,,,,,,
Mikko Rantanen,DAL,R,10,00:21:15,1.13,2.26,7.05,2.82,1.69,3.95,1.13,7.0,00:21:34,1.19,1.59,5.96,3.58,1.99,3.97,1.19,10.0,00:04:31,10.61,7.0,00:04:58,10.34
A.J. Greer,FLA,L,11,00:08:50,1.85,1.23,3.7,19.11,2.47,7.4,0.62,7.0,00:08:49,1.94,0.97,3.89,14.58,1.94,6.8,0.0,,,,,,
Sebastian Aho,CAR,C,9,00:20:17,1.31,2.3,6.57,4.6,1.31,1.31,26.29,7.0,00:20:02,1.71,1.71,6.84,5.13,1.71,1.71,24.8,9.0,00:03:35,3.72,7.0,00:03:21,2.55
Keegan Kolesar,VGK,R,10,00:11:12,0.0,1.07,3.75,15.53,5.36,3.75,0.54,7.0,00:11:27,0.0,0.75,2.99,14.22,6.73,5.24,0.75,,,,,,
Tommy Novak,PIT,C,11,00:11:47,0.46,1.39,6.01,1.39,2.31,1.85,4.62,7.0,00:11:41,0.73,1.47,5.13,0.0,0.73,2.93,5.13,,,,,,
Travis Konecny,PHI,R,9,00:18:44,0.71,1.07,7.11,4.62,2.49,2.49,1.07,7.0,00:19:19,0.89,0.89,7.98,4.88,2.22,2.22,1.33,9.0,00:02:29,2.68,7.0,00:02:44,0.0
Dylan Strome,WSH,C,9,00:16:14,0.82,3.28,6.57,1.23,2.05,0.82,35.31,6.0,00:15:49,1.26,5.05,7.58,1.9,1.26,1.26,33.48,9.0,00:03:29,7.62,6.0,00:03:48,10.49
Brandon Carlo,TOR,D,10,00:19:45,0.0,0.61,3.95,1.52,3.64,1.21,0.0,7.0,00:20:20,0.0,0.84,3.79,1.26,3.79,0.84,0.0,,,,,,
Brock Boeser,VAN,R,9,00:19:52,1.34,0.67,6.71,1.68,1.01,0.0,2.35,5.0,00:20:51,0.58,1.15,7.48,1.73,1.15,0.0,2.3,9.0,00:04:09,1.61,5.0,00:04:37,0.0
Mathew Barzal,NYI,C,9,00:21:09,0.63,1.89,5.36,1.26,2.84,2.52,10.4,7.0,00:21:07,0.81,2.03,4.06,1.62,2.43,1.62,8.93,9.0,00:04:34,2.91,7.0,00:04:40,3.66
Roope Hintz,DAL,C,8,00:19:01,0.39,2.76,11.04,1.58,1.97,0.79,29.96,5.0,00:18:12,0.0,1.98,10.55,1.32,1.32,0.0,28.34,8.0,00:03:19,11.31,5.0,00:03:15,11.03
Parker Wotherspoon,PIT,D,11,00:21:17,0.26,1.02,2.3,2.56,4.1,4.61,0.0,7.0,00:21:07,0.41,1.62,2.43,1.62,4.46,4.87,0.0,,,,,,
Caleb Jones,PIT,D,7,00:17:10,0.0,0.5,2.5,4.99,7.49,0.0,0.0,4.0,00:17:46,0.0,0.0,2.53,5.06,10.13,0.0,0.0,,,,,,
Noah Juulsen,PHI,D,9,00:13:06,0.0,0.51,2.54,7.12,4.07,0.0,0.0,7.0,00:12:44,0.0,0.67,2.69,8.07,3.36,0.0,0.0,,,,,,
Jack Roslovic,EDM,C,9,00:15:22,0.43,0.87,9.54,1.73,1.3,0.0,3.03,7.0,00:16:00,0.54,1.07,9.64,1.61,1.61,0.0,3.75,,,,,,
Zach Werenski,CBJ,D,9,00:26:23,0.51,1.01,8.59,1.77,3.79,0.0,0.0,7.0,00:26:25,0.32,0.65,7.14,1.62,3.89,0.0,0.0,9.0,00:02:53,4.61,7.0,00:03:07,2.74
Nicolas Roy,TOR,C,10,00:13:13,0.45,0.91,4.08,5.9,3.18,1.81,22.69,7.0,00:13:38,0.0,0.63,2.51,6.91,3.14,2.51,24.49,,,,,,
Anthony Beauvillier,WSH,L,10,00:13:46,0.44,0.44,8.27,6.09,0.44,0.87,0.0,7.0,00:14:08,0.0,0.61,6.06,5.45,0.61,0.0,0.0,,,,,,
Jeremy Lauzon,VGK,D,10,00:17:22,0.0,0.69,2.42,12.78,5.53,5.87,0.0,7.0,00:17:50,0.0,0.96,1.44,12.01,5.76,7.21,0.0,,,,,,
Thomas Chabot,OTT,D,11,00:22:33,0.48,0.97,4.11,1.21,5.08,1.93,0.0,7.0,00:23:01,0.74,1.49,3.72,1.86,5.21,0.74,0.0,11.0,00:02:26,8.92,7.0,00:02:20,14.65
Mathieu Joseph,STL,R,10,00:12:40,0.47,0.95,6.15,9.46,1.89,0.95,0.47,7.0,00:12:47,0.67,0.67,4.69,8.71,0.0,0.0,0.67,,,,,,
Lawson Crouse,UTA,L,11,00:14:35,0.37,0.37,8.23,11.59,2.24,0.75,0.75,7.0,00:14:45,0.58,0.58,10.45,9.87,2.9,1.16,0.58,,,,,,
Mitch Marner,VGK,R,10,00:20:45,0.58,2.89,4.34,1.73,1.73,0.58,1.45,7.0,00:19:56,0.86,3.44,3.44,1.29,2.15,0.0,1.29,10.0,00:04:33,2.64,7.0,00:04:20,3.95
Joel Eriksson Ek,MIN,C,11,00:19:55,0.55,1.37,9.58,6.02,2.46,2.19,35.03,7.0,00:19:56,0.43,0.86,9.45,5.59,3.87,0.86,34.38,11.0,00:04:31,4.82,7.0,00:04:16,0.0
Jake DeBrusk,VAN,L,11,00:17:22,0.63,0.63,10.36,2.51,1.57,0.63,0.63,7.0,00:17:37,0.97,0.0,13.13,2.92,1.94,0.0,0.97,11.0,00:03:59,2.73,7.0,00:04:22,3.92
Ivan Provorov,CBJ,D,9,00:24:22,0.27,0.55,5.2,1.91,3.83,0.55,0.0,7.0,00:23:58,0.36,0.36,5.01,2.5,3.22,0.72,0.0,9.0,00:01:11,0.0,,,
John Marino,UTA,D,11,00:20:13,0.27,1.08,2.7,0.54,2.97,1.08,0.0,7.0,00:21:23,0.4,0.8,2.8,0.4,3.21,0.8,0.0,,,,,,
Yakov Trenin,MIN,C,11,00:13:02,0.0,0.84,6.69,21.32,2.51,0.84,1.67,7.0,00:12:13,0.0,0.7,7.02,22.45,2.81,1.4,1.4,,,,,,
Anthony Cirelli,T.B,C,10,00:19:41,1.52,1.22,5.18,2.44,2.44,1.22,32.31,7.0,00:19:55,1.29,1.72,4.73,0.43,2.15,0.86,33.99,10.0,00:02:17,5.24,7.0,00:02:34,6.65
Evan Rodrigues,FLA,C,11,00:16:37,0.66,0.98,7.22,4.6,2.3,2.63,14.77,7.0,00:17:05,0.5,0.5,8.53,5.02,2.51,3.01,16.05,11.0,00:02:05,2.62,7.0,00:01:51,0.0
Artemi Panarin,NYR,L,11,00:21:17,0.51,1.28,7.69,0.51,0.51,0.51,0.0,7.0,00:21:49,0.79,1.18,9.42,0.79,0.79,0.79,0.0,11.0,00:04:03,2.69,7.0,00:03:58,2.16
Noel Acciari,PIT,C,10,00:13:47,0.0,0.87,3.91,7.39,4.35,5.22,20.88,7.0,00:14:06,0.0,1.21,4.86,6.07,4.25,6.07,21.87,,,,,,
Kevin Stenlund,UTA,C,11,00:15:49,0.34,0.34,3.45,2.76,4.48,1.38,35.85,7.0,00:15:40,0.0,0.55,2.73,3.83,4.92,0.0,35.52,,,,,,
Will Borgen,NYR,D,11,00:18:48,0.0,0.58,3.77,4.93,4.35,1.16,0.0,7.0,00:19:20,0.0,0.44,3.99,5.32,4.43,0.89,0.0,,,,,,
Alexandre Carrier,MTL,D,11,00:18:25,0.3,1.18,2.66,1.48,8.58,1.78,0.0,7.0,00:19:53,0.0,1.29,2.59,1.29,9.91,1.72,0.0,,,,,,
Ryan Shea,PIT,D,11,00:20:30,0.27,1.06,2.39,0.8,3.72,3.72,0.0,7.0,00:19:48,0.43,0.43,2.6,0.87,2.6,6.06,0.0,,,,,,
Conor Garland,VAN,R,11,00:20:30,0.8,2.13,7.45,2.13,1.6,1.06,0.27,7.0,00:21:24,0.8,2.4,6.41,2.8,2.0,0.8,0.0,11.0,00:03:31,6.19,7.0,00:04:28,5.74
Niko Mikkola,FLA,D,11,00:18:43,0.0,0.0,3.49,2.04,4.95,2.91,0.0,7.0,00:17:34,0.0,0.0,2.93,1.95,5.37,4.88,0.0,,,,,,
Kirill Kaprizov,MIN,L,11,00:22:36,1.45,2.17,8.92,0.48,0.96,0.0,0.0,7.0,00:22:37,0.76,1.51,6.82,0.0,0.76,0.0,0.0,11.0,00:05:15,8.29,7.0,00:04:42,1.82
Troy Terry,ANA,R,9,00:18:05,1.11,2.58,7.0,0.0,0.37,0.0,0.37,7.0,00:18:24,1.4,2.33,6.99,0.0,0.47,0.0,0.0,9.0,00:03:58,6.69,7.0,00:04:17,6.0
Adam Gaudette,S.J,R,9,00:10:42,1.87,0.62,7.47,3.11,0.0,4.98,15.57,6.0,00:11:22,1.76,0.0,8.79,2.64,0.0,1.76,13.18,9.0,00:01:32,4.31,,,
Vladislav Gavrikov,NYR,D,11,00:23:13,0.0,0.47,3.29,0.47,3.99,1.41,0.0,7.0,00:23:41,0.0,0.72,3.26,0.36,3.98,0.72,0.0,,,,,,
Mason Appleton,DET,C,10,00:14:38,1.23,0.82,4.1,4.1,2.05,4.92,0.41,7.0,00:15:06,1.13,1.13,3.4,3.97,2.27,6.81,0.57,,,,,,
Steven Lorentz,TOR,C,7,00:10:19,0.0,2.49,4.15,14.12,4.15,0.0,4.98,5.0,00:11:45,0.0,1.02,5.1,11.22,3.06,0.0,5.1,,,,,,
Matt Roy,WSH,D,10,00:19:10,0.0,0.0,4.07,4.07,6.26,0.63,0.0,7.0,00:19:04,0.0,0.0,4.49,3.59,4.04,0.0,0.0,,,,,,
Jalen Chatfield,CAR,D,9,00:21:11,0.0,0.94,3.78,2.52,3.78,2.52,0.0,7.0,00:21:43,0.0,1.18,4.34,2.37,3.55,1.58,0.0,,,,,,
Mason Marchment,SEA,L,9,00:15:38,0.43,1.7,5.11,5.11,1.7,1.7,1.28,6.0,00:16:22,0.0,2.44,5.5,6.11,0.61,1.22,1.22,9.0,00:01:38,8.14,6.0,00:01:41,11.8
Rodrigo Abols,PHI,C,5,00:07:20,0.0,0.0,6.53,13.07,3.27,8.17,26.13,4.0,00:07:09,0.0,0.0,6.28,14.66,4.19,10.47,20.94,,,,,,
Philippe Myers,TOR,D,3,00:15:25,0.0,0.0,9.07,5.19,7.78,0.0,0.0,3.0,00:15:25,0.0,0.0,9.07,5.19,7.78,0.0,0.0,,,,,,
Ryan Lomberg,CGY,L,11,00:08:56,0.0,0.61,5.49,28.06,3.05,7.32,0.0,7.0,00:08:48,0.0,0.97,6.81,25.3,2.92,6.81,0.0,,,,,,
Brandon Tanev,UTA,L,11,00:10:40,0.0,0.51,6.13,22.99,3.58,2.04,0.0,7.0,00:10:31,0.0,0.81,5.7,17.91,3.26,1.63,0.0,,,,,,
Luke Kunin,FLA,C,10,00:10:28,0.0,0.57,2.86,9.16,6.87,2.29,26.92,6.0,00:09:51,0.0,0.0,0.0,13.19,7.1,0.0,27.4,,,,,,
Auston Matthews,TOR,C,10,00:22:12,1.35,0.81,11.08,2.16,6.22,1.08,29.19,7.0,00:22:27,1.53,0.76,9.92,2.29,5.34,0.76,29.76,10.0,00:03:23,1.77,7.0,00:03:35,2.39
Adam Fox,NYR,D,11,00:24:05,0.68,1.36,4.98,1.58,4.3,0.91,0.0,7.0,00:24:33,0.0,1.75,3.84,1.75,3.84,0.7,0.0,11.0,00:03:44,2.92,7.0,00:03:50,2.23
Ryan Lindgren,SEA,D,10,00:18:33,0.0,0.32,1.62,1.94,5.82,7.44,0.0,7.0,00:18:06,0.0,0.0,1.89,1.89,4.26,10.89,0.0,,,,,,
Charlie McAvoy,BOS,D,12,00:23:50,0.0,1.68,3.77,3.98,3.98,4.61,0.0,7.0,00:23:08,0.0,2.22,2.96,2.96,4.44,5.18,0.0,12.0,00:03:28,4.32,7.0,00:03:09,8.13
Alex DeBrincat,DET,R,10,00:17:30,0.69,2.74,12.68,0.34,1.37,0.0,0.0,7.0,00:17:06,1.0,2.0,12.53,0.5,1.0,0.0,0.0,10.0,00:03:32,6.77,7.0,00:03:06,5.53
Patrik Laine,MTL,L,5,00:12:36,0.0,0.95,5.71,1.9,0.0,1.9,1.9,1.0,00:12:10,0.0,0.0,0.0,4.93,0.0,0.0,4.93,5.0,00:02:26,0.0,,,
Clayton Keller,UTA,R,11,00:19:12,1.14,2.27,7.39,0.28,1.42,1.14,0.28,7.0,00:18:06,1.89,3.31,8.52,0.47,1.42,0.95,0.0,11.0,00:04:12,6.48,7.0,00:03:51,8.89
Jakob Chychrun,WSH,D,10,00:23:22,0.77,0.77,7.44,3.34,2.05,1.03,0.0,7.0,00:23:58,1.07,0.0,8.94,3.93,2.5,0.72,0.0,10.0,00:03:09,1.9,7.0,00:03:18,2.6
Sam Steel,DAL,C,10,00:17:07,0.35,0.35,3.5,4.91,2.1,1.4,7.36,7.0,00:18:03,0.47,0.0,3.32,5.22,1.9,1.9,7.59,10.0,00:01:08,5.26,,,
Brett Howden,VGK,C,6,00:13:03,1.53,0.0,3.06,12.25,0.77,3.06,12.25,3.0,00:14:04,1.42,0.0,2.84,14.2,1.42,5.68,17.04,,,,,,
Beck Malenstyn,BUF,L,9,00:11:25,0.0,0.58,7.59,17.5,6.42,0.0,0.0,6.0,00:12:30,0.0,0.8,8.0,15.99,8.8,0.0,0.0,,,,,,
Trent Frederic,EDM,C,11,00:12:34,0.43,0.0,5.21,13.45,1.74,2.6,6.94,7.0,00:11:52,0.0,0.0,2.89,15.87,0.72,0.0,6.49,,,,,,
Andrew Peeke,BOS,D,12,00:19:11,0.0,0.52,4.17,4.69,7.55,0.0,0.0,7.0,00:19:18,0.0,0.44,4.0,6.21,6.21,0.0,0.0,,,,,,
Tyson Jost,NSH,C,10,00:12:21,0.49,0.0,7.28,6.79,2.43,1.94,4.37,6.0,00:13:06,0.76,0.0,4.58,6.86,2.29,3.05,4.58,,,,,,
Dante Fabbro,CBJ,D,9,00:17:00,0.0,0.78,3.13,1.18,7.05,0.78,0.0,7.0,00:16:48,0.0,1.02,3.57,1.02,6.63,0.0,0.0,,,,,,
Joshua Mahura,SEA,D,10,00:15:39,0.38,0.38,3.07,4.22,6.51,5.37,0.0,7.0,00:15:16,0.56,0.0,2.24,2.81,7.86,6.73,0.0,,,,,,
Logan Stanley,WPG,D,10,00:16:35,0.72,1.45,2.53,7.59,6.51,6.51,0.0,7.0,00:17:02,0.5,1.51,2.51,7.04,6.03,8.04,0.0,,,,,,
Jordan Kyrou,STL,R,10,00:17:48,1.35,1.35,7.42,0.67,2.02,0.0,0.0,7.0,00:18:12,1.88,1.41,8.48,0.47,1.41,0.0,0.0,10.0,00:02:50,6.32,7.0,00:02:59,8.59
Taylor Raddysh,NYR,R,11,00:12:01,1.81,0.0,7.25,4.08,1.36,0.91,0.0,7.0,00:11:41,2.2,0.0,6.6,2.93,0.73,1.47,0.0,,,,,,
Samuel Girard,COL,D,2,00:18:48,0.0,0.0,3.19,4.79,4.79,0.0,0.0,,,,,,,,,,,,,,,
Pierre-Luc Dubois,WSH,L,5,00:17:25,0.0,0.0,6.2,4.13,2.07,1.38,22.03,2.0,00:17:31,0.0,0.0,6.85,6.85,3.42,3.42,29.1,5.0,00:02:07,0.0,,,
Jake Bean,CGY,D,8,00:17:19,0.0,0.0,3.03,1.3,7.36,0.87,0.0,6.0,00:18:34,0.0,0.0,3.77,1.08,6.46,0.0,0.0,,,,,,
Jesper Bratt,N.J,L,10,00:16:45,1.43,2.86,6.44,4.65,0.72,2.15,0.0,7.0,00:16:21,1.05,3.15,5.77,4.19,0.52,3.15,0.0,10.0,00:03:01,5.94,7.0,00:03:11,5.36
Mikhail Sergachev,UTA,D,11,00:24:52,0.44,1.53,4.38,0.66,4.6,2.19,0.0,7.0,00:24:34,0.7,2.44,4.19,0.7,3.14,2.09,0.0,11.0,00:03:56,6.92,7.0,00:03:38,11.75
Nathan Bastian,DAL,R,10,00:07:06,0.84,0.0,7.6,16.89,2.53,1.69,0.0,7.0,00:07:04,0.0,0.0,7.27,16.95,0.0,2.42,0.0,,,,,,
Tage Thompson,BUF,C,10,00:19:05,1.26,1.26,13.51,5.34,2.2,3.14,8.49,7.0,00:18:28,1.39,1.86,12.06,4.64,3.25,2.78,6.03,10.0,00:03:29,5.15,7.0,00:03:07,8.21
Filip Hronek,VAN,D,11,00:24:41,0.0,1.33,1.99,5.08,3.75,0.88,0.0,7.0,00:24:57,0.0,1.37,1.72,4.12,3.43,0.69,0.0,11.0,00:01:33,6.99,7.0,00:01:45,4.88
Troy Stecher,EDM,D,5,00:14:35,0.0,0.0,1.64,1.64,1.64,4.93,0.0,3.0,00:13:36,0.0,0.0,1.47,0.0,2.94,2.94,0.0,,,,,,
Brandon Duhaime,WSH,R,10,00:12:53,0.0,0.47,2.33,13.96,2.33,5.12,0.93,7.0,00:13:00,0.0,0.66,1.98,11.2,2.63,7.24,0.66,,,,,,
Ross Colton,COL,C,11,00:12:16,0.44,1.78,8.89,13.33,2.67,2.22,3.11,7.0,00:12:45,0.0,2.69,8.06,14.78,2.69,0.0,2.02,,,,,,
Brandon Hagel,T.B,L,10,00:20:05,0.6,1.49,8.06,2.09,2.09,2.99,0.3,7.0,00:20:43,0.83,1.65,9.51,2.07,1.24,1.65,0.41,10.0,00:01:48,0.0,7.0,00:02:09,0.0
Vincent Desharnais,S.J,D,7,00:16:32,0.0,0.52,3.11,5.18,6.22,8.29,0.0,7.0,00:16:32,0.0,0.52,3.11,5.18,6.22,8.29,0.0,,,,,,
Michael Eyssimont,BOS,C,12,00:11:18,1.33,1.77,11.94,3.1,2.65,2.65,0.0,7.0,00:11:02,1.55,1.55,13.97,3.88,3.88,1.55,0.0,,,,,,
Michael Carcone,UTA,L,9,00:10:24,1.28,0.64,11.54,5.77,1.92,1.28,0.0,7.0,00:11:09,1.54,0.77,13.07,5.38,2.31,1.54,0.0,,,,,,
Justin Brazeau,PIT,R,11,00:13:25,2.44,2.44,8.53,6.09,4.47,0.0,0.0,7.0,00:13:31,1.27,3.8,6.97,5.07,3.17,0.0,0.0,,,,,,
Tanner Jeannot,BOS,L,12,00:13:07,0.76,0.76,5.33,9.52,4.57,4.19,0.76,7.0,00:13:12,0.0,1.3,5.19,8.44,3.9,5.84,0.0,,,,,,
Mathieu Olivier,CBJ,R,9,00:14:38,0.0,0.46,6.83,13.2,4.1,5.46,0.0,7.0,00:15:18,0.0,0.56,6.16,14.0,4.48,6.72,0.0,,,,,,
Trevor Moore,L.A,L,11,00:15:56,1.03,0.34,7.19,1.37,2.4,1.37,0.68,7.0,00:16:01,1.07,0.54,6.42,1.61,3.21,2.14,0.54,,,,,,
Jeffrey Viel,BOS,L,3,00:12:13,0.0,0.0,6.55,22.91,1.64,11.45,0.0,2.0,00:12:25,0.0,0.0,9.66,24.16,0.0,16.91,0.0,,,,,,
Justin Danforth,BUF,R,4,00:11:42,0.0,0.0,2.56,3.84,5.13,2.56,21.79,,,,,,,,,,,,,,,
Zach Aston-Reese,CBJ,C,8,00:10:17,0.0,2.18,5.83,15.29,2.91,1.46,0.73,6.0,00:09:49,0.0,2.04,6.11,14.26,3.06,0.0,0.0,,,,,,
Kailer Yamamoto,UTA,R,5,00:11:54,0.0,1.01,2.02,2.02,0.0,2.02,1.01,1.0,00:12:22,0.0,4.85,0.0,0.0,0.0,0.0,0.0,5.0,00:02:19,0.0,,,
Nicolas Hague,NSH,D,3,00:20:31,0.0,0.97,0.97,7.79,2.92,1.95,0.0,3.0,00:20:31,0.0,0.97,0.97,7.79,2.92,1.95,0.0,,,,,,
Jonah Gadjovich,FLA,L,10,00:07:56,0.0,2.27,6.04,22.66,2.27,5.29,0.0,6.0,00:07:48,0.0,2.56,7.68,23.05,1.28,8.96,0.0,,,,,,
Conor Timmins,BUF,D,10,00:20:47,0.0,0.87,2.6,1.73,7.21,2.31,0.0,7.0,00:22:05,0.0,1.16,2.72,1.94,6.6,1.55,0.0,,,,,,
Mario Ferraro,S.J,D,10,00:20:57,0.29,0.29,3.72,6.58,6.58,0.57,0.0,7.0,00:21:23,0.0,0.4,3.21,8.42,6.01,0.8,0.0,,,,,,
Cale Fleury,SEA,D,4,00:14:43,0.0,1.02,3.06,6.11,2.04,5.09,0.0,4.0,00:14:43,0.0,1.02,3.06,6.11,2.04,5.09,0.0,,,,,,
Morgan Geekie,BOS,C,12,00:18:05,2.21,0.55,6.91,6.08,0.55,1.11,3.32,7.0,00:17:39,2.91,0.0,8.73,5.82,0.49,0.0,3.88,12.0,00:03:39,2.74,7.0,00:03:24,2.51
Michael Rasmussen,DET,C,9,00:11:53,0.56,1.12,4.49,5.61,5.05,1.12,22.44,6.0,00:12:24,0.81,1.61,6.45,4.84,4.03,1.61,20.16,,,,,,
Cody Glass,N.J,C,6,00:12:33,1.59,0.0,7.17,2.39,1.59,4.78,19.91,3.0,00:12:34,1.59,0.0,6.36,1.59,1.59,9.54,17.49,,,,,,
Mikey Anderson,L.A,D,11,00:20:21,0.27,0.0,1.88,4.02,5.09,0.54,0.0,7.0,00:20:34,0.0,0.0,1.67,3.75,5.42,0.83,0.0,,,,,,
Casey Mittelstadt,BOS,C,11,00:14:15,1.15,1.15,3.83,0.38,2.3,0.0,15.69,6.0,00:14:29,0.69,2.07,3.45,0.69,3.45,0.0,9.66,11.0,00:01:44,0.0,,,
Urho Vaakanainen,NYR,D,8,00:14:56,0.0,0.0,4.02,1.51,3.01,3.01,0.0,4.0,00:13:18,0.0,0.0,4.51,2.25,2.25,2.25,0.0,,,,,,
Nico Hischier,N.J,C,10,00:20:13,0.59,2.37,7.12,1.48,3.86,0.59,33.81,7.0,00:20:35,0.42,2.5,7.91,2.08,1.66,0.83,31.63,10.0,00:03:17,5.48,7.0,00:03:25,7.49
Jesper Boqvist,FLA,C,11,00:11:32,0.47,0.0,4.73,14.66,2.84,1.89,4.26,7.0,00:11:43,0.0,0.0,4.38,14.61,4.38,1.46,2.19,,,,,,
Eeli Tolvanen,SEA,R,10,00:15:00,0.0,0.8,3.6,10.79,4.0,0.8,0.0,7.0,00:15:05,0.0,1.14,2.84,7.39,4.54,1.14,0.0,10.0,00:01:36,0.0,7.0,00:01:30,0.0
Elias Pettersson,VAN,C,11,00:19:09,0.85,1.42,5.12,4.27,6.55,0.57,28.18,7.0,00:20:19,1.26,1.26,5.9,3.79,6.32,0.0,30.35,11.0,00:03:57,4.13,7.0,00:04:27,3.84
Gabriel Vilardi,WPG,C,10,00:18:36,0.64,1.93,6.77,1.29,0.97,0.64,2.26,7.0,00:18:40,0.92,1.38,5.51,0.92,0.46,0.92,2.75,10.0,00:03:31,6.8,7.0,00:03:28,7.41
Owen Tippett,PHI,R,9,00:16:41,2.0,0.0,11.19,6.79,1.2,6.39,0.0,7.0,00:16:48,2.04,0.0,12.75,7.65,0.51,8.16,0.0,9.0,00:02:16,2.93,7.0,00:02:28,0.0
Nick Suzuki,MTL,C,11,00:20:18,0.54,3.76,6.98,1.34,1.61,0.54,27.67,7.0,00:20:52,0.82,3.28,8.21,0.82,2.05,0.0,26.68,11.0,00:03:28,11.0,7.0,00:02:46,12.33
Robert Thomas,STL,C,8,00:18:42,0.4,2.0,3.21,1.2,2.4,1.6,26.85,5.0,00:18:31,0.0,2.59,3.89,1.94,1.3,1.3,27.22,8.0,00:03:06,7.26,5.0,00:03:27,6.96
Jason Robertson,DAL,L,10,00:20:24,0.88,1.76,12.05,2.06,1.76,0.0,0.0,7.0,00:20:59,0.41,1.63,10.21,1.63,2.04,0.0,0.0,10.0,00:04:14,7.08,7.0,00:04:28,7.68
Morgan Frost,CGY,C,11,00:15:44,0.69,1.39,6.24,2.08,1.73,2.77,27.37,7.0,00:15:02,0.57,2.28,6.84,2.28,1.71,3.42,25.06,11.0,00:04:20,2.51,7.0,00:04:20,3.95
Henri Jokiharju,BOS,D,12,00:18:05,0.0,0.83,2.49,2.76,3.59,1.11,0.0,7.0,00:18:40,0.0,0.46,0.46,2.75,2.75,0.92,0.0,12.0,00:01:02,4.8,,,
Miro Heiskanen,DAL,D,10,00:25:05,0.48,0.72,6.22,0.72,3.35,0.48,0.0,7.0,00:25:17,0.68,0.34,6.1,1.02,3.39,0.68,0.0,10.0,00:03:48,3.15,7.0,00:03:56,4.35
Martin Necas,COL,C,11,00:21:14,1.8,1.54,5.39,3.08,0.77,2.05,1.03,7.0,00:21:21,1.61,0.4,4.82,3.61,0.8,3.21,0.4,11.0,00:04:57,4.4,7.0,00:04:12,2.04
Timothy Liljegren,S.J,D,7,00:22:48,0.0,0.38,1.88,2.63,6.39,2.26,0.0,4.0,00:24:43,0.0,0.61,2.43,2.43,4.25,2.43,0.0,,,,,,
P.O Joseph,VAN,D,5,00:11:46,0.0,0.0,8.15,3.06,4.08,2.04,0.0,5.0,00:11:46,0.0,0.0,8.15,3.06,4.08,2.04,0.0,,,,,,
Josh Norris,BUF,C,1,00:18:51,0.0,0.0,12.73,3.18,0.0,0.0,12.73,,,,,,,,,,,,,,,
Ryan Poehling,ANA,C,9,00:10:42,0.62,1.24,3.73,1.87,1.87,1.24,26.76,7.0,00:11:15,0.76,1.52,3.81,1.52,1.52,0.0,25.9,,,,,,
Cale Makar,COL,D,11,00:25:20,0.65,2.58,6.89,2.15,4.09,1.29,0.0,7.0,00:25:50,0.66,2.65,6.63,1.0,3.98,0.0,0.0,11.0,00:05:12,7.34,7.0,00:04:38,9.23
Alexandre Texier,STL,L,7,00:09:57,0.0,0.86,6.03,6.89,0.86,0.0,0.86,5.0,00:10:46,0.0,0.0,7.79,6.68,0.0,0.0,0.0,,,,,,
Filip Chytil,VAN,C,6,00:15:38,1.92,0.0,9.59,1.92,2.56,3.84,23.02,2.0,00:12:51,0.0,0.0,9.34,0.0,4.67,4.67,21.01,,,,,,
Alex Iafallo,WPG,L,10,00:15:42,0.76,0.76,7.26,4.2,2.67,1.53,1.91,7.0,00:15:26,0.56,1.11,8.88,4.44,1.11,1.11,2.22,10.0,00:03:20,7.18,7.0,00:03:18,7.76
Neal Pionk,WPG,D,10,00:23:32,0.0,0.51,6.12,3.06,4.59,2.04,0.0,7.0,00:23:44,0.0,0.72,6.14,2.89,4.69,0.72,0.0,10.0,00:01:54,3.15,,,
Eetu Luostarinen,FLA,C,11,00:16:35,0.33,0.66,5.92,8.55,3.94,0.66,2.3,7.0,00:16:24,0.52,1.05,7.32,9.93,5.75,1.05,3.66,,,,,,
Fabian Zetterlund,OTT,L,11,00:13:50,0.39,0.79,8.28,8.28,1.58,2.37,0.39,7.0,00:12:42,0.67,0.67,9.45,4.72,2.02,2.7,0.0,11.0,00:01:02,5.25,,,
Jacob Bryson,BUF,D,5,00:09:27,0.0,1.27,1.27,1.27,5.07,2.54,0.0,2.0,00:07:01,0.0,4.27,0.0,0.0,8.54,8.54,0.0,,,,,,
Drake Batherson,OTT,R,8,00:16:29,1.82,3.64,7.73,4.55,0.91,0.91,0.0,7.0,00:16:21,2.1,4.19,7.34,4.72,0.52,1.05,0.0,8.0,00:03:19,11.26,7.0,00:03:11,13.45
Noah Cates,PHI,L,9,00:17:36,1.14,1.14,6.81,3.03,2.65,0.76,23.09,7.0,00:17:55,0.96,0.96,5.74,2.39,3.35,0.0,22.0,9.0,00:02:19,5.72,7.0,00:02:35,6.61
Olle Lycksell,OTT,R,5,00:10:22,1.16,0.0,6.93,2.31,3.47,0.0,0.0,3.0,00:10:32,1.9,0.0,9.48,1.9,1.9,0.0,0.0,,,,,,
Nick Perbix,NSH,D,11,00:21:04,0.52,0.26,4.14,1.29,4.14,1.03,0.0,7.0,00:21:47,0.39,0.0,5.11,1.18,3.54,0.79,0.0,,,,,,
Ben Jones,MIN,C,3,00:08:04,0.0,0.0,4.96,22.3,4.96,0.0,24.78,3.0,00:08:04,0.0,0.0,4.96,22.3,4.96,0.0,24.78,,,,,,
Alexey Toropchenko,STL,R,3,00:10:38,0.0,0.0,7.52,11.27,3.76,0.0,0.0,2.0,00:10:36,0.0,0.0,8.48,14.14,2.83,0.0,0.0,,,,,,
Morgan Barron,WPG,C,10,00:12:26,1.45,1.45,4.83,8.69,2.9,0.97,32.81,7.0,00:12:28,0.69,0.69,4.13,8.25,2.75,1.38,37.13,,,,,,
Sean Walker,CAR,D,9,00:24:08,0.28,0.0,5.52,6.63,4.42,2.21,0.0,7.0,00:24:43,0.35,0.0,6.59,6.24,4.16,2.77,0.0,9.0,00:01:57,0.0,7.0,00:01:52,0.0
Mark Kastelic,BOS,C,12,00:12:12,0.82,0.41,6.14,9.83,7.37,3.69,19.65,7.0,00:12:48,0.0,0.0,6.02,8.7,6.69,4.68,23.42,,,,,,
Charle-Edouard D'Astous,T.B,D,3,00:14:12,1.41,0.0,4.22,5.63,4.22,2.81,0.0,3.0,00:14:12,1.41,0.0,4.22,5.63,4.22,2.81,0.0,,,,,,
Sean Durzi,UTA,D,2,00:18:55,0.0,1.59,3.17,4.76,6.34,6.34,0.0,,,,,,,,,,,,,,,
Parker Kelly,COL,C,11,00:11:24,0.96,0.96,5.73,12.42,4.78,1.91,7.65,7.0,00:11:16,1.52,1.52,7.6,9.88,4.56,1.52,6.08,,,,,,
Pius Suter,STL,C,10,00:16:22,1.1,0.73,5.86,3.3,1.83,1.47,19.05,7.0,00:15:41,1.09,0.55,4.92,2.73,1.09,1.09,18.58,10.0,00:01:52,0.0,7.0,00:01:35,0.0
Zach Whitecloud,VGK,D,10,00:17:37,0.0,0.34,2.38,7.49,4.09,0.68,0.0,7.0,00:17:20,0.0,0.49,2.47,6.92,4.45,0.99,0.0,,,,,,
Kiefer Sherwood,VAN,L,11,00:16:52,1.94,0.0,6.14,16.17,2.26,3.23,1.29,7.0,00:18:26,1.39,0.0,4.65,13.94,2.79,2.79,0.93,11.0,00:01:22,3.99,7.0,00:02:07,4.04
Eric Robinson,CAR,L,7,00:09:57,2.58,0.86,7.75,7.75,0.86,0.0,0.0,5.0,00:10:19,2.33,0.0,5.81,6.98,1.16,0.0,0.0,,,,,,
Martin Fehérváry,WSH,D,10,00:19:13,0.31,0.94,4.68,5.93,5.62,1.25,0.0,7.0,00:19:18,0.0,1.33,4.88,5.33,3.55,1.78,0.0,,,,,,
Joel Farabee,CGY,L,11,00:17:44,0.31,0.92,7.07,4.61,2.77,0.61,1.54,7.0,00:16:53,0.51,0.51,9.64,4.57,1.52,1.01,1.52,11.0,00:03:14,1.68,7.0,00:02:40,0.0
Philipp Kurashev,S.J,C,8,00:17:41,0.85,0.85,5.94,2.97,2.12,0.0,3.39,5.0,00:17:04,0.7,1.41,7.03,2.11,2.11,0.0,5.62,8.0,00:02:22,0.0,,,
Quinn Hughes,VAN,D,9,00:26:37,0.25,1.5,4.51,0.25,1.5,0.0,0.0,5.0,00:27:19,0.0,1.76,3.51,0.0,0.88,0.0,0.0,9.0,00:04:56,6.74,5.0,00:05:54,6.09
Brady Tkachuk,OTT,L,3,00:16:37,0.0,3.61,12.04,12.04,0.0,4.81,9.63,,,,,,,,,,3.0,00:03:48,5.25,,,
Ryan McLeod,BUF,C,10,00:18:08,0.99,1.32,3.64,0.66,1.98,0.0,21.83,7.0,00:18:15,1.41,1.88,4.23,0.94,1.88,0.0,23.95,10.0,00:01:19,4.53,,,
Evan Bouchard,EDM,D,11,00:23:39,0.23,1.38,6.91,1.15,3.69,1.84,0.0,7.0,00:22:46,0.38,2.26,6.02,1.51,3.39,3.01,0.0,11.0,00:03:28,4.7,7.0,00:03:13,7.96
Isac Lundestrom,CBJ,C,9,00:11:45,0.0,1.13,2.27,2.27,3.4,1.13,20.42,7.0,00:11:41,0.0,1.47,2.93,2.2,2.93,0.0,18.33,,,,,,
Mattias Samuelsson,BUF,D,8,00:20:29,0.73,1.46,3.29,4.39,7.68,1.46,0.0,6.0,00:21:20,0.94,1.41,3.75,3.28,7.5,1.87,0.0,,,,,,
Joe Veleno,MTL,C,6,00:11:03,0.0,0.0,5.43,10.86,1.81,3.62,17.19,6.0,00:11:03,0.0,0.0,5.43,10.86,1.81,3.62,17.19,,,,,,
K'Andre Miller,CAR,D,6,00:23:31,0.85,0.85,5.95,2.55,3.4,3.4,0.0,4.0,00:24:01,0.0,1.25,5.62,2.5,2.5,2.5,0.0,6.0,00:02:46,3.6,4.0,00:02:58,0.0
Michael Callahan,BOS,D,3,00:16:27,0.0,0.0,2.43,3.65,7.29,0.0,0.0,3.0,00:16:27,0.0,0.0,2.43,3.65,7.29,0.0,0.0,,,,,,
Jesperi Kotkaniemi,CAR,C,7,00:10:08,0.84,1.69,5.07,6.76,5.07,0.0,27.03,5.0,00:10:10,1.18,1.18,5.9,8.26,5.9,0.0,28.33,,,,,,
Andrei Svechnikov,CAR,R,9,00:14:44,0.45,0.0,8.59,2.71,0.45,1.81,0.45,7.0,00:14:06,0.61,0.0,8.51,1.82,0.61,2.43,0.61,9.0,00:02:44,2.43,7.0,00:02:20,3.66
Alec Regula,EDM,D,2,00:15:53,0.0,0.0,5.66,0.0,3.78,0.0,0.0,,,,,,,,,,,,,,,
Ty Emberson,EDM,D,11,00:15:38,0.35,0.7,3.83,4.88,6.27,0.0,0.0,7.0,00:15:55,0.54,0.54,3.77,6.99,5.92,0.0,0.0,,,,,,
Jack Drury,COL,C,11,00:14:31,0.38,0.75,5.63,1.88,3.76,2.25,31.92,7.0,00:14:55,0.57,0.57,6.89,1.72,4.02,2.3,29.28,,,,,,
Rasmus Dahlin,BUF,D,10,00:24:24,0.0,1.72,7.13,2.46,2.46,1.97,0.0,7.0,00:23:28,0.0,2.19,7.67,1.1,2.92,1.46,0.0,10.0,00:03:27,6.94,7.0,00:03:11,10.73
Filip Hallander,PIT,C,10,00:13:03,0.46,1.38,7.81,1.38,1.84,0.92,0.0,7.0,00:13:36,0.63,1.26,8.19,1.26,2.52,1.26,0.0,,,,,,
Ty Dellandrea,S.J,C,10,00:13:09,0.0,1.82,2.74,11.4,2.74,0.91,28.27,7.0,00:12:08,0.0,1.41,2.82,9.88,2.12,1.41,25.41,,,,,,
Barrett Hayton,UTA,C,9,00:16:03,0.83,0.83,4.15,0.42,1.25,1.66,22.01,7.0,00:15:45,0.54,1.09,3.81,0.0,1.63,2.17,22.84,9.0,00:01:41,0.0,,,
Jack McBain,UTA,C,11,00:13:42,0.4,0.0,7.95,9.55,2.78,5.97,15.91,7.0,00:12:48,0.0,0.0,7.36,10.71,2.01,2.68,16.73,11.0,00:01:27,0.0,,,
Kevin Bahl,CGY,D,11,00:20:50,0.26,0.52,2.36,2.09,4.45,2.09,0.0,7.0,00:21:05,0.41,0.41,2.84,1.63,5.69,2.44,0.0,,,,,,
Noah Dobson,MTL,D,11,00:22:35,0.24,1.45,4.59,0.97,5.55,1.45,0.0,7.0,00:22:42,0.38,1.51,4.91,1.51,6.79,0.75,0.0,11.0,00:01:32,3.53,,,
Adam Boqvist,NYI,D,3,00:13:36,0.0,0.0,1.47,0.0,4.41,0.0,0.0,3.0,00:13:36,0.0,0.0,1.47,0.0,4.41,0.0,0.0,,,,,,
Rasmus Sandin,WSH,D,7,00:19:23,0.0,0.88,1.77,7.07,4.42,0.0,0.0,4.0,00:19:12,0.0,1.56,1.56,7.03,3.9,0.0,0.0,7.0,00:02:09,0.0,,,
Adam Ginning,PHI,D,5,00:15:20,0.0,0.0,1.56,3.13,3.91,0.0,0.0,,,,,,,,,,,,,,,
Curtis Douglas,T.B,C,8,00:05:21,0.0,0.0,7.0,11.19,2.8,16.79,1.4,6.0,00:05:30,0.0,0.0,7.27,7.27,3.63,12.71,0.0,,,,,,
Nils Lundkvist,DAL,D,4,00:15:59,0.94,1.88,1.88,2.81,4.69,1.88,0.0,1.0,00:11:18,0.0,0.0,0.0,5.31,0.0,0.0,0.0,,,,,,
Jacob Bernard-Docker,DET,D,8,00:12:37,0.0,0.59,5.94,2.38,2.38,1.19,0.0,6.0,00:13:04,0.0,0.76,5.35,2.29,3.06,1.53,0.0,,,,,,
Jordan Harris,BOS,D,5,00:15:37,0.77,0.77,6.91,3.07,2.3,0.0,0.0,2.0,00:15:37,0.0,0.0,7.68,1.92,3.84,0.0,0.0,,,,,,
Michael Kesselring,BUF,D,1,00:17:58,0.0,0.0,10.02,3.34,0.0,0.0,0.0,1.0,00:17:58,0.0,0.0,10.02,3.34,0.0,0.0,0.0,,,,,,
Kirill Marchenko,CBJ,R,9,00:18:41,1.78,1.43,13.19,2.85,2.5,2.14,0.0,7.0,00:18:59,0.9,1.81,11.28,3.16,1.81,1.81,0.0,9.0,00:02:50,7.04,7.0,00:03:02,5.64
Ilya Lyubushkin,DAL,D,8,00:15:55,0.0,0.47,2.83,5.18,4.71,3.77,0.0,6.0,00:16:55,0.0,0.0,2.96,5.32,4.73,1.18,0.0,,,,,,
Connor Dewar,PIT,C,11,00:13:04,1.25,0.42,7.51,10.85,2.09,0.0,0.42,7.0,00:12:53,2.0,0.0,8.65,11.97,0.67,0.0,0.0,,,,,,
Declan Chisholm,WSH,D,4,00:14:44,0.0,1.02,3.05,2.04,3.05,0.0,0.0,3.0,00:14:49,0.0,0.0,4.05,1.35,2.7,0.0,0.0,,,,,,
Pontus Holmberg,T.B,R,10,00:12:17,0.49,1.95,5.37,7.32,2.93,3.91,4.39,7.0,00:12:46,0.0,2.01,6.04,6.04,2.69,1.34,4.7,,,,,,
Tyler Tucker,STL,D,10,00:12:55,0.46,1.39,4.65,6.97,3.72,6.5,0.0,7.0,00:12:39,0.68,1.35,2.03,8.13,3.39,6.1,0.0,,,,,,
Jonatan Berggren,DET,R,6,00:12:23,1.61,1.61,8.07,4.04,0.0,1.61,0.0,5.0,00:13:06,1.83,1.83,9.16,3.66,0.0,0.0,0.0,,,,,,
Alexander Romanov,NYI,D,4,00:18:12,0.0,0.0,3.3,12.36,9.89,3.3,0.0,2.0,00:17:55,0.0,0.0,5.02,10.04,10.04,3.35,0.0,,,,,,
Linus Karlsson,VAN,C,8,00:09:27,0.0,1.58,4.75,8.72,1.58,1.58,1.58,7.0,00:09:42,0.0,1.77,4.41,8.83,1.77,1.77,0.88,,,,,,
Paul Cotter,N.J,L,10,00:12:00,0.5,0.5,6.99,14.49,1.5,2.0,2.5,7.0,00:12:22,0.69,0.69,8.31,12.47,1.39,0.0,3.46,,,,,,
Cole Koepke,WPG,L,10,00:09:54,0.0,0.61,4.24,17.56,1.82,7.27,0.0,7.0,00:11:14,0.0,0.0,4.58,15.26,1.53,7.63,0.0,,,,,,
Spencer Stastney,NSH,D,11,00:15:15,0.36,1.07,2.86,0.36,3.22,0.71,0.0,7.0,00:15:43,0.55,1.64,3.82,0.55,2.18,1.09,0.0,,,,,,
Yegor Sharangovich,CGY,C,9,00:14:39,0.45,0.45,6.37,1.36,2.27,0.0,0.0,5.0,00:14:33,0.82,0.0,4.95,1.65,2.47,0.0,0.0,9.0,00:01:52,0.0,,,
Simon Benoit,TOR,D,10,00:17:17,0.0,0.35,2.08,9.02,3.47,4.51,0.0,7.0,00:17:30,0.0,0.49,1.96,7.84,3.43,4.41,0.0,,,,,,
Cole Reinhardt,VGK,L,4,00:09:51,1.52,1.52,1.52,12.18,0.0,0.0,0.0,4.0,00:09:51,1.52,1.52,1.52,12.18,0.0,0.0,0.0,,,,,,
Jake Christiansen,CBJ,D,5,00:09:44,0.0,0.0,4.92,4.92,0.0,0.0,0.0,5.0,00:09:44,0.0,0.0,4.92,4.92,0.0,0.0,0.0,,,,,,
Brayden Pachal,CGY,D,4,00:12:49,0.0,0.0,3.51,11.7,1.17,4.68,0.0,1.0,00:13:22,0.0,0.0,0.0,4.49,4.49,8.98,0.0,,,,,,
Egor Zamula,PHI,D,6,00:13:41,0.0,0.73,1.46,0.0,5.84,1.46,0.0,4.0,00:12:37,0.0,1.19,1.19,0.0,5.94,0.0,0.0,,,,,,
Jonathan Aspirot,BOS,D,1,00:14:40,0.0,0.0,0.0,4.09,16.35,0.0,0.0,1.0,00:14:40,0.0,0.0,0.0,4.09,16.35,0.0,0.0,,,,,,
Kyle MacLean,NYI,C,5,00:09:24,0.0,0.0,6.38,8.93,1.28,21.69,2.55,5.0,00:09:24,0.0,0.0,6.38,8.93,1.28,21.69,2.55,,,,,,
Blake Lizotte,PIT,C,11,00:14:09,0.39,0.0,3.85,3.85,2.7,0.0,16.56,7.0,00:14:29,0.0,0.0,2.96,5.32,2.96,0.0,17.15,,,,,,
Noah Philp,EDM,C,6,00:11:20,1.76,0.88,5.29,7.93,0.88,1.76,21.16,4.0,00:11:34,1.3,1.3,2.59,7.78,0.0,0.0,16.85,,,,,,
Peyton Krebs,BUF,C,10,00:13:01,0.0,1.38,5.07,10.14,1.84,3.69,12.9,7.0,00:13:17,0.0,1.94,5.16,10.97,2.58,5.16,16.13,,,,,,
Kirby Dach,MTL,C,8,00:13:34,0.55,1.1,5.52,6.08,4.97,1.1,11.6,4.0,00:13:03,0.0,1.15,6.89,6.89,5.75,2.3,6.89,8.0,00:01:38,4.56,,,
Bowen Byram,BUF,D,10,00:22:45,0.26,1.05,2.9,2.11,3.43,1.58,0.0,7.0,00:21:43,0.39,1.58,3.55,1.58,4.34,2.37,0.0,10.0,00:01:38,7.29,,,
Matthew Robertson,NYR,D,7,00:17:08,0.5,0.0,3.0,4.5,3.5,2.0,0.0,6.0,00:16:58,0.59,0.0,2.94,4.12,4.12,2.36,0.0,,,,,,
Kaedan Korczak,VGK,D,10,00:16:42,0.36,0.36,4.31,7.9,6.82,2.87,0.0,7.0,00:17:21,0.49,0.49,3.46,8.4,7.9,2.96,0.0,,,,,,
Dylan Cozens,OTT,C,11,00:17:06,1.91,1.27,8.29,12.11,1.91,1.27,19.12,7.0,00:17:30,2.45,0.98,5.87,10.28,2.45,0.98,14.19,11.0,00:03:24,11.19,7.0,00:03:12,10.68
Alex Turcotte,L.A,C,11,00:09:00,0.0,1.82,5.45,0.61,1.82,4.24,24.2,7.0,00:09:45,0.0,1.76,4.39,0.0,0.0,0.0,21.95,,,,,,
Trevor Zegras,PHI,C,9,00:17:01,0.78,2.74,5.09,1.96,0.78,7.05,7.05,7.0,00:16:50,1.02,3.05,5.09,2.54,1.02,8.14,4.07,9.0,00:02:54,9.2,7.0,00:03:17,7.83
Cole Caufield,MTL,R,11,00:18:18,2.68,1.19,9.24,3.87,1.19,1.19,0.0,7.0,00:18:24,2.8,0.93,8.85,3.26,1.86,0.93,0.0,11.0,00:02:59,7.29,7.0,00:02:16,3.77
Moritz Seider,DET,D,10,00:24:58,0.0,0.72,5.28,5.04,3.36,0.96,0.0,7.0,00:24:39,0.0,0.7,5.22,5.56,3.48,0.7,0.0,10.0,00:03:27,5.2,7.0,00:03:01,5.68
Cam York,PHI,D,6,00:25:19,0.0,1.58,0.79,0.0,4.74,1.58,0.0,6.0,00:25:19,0.0,1.58,0.79,0.0,4.74,1.58,0.0,,,,,,
Bobby Brink,PHI,R,9,00:16:40,1.2,1.6,6.39,4.0,0.8,1.6,0.0,7.0,00:16:37,1.03,1.55,6.18,4.12,0.52,2.06,0.0,9.0,00:02:23,8.34,7.0,00:02:36,9.85
John Beecher,BOS,C,3,00:12:31,1.6,0.0,7.99,6.39,4.79,0.0,0.0,3.0,00:12:31,1.6,0.0,7.99,6.39,4.79,0.0,0.0,,,,,,
Matt Boldy,MIN,L,11,00:22:17,1.22,1.71,10.27,1.47,0.73,1.47,1.71,7.0,00:21:47,0.39,1.18,9.05,1.57,0.39,1.57,1.57,11.0,00:05:04,6.45,7.0,00:04:50,0.0
Jack Hughes,N.J,C,10,00:20:12,2.67,1.49,11.29,0.3,1.49,0.0,9.21,7.0,00:20:18,3.8,1.27,12.67,0.0,1.27,0.0,9.29,10.0,00:03:10,7.54,7.0,00:03:15,7.89
Arthur Kaliyev,OTT,R,2,00:10:36,0.0,2.83,11.31,0.0,0.0,0.0,0.0,2.0,00:10:36,0.0,2.83,11.31,0.0,0.0,0.0,0.0,,,,,,
Domenick Fensore,CAR,D,1,00:19:22,0.0,0.0,6.2,3.1,9.29,0.0,0.0,1.0,00:19:22,0.0,0.0,6.2,3.1,9.29,0.0,0.0,,,,,,
Drew Helleson,ANA,D,9,00:18:54,0.71,1.06,4.23,2.47,2.47,0.0,0.0,7.0,00:19:25,0.88,1.32,4.41,2.65,2.21,0.0,0.0,,,,,,
Alex Vlasic,CHI,D,9,00:21:44,0.0,0.92,1.84,3.07,5.21,0.61,0.0,7.0,00:21:44,0.0,1.18,2.37,3.15,5.12,0.79,0.0,,,,,,
Marshall Warren,NYI,D,2,00:12:07,0.0,4.95,0.0,4.95,0.0,4.95,0.0,2.0,00:12:07,0.0,4.95,0.0,4.95,0.0,4.95,0.0,,,,,,
Philip Tomasino,PIT,R,4,00:12:07,0.0,0.0,6.19,6.19,7.43,0.0,1.24,2.0,00:10:53,0.0,0.0,2.75,13.77,5.51,0.0,2.75,,,,,,
Connor McMichael,WSH,C,10,00:15:19,0.39,0.78,7.83,1.57,1.96,1.57,17.23,7.0,00:15:09,0.57,1.13,7.92,1.13,2.26,2.26,19.8,10.0,00:02:13,2.69,7.0,00:02:19,3.7
Thomas Harley,DAL,D,10,00:22:54,0.26,1.83,2.88,1.31,7.86,1.57,0.0,7.0,00:22:38,0.0,1.14,3.41,1.89,6.82,0.76,0.0,10.0,00:01:46,6.77,7.0,00:01:57,4.38
Nicholas Robertson,TOR,L,9,00:11:34,0.58,0.58,9.79,6.91,0.0,0.0,0.0,6.0,00:11:58,0.84,0.84,8.36,5.85,0.0,0.0,0.0,,,,,,
Jayden Struble,MTL,D,7,00:15:02,0.0,1.14,2.28,5.13,2.28,1.14,0.0,7.0,00:15:02,0.0,1.14,2.28,5.13,2.28,1.14,0.0,,,,,,
Shane Pinto,OTT,C,11,00:18:55,2.31,0.58,9.51,2.31,1.73,2.31,22.2,7.0,00:19:19,1.33,0.44,9.31,2.22,1.77,0.89,22.17,11.0,00:02:43,0.0,7.0,00:02:06,0.0
Philip Broberg,STL,D,10,00:21:39,0.28,0.83,3.05,0.55,1.66,0.55,0.0,7.0,00:21:50,0.39,0.78,3.14,0.39,1.96,0.0,0.0,,,,,,
Simon Holmstrom,NYI,R,9,00:13:37,0.98,1.47,4.4,0.98,4.89,0.98,0.49,7.0,00:13:59,1.23,1.23,5.51,1.23,4.9,0.0,0.61,,,,,,
Pavel Dorofeyev,VGK,R,10,00:17:11,3.14,0.35,11.52,1.4,1.75,1.4,0.0,7.0,00:16:26,2.09,0.52,10.95,2.09,2.09,2.09,0.0,10.0,00:04:13,8.5,7.0,00:03:55,4.36
Jackson LaCombe,ANA,D,9,00:25:36,0.0,0.78,4.68,2.34,4.95,0.52,0.0,7.0,00:25:24,0.0,1.01,5.06,2.02,6.07,0.67,0.0,9.0,00:04:10,3.2,7.0,00:04:25,3.88
Jordan Spence,OTT,D,4,00:18:26,0.0,3.25,6.51,5.69,2.44,0.0,0.0,2.0,00:19:01,0.0,1.58,4.73,4.73,0.0,0.0,0.0,,,,,,
Albert Johansson,DET,D,10,00:15:14,0.0,0.79,4.33,3.94,4.72,0.0,0.0,7.0,00:15:58,0.0,0.54,3.75,3.22,4.29,0.0,0.0,,,,,,
Vasily Podkolzin,EDM,R,11,00:13:57,0.39,1.56,5.08,13.29,3.52,0.78,0.78,7.0,00:15:14,0.56,1.69,4.5,11.81,2.81,1.12,1.12,,,,,,
Alex Newhook,MTL,C,11,00:14:57,1.46,1.46,4.37,5.47,1.46,1.46,9.84,7.0,00:14:47,1.74,1.74,5.21,4.63,1.74,1.16,8.69,,,,,,
Ilya Mikheyev,CHI,R,9,00:17:47,1.12,0.75,7.12,3.0,1.5,0.0,0.0,6.0,00:18:09,1.65,1.1,8.81,3.3,1.65,0.0,0.0,,,,,,
Joel Kiviranta,COL,L,5,00:10:46,0.0,0.0,3.34,10.02,2.23,0.0,2.23,1.0,00:10:28,0.0,0.0,0.0,11.45,5.72,0.0,0.0,,,,,,
Cole Schwindt,FLA,R,2,00:07:59,3.75,0.0,3.75,3.75,7.51,0.0,11.26,2.0,00:07:59,3.75,0.0,3.75,3.75,7.51,0.0,11.26,,,,,,
Aliaksei Protas,WSH,C,10,00:18:40,1.28,1.61,8.03,1.28,1.93,0.64,0.32,7.0,00:18:31,0.93,1.39,6.94,1.85,2.78,0.93,0.46,10.0,00:02:02,2.94,7.0,00:02:00,4.26
Juuso Parssinen,NYR,C,7,00:08:18,2.06,1.03,6.19,8.25,6.19,2.06,5.16,6.0,00:08:07,2.46,0.0,7.38,7.38,6.15,0.0,4.92,,,,,,
Matias Maccelli,TOR,L,10,00:13:51,0.87,0.87,3.9,0.43,1.3,0.0,0.87,7.0,00:13:42,1.25,0.63,4.38,0.0,0.63,0.0,0.63,10.0,00:01:21,0.0,7.0,00:01:45,0.0
Dmitri Voronkov,CBJ,L,9,00:15:42,2.12,1.7,8.06,9.33,0.42,5.09,0.42,7.0,00:15:51,2.16,1.08,8.64,9.73,0.0,4.32,0.54,9.0,00:02:14,2.98,7.0,00:02:31,3.38
Max Crozier,T.B,D,4,00:13:06,0.0,3.43,4.58,6.86,2.29,2.29,0.0,,,,,,,,,,,,,,,
Arseny Gritsyuk,N.J,R,10,00:13:33,0.88,1.77,9.29,5.31,0.44,0.88,0.0,7.0,00:14:01,1.22,0.61,9.78,5.5,0.61,0.0,0.0,,,,,,
Elmer Soderblom,DET,L,5,00:10:07,1.18,0.0,3.55,11.85,0.0,0.0,0.0,4.0,00:09:58,1.5,0.0,4.51,9.02,0.0,0.0,0.0,,,,,,
Adam Edstrom,NYR,C,11,00:10:08,0.0,1.08,4.3,12.91,2.15,1.08,0.0,7.0,00:10:02,0.0,0.0,3.41,11.95,2.56,1.71,0.0,,,,,,
Nikita Nesterenko,ANA,C,7,00:12:59,0.0,2.64,3.3,9.9,2.64,0.0,1.32,6.0,00:14:10,0.0,2.82,3.53,9.18,2.82,0.0,1.41,,,,,,
Tye Kartye,SEA,L,10,00:11:49,0.51,0.51,3.05,14.72,2.03,0.0,0.0,7.0,00:11:20,0.76,0.0,3.78,10.58,3.02,0.0,0.0,,,,,,
Louis Crevier,CHI,D,9,00:12:15,1.09,1.09,4.9,7.62,2.72,11.43,0.0,7.0,00:13:11,0.65,1.3,3.9,9.1,2.6,2.6,0.0,,,,,,
Drew O'Connor,VAN,L,11,00:13:55,0.0,0.39,5.09,3.52,2.74,2.35,2.74,7.0,00:14:08,0.0,0.0,6.67,4.24,2.43,1.21,1.21,,,,,,
Cole Smith,NSH,R,11,00:14:30,1.13,0.0,5.64,12.78,1.13,3.01,0.0,7.0,00:14:41,1.17,0.0,5.83,15.75,0.58,4.67,0.0,,,,,,
Mitchell Chaffee,T.B,R,7,00:09:29,0.0,0.0,7.23,17.16,1.81,3.61,0.9,4.0,00:09:17,0.0,0.0,11.3,11.3,3.23,0.0,1.61,,,,,,
Jack Ahcan,COL,D,2,00:12:38,0.0,2.37,0.0,7.12,4.75,0.0,0.0,2.0,00:12:38,0.0,2.37,0.0,7.12,4.75,0.0,0.0,,,,,,
Braden Schneider,NYR,D,11,00:18:12,0.0,0.6,3.9,8.09,3.9,0.6,0.0,7.0,00:17:55,0.0,0.48,3.35,6.7,3.83,0.0,0.0,,,,,,
Connor Zary,CGY,C,11,00:13:02,0.42,0.42,5.86,2.93,1.25,3.35,10.46,7.0,00:13:35,0.0,0.63,3.79,2.52,0.63,3.79,10.09,11.0,00:02:07,2.56,7.0,00:02:05,0.0
Dylan Holloway,STL,L,10,00:19:03,0.31,0.94,5.98,9.76,2.2,1.26,0.63,7.0,00:18:53,0.45,1.36,4.54,8.62,2.72,0.91,0.45,10.0,00:03:02,1.98,7.0,00:03:13,2.65
Lucas Raymond,DET,L,8,00:16:56,0.89,2.66,3.98,0.89,1.33,0.0,0.44,5.0,00:17:48,0.0,3.37,3.37,0.67,1.35,0.0,0.0,8.0,00:03:14,4.63,5.0,00:02:50,0.0
Marco Rossi,MIN,C,10,00:18:19,0.66,2.62,5.9,1.64,1.97,0.0,22.27,6.0,00:18:19,0.55,2.73,6.0,1.64,2.18,0.0,25.11,10.0,00:02:00,14.95,6.0,00:01:40,17.88
Kaiden Guhle,MTL,D,5,00:19:14,0.62,0.62,4.37,9.98,3.12,4.37,0.0,1.0,00:16:10,0.0,3.71,0.0,3.71,0.0,0.0,0.0,,,,,,
Justin Sourdif,WSH,R,10,00:11:34,0.52,0.0,5.18,9.85,2.07,2.07,6.22,7.0,00:11:36,0.74,0.0,3.69,11.08,2.22,2.96,8.87,,,,,,
Jake Neighbours,STL,L,8,00:14:37,3.08,0.51,6.16,10.26,2.57,2.05,0.51,5.0,00:14:33,2.47,0.82,5.77,7.42,2.47,3.3,0.82,8.0,00:02:07,0.0,,,
Jack Finley,T.B,C,3,00:08:03,0.0,0.0,7.45,12.41,0.0,4.97,34.76,2.0,00:07:32,0.0,0.0,11.93,15.91,0.0,0.0,47.73,,,,,,
Ridly Greig,OTT,C,11,00:16:54,0.32,0.97,5.48,4.52,2.58,1.94,12.26,7.0,00:16:54,0.0,0.51,5.57,5.07,3.55,1.01,13.18,11.0,00:02:30,6.53,7.0,00:02:35,3.31
Seth Jarvis,CAR,C,9,00:19:54,2.35,1.34,11.06,2.01,1.34,0.67,2.35,7.0,00:19:34,1.75,1.75,10.94,1.75,1.31,0.88,1.75,9.0,00:03:27,1.93,7.0,00:03:15,2.63
Tyler Kleven,OTT,D,9,00:15:45,0.0,0.0,3.81,6.77,6.34,1.69,0.0,7.0,00:16:00,0.0,0.0,2.14,5.89,5.89,1.07,0.0,,,,,,
Jack Quinn,BUF,R,10,00:15:05,1.19,1.19,7.16,1.19,1.19,0.0,0.0,7.0,00:14:46,1.74,1.74,9.29,1.74,0.58,0.0,0.0,10.0,00:01:40,7.17,,,
Alexander Nikishin,CAR,D,9,00:19:09,0.35,1.04,5.57,8.35,5.22,2.09,0.0,7.0,00:20:00,0.43,0.43,5.57,7.28,5.14,2.57,0.0,,,,,,
Ozzy Wiesblatt,NSH,C,8,00:10:32,0.0,1.42,5.69,13.52,2.13,4.98,0.0,7.0,00:10:41,0.0,0.0,5.61,13.63,2.41,4.01,0.0,,,,,,
Jake Sanderson,OTT,D,11,00:23:13,0.47,1.88,4.93,1.17,4.46,0.0,0.0,7.0,00:23:07,0.37,1.48,3.34,1.11,4.45,0.0,0.0,11.0,00:03:30,9.33,7.0,00:03:16,7.87
Alexis Lafrenière,NYR,L,11,00:18:06,0.3,0.9,8.13,5.12,2.41,1.21,0.0,7.0,00:18:30,0.0,0.93,5.1,4.63,2.78,1.85,0.0,11.0,00:03:25,1.59,7.0,00:03:31,2.43
Dawson Mercer,N.J,C,10,00:18:02,1.33,1.66,5.32,2.99,4.65,1.33,5.65,7.0,00:18:10,0.94,1.89,4.72,2.83,4.25,1.89,6.6,10.0,00:02:21,5.08,7.0,00:02:25,3.53
Justin Barron,NSH,D,11,00:15:24,0.0,1.06,2.12,3.19,5.31,0.71,0.0,7.0,00:15:57,0.0,1.61,2.15,2.69,5.37,1.07,0.0,,,,,,
Anton Lundell,FLA,C,11,00:18:36,0.88,1.47,7.33,2.64,2.34,1.17,29.31,7.0,00:19:22,0.44,1.33,5.31,2.65,2.21,1.77,28.75,11.0,00:03:10,6.89,7.0,00:03:38,2.36
Tim Stützle,OTT,C,11,00:19:21,1.41,1.97,9.02,3.95,1.41,1.69,18.32,7.0,00:18:45,1.83,2.74,7.31,2.74,0.91,2.74,15.08,11.0,00:03:33,6.14,7.0,00:03:09,10.85
Lukas Reichel,"CHI, VAN",L,8,00:12:10,1.23,1.23,8.01,0.62,2.46,1.23,8.01,7.0,00:12:57,1.32,1.32,8.6,0.0,2.64,1.32,7.93,,,,,,
Sam Colangelo,ANA,R,6,00:10:30,0.95,0.0,1.9,8.56,0.95,1.9,0.95,5.0,00:10:33,1.14,0.0,2.27,10.23,1.14,2.27,1.14,,,,,,
Brock Faber,MIN,D,11,00:22:56,0.24,0.95,7.13,0.95,4.75,0.0,0.0,7.0,00:22:53,0.37,1.5,8.24,1.12,5.62,0.0,0.0,,,,,,
Quinton Byfield,L.A,R,11,00:19:40,0.55,1.66,7.21,3.88,1.39,2.22,23.01,7.0,00:19:55,0.0,1.72,7.31,2.58,1.72,0.86,26.67,11.0,00:02:34,6.38,7.0,00:02:24,7.14
Alexander Holtz,VGK,R,5,00:11:55,0.0,0.0,11.06,2.01,2.01,4.02,0.0,5.0,00:11:55,0.0,0.0,11.06,2.01,2.01,4.02,0.0,,,,,,
Emil Andrae,PHI,D,1,00:10:22,0.0,0.0,5.79,0.0,0.0,0.0,0.0,1.0,00:10:22,0.0,0.0,5.79,0.0,0.0,0.0,0.0,,,,,,
Donovan Sebrango,OTT,D,2,00:15:13,0.0,0.0,1.97,1.97,0.0,9.85,0.0,,,,,,,,,,,,,,,
Jamie Drysdale,PHI,D,9,00:22:12,0.0,0.9,2.4,0.9,4.2,4.2,0.0,7.0,00:21:59,0.0,1.17,3.12,0.39,4.68,5.46,0.0,9.0,00:02:47,0.0,7.0,00:03:03,0.0
Mavrik Bourque,DAL,C,10,00:14:48,0.41,0.81,7.29,2.03,3.24,0.81,0.0,7.0,00:16:07,0.53,0.53,7.98,2.13,3.19,1.06,0.0,10.0,00:01:18,9.13,7.0,00:01:31,5.64
Luke Evangelista,NSH,R,10,00:13:19,0.45,2.25,7.2,0.45,1.35,0.9,0.0,7.0,00:13:38,0.63,1.89,6.29,0.0,1.89,1.26,0.0,10.0,00:01:57,6.14,7.0,00:01:39,10.39
Hendrix Lapierre,WSH,C,9,00:10:32,0.0,1.27,6.33,6.96,1.27,1.27,8.23,7.0,00:10:40,0.0,1.61,8.03,5.62,0.8,1.61,9.63,,,,,,
Alex Laferriere,L.A,R,11,00:15:22,0.71,0.71,8.16,9.22,2.84,1.42,7.09,7.0,00:15:41,1.09,1.09,9.29,8.19,3.82,0.0,9.29,,,,,,
Will Cuylle,NYR,L,11,00:17:36,0.31,0.62,7.43,13.32,2.79,3.72,1.55,7.0,00:17:43,0.0,0.97,6.77,13.06,1.93,3.87,1.93,11.0,00:01:07,4.83,,,
Tyson Foerster,PHI,R,9,00:18:26,1.08,1.08,5.78,2.53,1.45,4.34,0.36,7.0,00:18:43,1.37,0.46,5.03,2.75,1.37,4.58,0.46,9.0,00:02:35,2.57,7.0,00:02:53,2.97
Shakir Mukhamadullin,S.J,D,1,00:12:45,0.0,9.41,0.0,0.0,4.71,18.82,0.0,,,,,,,,,,,,,,,
Landon Slaggert,CHI,L,3,00:09:56,0.0,0.0,6.04,14.09,2.01,4.02,0.0,3.0,00:09:56,0.0,0.0,6.04,14.09,2.01,4.02,0.0,,,,,,
JJ Peterka,UTA,R,11,00:16:16,1.34,2.01,6.37,0.67,1.34,1.34,0.34,7.0,00:16:00,1.07,2.68,6.96,1.07,1.61,2.14,0.54,11.0,00:01:43,0.0,,,
Wyatt Kaiser,CHI,D,10,00:19:49,0.0,0.61,2.72,3.33,1.82,2.42,0.0,7.0,00:19:57,0.0,0.86,2.58,2.58,1.72,1.72,0.0,,,,,,
Marat Khusnutdinov,BOS,C,7,00:10:56,0.0,0.78,6.27,1.57,1.57,1.57,0.0,3.0,00:11:29,0.0,1.74,6.96,1.74,3.48,0.0,0.0,,,,,,
Ian Moore,ANA,D,3,00:12:07,0.0,0.0,4.95,1.65,1.65,3.3,0.0,3.0,00:12:07,0.0,0.0,4.95,1.65,1.65,3.3,0.0,,,,,,
Gage Goncalves,T.B,C,10,00:12:06,0.0,1.49,2.48,5.94,3.96,0.99,0.0,7.0,00:11:52,0.0,0.0,3.61,4.33,4.33,0.0,0.0,10.0,00:01:12,0.0,,,
Artem Zub,OTT,D,11,00:18:42,0.29,1.75,4.96,5.25,4.67,1.75,0.0,7.0,00:18:49,0.0,1.82,3.64,4.56,5.01,1.82,0.0,,,,,,
Bobby McMann,TOR,C,10,00:15:39,0.77,0.38,5.75,13.41,1.92,1.53,0.77,7.0,00:15:48,0.54,0.0,4.88,12.48,0.54,1.08,1.08,10.0,00:01:08,0.0,,,
Jeff Malott,L.A,L,9,00:07:46,1.71,0.0,5.14,25.71,1.71,19.71,0.86,5.0,00:08:25,1.43,0.0,4.28,25.65,2.85,15.68,0.0,,,,,,
Matt Rempe,NYR,C,9,00:09:48,0.68,0.0,5.44,20.39,1.36,4.76,1.36,5.0,00:09:09,0.0,0.0,6.56,22.3,1.31,9.18,1.31,,,,,,
Ilya Solovyov,COL,D,7,00:11:55,0.0,0.0,5.75,5.75,6.47,1.44,0.0,5.0,00:12:21,0.0,0.0,3.88,5.82,2.91,1.94,0.0,,,,,,
Yegor Chinakhov,CBJ,R,6,00:09:43,2.06,2.06,12.34,4.11,2.06,0.0,0.0,6.0,00:09:43,2.06,2.06,12.34,4.11,2.06,0.0,0.0,,,,,,
Emil Heineman,NYI,L,9,00:14:07,2.36,0.47,7.08,17.94,1.42,2.83,0.94,,,,,,,,,,9.0,00:01:15,5.31,7.0,00:01:31,5.64
Adam Wilsby,NSH,D,11,00:17:48,0.0,0.61,3.37,1.23,2.14,3.06,0.0,7.0,00:17:52,0.0,0.0,4.31,0.48,2.88,2.88,0.0,,,,,,
Nils Aman,VAN,C,2,00:08:39,0.0,0.0,3.46,6.93,3.46,0.0,3.46,2.0,00:08:39,0.0,0.0,3.46,6.93,3.46,0.0,3.46,,,,,,
Mason Lohrei,BOS,D,11,00:18:06,0.3,1.51,2.71,1.51,4.22,0.0,0.0,6.0,00:17:30,0.57,2.28,2.86,1.14,3.43,0.0,0.0,11.0,00:01:47,3.05,6.0,00:01:40,6.0
Matthew Kessel,STL,D,3,00:08:52,0.0,0.0,2.25,0.0,2.25,4.5,0.0,3.0,00:08:52,0.0,0.0,2.25,0.0,2.25,4.5,0.0,,,,,,
Josh Dunne,BUF,C,4,00:09:29,1.58,0.0,7.9,9.48,1.58,3.16,1.58,3.0,00:10:31,1.9,0.0,9.5,7.6,1.9,3.8,1.9,,,,,,
Daniil Miromanov,CGY,D,1,00:17:49,0.0,0.0,0.0,0.0,6.74,0.0,0.0,,,,,,,,,,,,,,,
J.J. Moser,T.B,D,8,00:21:33,0.35,0.35,3.83,3.13,2.78,1.39,0.0,7.0,00:21:08,0.41,0.0,4.46,2.43,3.24,1.62,0.0,,,,,,
Josh Doan,BUF,R,10,00:14:57,1.2,1.61,11.64,4.01,0.8,0.8,0.8,7.0,00:14:48,1.74,2.32,11.58,4.05,1.16,1.16,1.16,10.0,00:02:47,6.46,7.0,00:02:50,9.03
Kent Johnson,CBJ,C,9,00:15:21,0.87,0.87,7.81,0.43,1.74,0.0,0.0,7.0,00:16:03,1.07,1.07,6.94,0.0,2.13,0.0,0.0,9.0,00:02:44,0.0,7.0,00:02:57,0.0
Matty Beniers,SEA,C,10,00:19:51,0.3,1.51,6.04,1.81,2.42,0.6,19.94,7.0,00:20:27,0.0,1.26,5.86,1.68,2.51,0.84,18.43,10.0,00:02:57,4.05,7.0,00:02:58,2.88
William Eklund,S.J,L,10,00:19:53,1.21,1.81,8.75,2.41,2.11,0.0,0.0,7.0,00:20:30,1.25,2.09,9.62,2.93,2.09,0.0,0.0,10.0,00:03:35,8.34,7.0,00:03:26,9.98
Owen Power,BUF,D,9,00:22:06,0.3,0.6,4.52,2.11,2.41,0.6,0.0,7.0,00:21:54,0.39,0.78,3.91,2.35,1.96,0.0,0.0,9.0,00:01:25,0.0,,,
Matt Coronato,CGY,R,10,00:16:48,0.71,0.36,7.14,0.36,1.07,2.14,0.71,6.0,00:15:50,0.0,0.0,8.21,0.0,0.63,2.53,0.63,10.0,00:04:25,1.35,6.0,00:04:34,0.0
Luke Hughes,N.J,D,10,00:20:41,0.0,1.74,5.51,1.74,2.32,4.06,0.0,7.0,00:20:25,0.0,0.84,5.46,1.26,2.52,4.2,0.0,10.0,00:02:01,2.96,7.0,00:01:46,4.85
Aatu Raty,VAN,C,9,00:12:53,0.0,0.52,3.1,12.92,0.52,2.07,32.05,5.0,00:14:11,0.0,0.0,4.23,10.15,0.85,1.69,33.82,,,,,,
Dylan Guenther,UTA,R,11,00:18:20,1.49,2.08,11.9,3.27,1.19,1.78,1.19,7.0,00:17:24,1.48,2.46,11.81,2.95,0.49,2.95,0.49,11.0,00:04:05,4.0,7.0,00:03:42,4.63
Logan Stankoven,CAR,C,9,00:16:10,1.24,0.82,8.24,1.24,1.24,1.65,24.72,7.0,00:16:02,1.07,1.07,8.55,1.6,1.07,2.14,22.98,9.0,00:01:58,0.0,7.0,00:01:46,0.0
Colton Dach,CHI,C,10,00:13:51,0.43,0.87,5.63,19.05,2.6,0.87,2.17,7.0,00:13:40,0.63,0.63,6.27,17.56,3.76,0.0,1.88,10.0,00:01:40,3.6,7.0,00:01:35,5.41
Cole Sillinger,CBJ,C,9,00:14:56,0.0,0.89,6.24,4.46,0.45,3.57,1.78,7.0,00:15:11,0.0,0.56,7.33,3.95,0.56,4.51,0.56,,,,,,
Mackie Samoskevich,FLA,R,11,00:15:03,0.72,1.81,9.78,7.6,1.09,2.17,0.0,7.0,00:16:06,0.53,1.6,10.11,5.85,1.6,2.13,0.0,11.0,00:03:09,8.66,7.0,00:03:40,6.99
Matthew Knies,TOR,L,10,00:20:41,1.16,2.61,7.54,7.25,2.32,2.32,0.0,7.0,00:20:30,1.25,2.93,7.52,5.43,2.93,2.51,0.0,10.0,00:03:21,3.57,7.0,00:03:35,4.77
Samuel Helenius,L.A,C,2,00:09:10,0.0,0.0,6.55,29.45,3.27,0.0,9.82,2.0,00:09:10,0.0,0.0,6.55,29.45,3.27,0.0,9.82,,,,,,
Brandt Clarke,L.A,D,11,00:16:28,0.66,1.66,5.96,1.66,6.29,1.32,0.0,7.0,00:15:40,0.55,2.19,7.66,1.64,7.66,1.09,0.0,11.0,00:01:25,0.0,,,
Logan Mailloux,STL,D,7,00:12:37,0.0,0.0,2.04,7.47,2.72,0.0,0.0,4.0,00:13:15,0.0,0.0,2.26,5.66,4.53,0.0,0.0,,,,,,
Zack Bolduc,MTL,R,11,00:13:20,1.64,0.82,8.18,5.73,1.64,2.45,1.64,7.0,00:12:28,0.69,0.69,6.18,6.18,2.75,4.12,1.37,11.0,00:02:38,6.2,7.0,00:01:31,5.63
Wyatt Johnston,DAL,C,10,00:21:12,1.7,1.13,8.77,1.41,3.68,0.57,19.53,7.0,00:21:27,1.2,1.2,8.79,1.6,3.99,0.8,21.97,10.0,00:03:47,7.92,7.0,00:03:56,8.7
Mason McTavish,ANA,C,9,00:19:03,0.35,2.1,5.94,5.59,2.45,3.5,23.08,7.0,00:18:37,0.46,0.92,4.6,5.06,3.22,3.68,24.86,9.0,00:02:18,5.76,7.0,00:02:30,3.42
Brennan Othmann,NYR,L,1,00:12:31,0.0,0.0,4.79,9.59,0.0,0.0,0.0,1.0,00:12:31,0.0,0.0,4.79,9.59,0.0,0.0,0.0,,,,,,
Ryan Winterton,SEA,C,10,00:12:46,0.0,0.47,4.23,4.69,1.41,1.88,0.0,7.0,00:12:18,0.0,0.7,4.18,2.78,2.09,1.39,0.0,,,,,,
Ville Koivunen,PIT,R,4,00:12:27,0.0,0.0,2.41,1.2,2.41,0.0,0.0,2.0,00:11:29,0.0,0.0,0.0,2.61,2.61,0.0,0.0,,,,,,
Simon Edvinsson,DET,D,10,00:20:57,0.86,0.29,3.15,2.58,8.02,3.44,0.0,7.0,00:20:46,0.83,0.41,2.89,2.06,9.08,3.3,0.0,,,,,,
Fedor Svechkov,NSH,C,9,00:12:44,0.0,0.0,9.94,2.09,1.57,1.05,10.47,5.0,00:12:29,0.0,0.0,8.64,0.96,1.92,0.0,10.56,,,,,,
Oliver Kapanen,MTL,C,11,00:12:23,1.76,1.32,6.6,3.52,2.64,0.88,11.44,7.0,00:12:19,1.39,2.09,7.65,2.09,2.09,1.39,14.6,,,,,,
Nikita Chibrikov,WPG,R,5,00:09:41,0.0,0.0,2.48,8.66,3.71,9.9,0.0,2.0,00:09:17,0.0,0.0,3.23,12.91,3.23,25.83,0.0,,,,,,
Olen Zellweger,ANA,D,9,00:19:09,0.0,0.35,7.31,1.39,2.78,2.09,0.0,7.0,00:19:03,0.0,0.0,7.65,0.9,3.15,1.8,0.0,9.0,00:02:02,3.26,7.0,00:02:15,0.0
Ethan Del Mastro,CHI,D,1,00:17:34,0.0,0.0,3.41,20.47,6.82,0.0,0.0,,,,,,,,,,,,,,,
Jackson Blake,CAR,R,9,00:16:57,0.79,1.97,11.4,0.79,1.18,3.14,0.0,7.0,00:16:47,1.02,1.53,9.19,0.0,1.02,3.06,0.0,9.0,00:02:46,4.8,7.0,00:02:50,3.01
Vincent Iorio,S.J,D,6,00:16:19,0.0,0.0,1.84,1.84,3.67,2.45,0.0,6.0,00:16:19,0.0,0.0,1.84,1.84,3.67,2.45,0.0,,,,,,
Tyson Kozak,BUF,C,7,00:09:52,1.74,0.0,4.34,16.5,3.47,0.0,24.32,5.0,00:10:36,2.26,0.0,4.53,14.71,3.4,0.0,24.9,,,,,,
Joel Nystrom,CAR,D,3,00:16:25,0.0,0.0,4.87,2.43,3.65,2.43,0.0,3.0,00:16:25,0.0,0.0,4.87,2.43,3.65,2.43,0.0,,,,,,
Emil Lilleberg,T.B,D,10,00:14:27,0.0,0.0,2.07,6.22,2.9,12.86,0.0,7.0,00:13:45,0.0,0.0,2.49,4.99,3.74,13.71,0.0,,,,,,
Zakhar Bardakov,COL,C,6,00:06:26,1.55,1.55,7.77,10.88,1.55,0.0,23.31,6.0,00:06:26,1.55,1.55,7.77,10.88,1.55,0.0,23.31,,,,,,
Arber Xhekaj,MTL,D,10,00:10:37,0.0,0.56,3.95,7.34,3.39,8.47,0.0,6.0,00:10:26,0.0,0.0,3.83,3.83,0.96,10.53,0.0,,,,,,
Arshdeep Bains,VAN,L,11,00:09:32,0.0,1.14,3.43,5.72,1.14,2.29,1.14,7.0,00:08:41,0.0,0.0,4.93,4.93,0.0,3.95,1.97,,,,,,
Owen Beck,MTL,C,2,00:08:21,0.0,0.0,3.59,0.0,3.59,0.0,25.12,2.0,00:08:21,0.0,0.0,3.59,0.0,3.59,0.0,25.12,,,,,,
Lian Bichsel,DAL,D,10,00:14:45,0.0,0.41,0.81,13.41,5.69,1.63,0.0,7.0,00:14:27,0.0,0.59,0.59,14.23,4.15,1.19,0.0,,,,,,
Seamus Casey,N.J,D,1,00:17:54,0.0,0.0,6.7,0.0,0.0,0.0,0.0,1.0,00:17:54,0.0,0.0,6.7,0.0,0.0,0.0,0.0,,,,,,
Logan Cooley,UTA,C,11,00:18:47,2.32,1.16,7.55,2.9,1.45,1.16,17.71,7.0,00:17:36,3.41,1.95,8.76,2.43,1.46,1.95,21.9,11.0,00:04:05,5.33,7.0,00:03:41,9.28
Cutter Gauthier,ANA,L,9,00:18:26,2.17,0.72,16.27,3.98,1.45,2.89,1.45,7.0,00:18:10,1.89,0.94,14.62,3.77,1.42,2.83,1.42,9.0,00:02:17,2.9,7.0,00:02:29,3.44
Conor Geekie,T.B,C,6,00:10:01,0.0,1.0,4.99,14.96,4.99,3.99,7.98,3.0,00:11:26,0.0,1.75,3.5,10.49,5.24,6.99,6.99,,,,,,
Ryan Greene,CHI,C,10,00:11:52,0.51,0.51,1.01,2.53,1.52,1.01,17.69,7.0,00:12:38,0.68,0.68,1.36,2.03,2.03,0.0,18.99,,,,,,
Hunter Haight,MIN,C,2,00:09:22,0.0,0.0,0.0,6.41,0.0,0.0,22.42,,,,,,,,,,,,,,,
Isaac Howard,EDM,L,10,00:09:52,1.21,0.0,7.29,0.61,0.61,3.64,0.0,6.0,00:10:19,1.94,0.0,7.75,0.97,0.0,5.81,0.0,,,,,,
Lane Hutson,MTL,D,11,00:22:32,0.24,2.18,3.39,1.94,4.11,0.0,0.0,7.0,00:22:42,0.38,2.64,3.4,1.51,4.15,0.0,0.0,11.0,00:03:09,3.46,7.0,00:02:31,6.81
David Jiricek,MIN,D,7,00:12:45,0.0,0.0,2.69,0.67,1.34,2.69,0.0,6.0,00:12:33,0.0,0.0,2.39,0.8,1.59,1.59,0.0,,,,,,
Marco Kasper,DET,C,10,00:15:54,0.38,0.0,5.28,10.94,2.64,2.26,20.0,7.0,00:16:21,0.0,0.0,4.72,11.53,2.62,2.1,21.48,10.0,00:01:21,0.0,7.0,00:01:30,0.0
Joakim Kemell,NSH,R,2,00:11:04,0.0,0.0,2.71,10.84,2.71,0.0,0.0,,,,,,,,,,,,,,,
Jiri Kulich,BUF,C,10,00:16:41,1.08,0.72,6.47,2.52,3.95,1.44,20.48,7.0,00:16:27,1.56,1.04,5.73,3.12,3.65,1.04,21.35,10.0,00:01:37,0.0,,,
Brad Lambert,WPG,C,2,00:08:58,0.0,0.0,6.69,0.0,3.34,0.0,0.0,2.0,00:08:58,0.0,0.0,6.69,0.0,3.34,0.0,0.0,,,,,,
Jonathan Lekkerimäki,VAN,R,4,00:09:54,1.52,0.0,4.55,7.58,3.03,0.0,0.0,,,,,,,,,,,,,,,
Denton Mateychuk,CBJ,D,9,00:18:07,0.74,0.37,4.78,3.31,4.04,0.0,0.0,7.0,00:19:03,0.9,0.0,5.4,3.6,3.6,0.0,0.0,,,,,,
Fraser Minten,BOS,C,12,00:12:51,0.78,0.39,5.83,8.55,5.05,2.33,26.43,7.0,00:12:21,0.69,0.69,6.24,9.71,4.85,2.77,29.12,,,,,,
Pavel Mintyukov,ANA,D,9,00:15:02,0.0,0.89,2.66,3.55,4.43,0.89,0.0,7.0,00:15:24,0.0,1.11,2.23,3.9,5.01,1.11,0.0,,,,,,
Frank Nazar,CHI,C,10,00:19:26,1.54,1.85,5.56,3.09,2.78,1.85,20.07,7.0,00:19:14,1.78,0.89,4.9,3.12,2.67,0.89,20.05,10.0,00:02:54,6.19,7.0,00:02:30,6.82
Simon Nemec,N.J,D,10,00:16:30,0.0,2.54,4.0,0.73,6.18,1.45,0.0,7.0,00:16:45,0.0,3.07,4.09,1.02,6.65,1.02,0.0,,,,,,
Jani Nyman,SEA,R,10,00:10:48,1.66,0.0,4.99,6.1,1.11,1.11,1.11,7.0,00:11:43,1.46,0.0,5.84,4.38,0.73,1.46,0.0,10.0,00:01:18,4.57,7.0,00:01:52,4.57
Liam Ohgren,MIN,L,5,00:09:10,0.0,0.0,5.23,7.85,2.62,0.0,0.0,,,,,,,,,,,,,,,
Noah Ostlund,BUF,C,4,00:10:50,0.0,0.0,8.3,1.38,4.15,0.0,13.84,4.0,00:10:50,0.0,0.0,8.3,1.38,4.15,0.0,13.84,,,,,,
Owen Pickering,PIT,D,1,00:13:12,0.0,0.0,0.0,0.0,0.0,0.0,0.0,1.0,00:13:12,0.0,0.0,0.0,0.0,0.0,0.0,0.0,,,,,,
Sam Rinzel,CHI,D,10,00:20:10,0.3,0.59,4.46,3.57,4.46,3.57,0.0,7.0,00:18:46,0.0,0.91,4.57,5.02,3.65,5.48,0.0,10.0,00:03:01,0.0,7.0,00:02:43,0.0
Matt Savoie,EDM,C,11,00:13:10,0.0,0.41,4.97,1.24,2.9,0.0,0.41,7.0,00:13:36,0.0,0.63,4.41,1.89,2.52,0.0,0.63,,,,,,
Juraj Slafkovský,MTL,L,11,00:18:13,1.5,0.3,7.78,6.28,3.59,2.39,0.3,7.0,00:18:07,1.89,0.47,7.09,4.73,3.78,2.84,0.0,11.0,00:03:07,6.98,7.0,00:02:20,10.96
Jimmy Snuggerud,STL,R,10,00:14:27,1.24,1.24,8.3,3.32,2.49,0.83,0.83,7.0,00:14:32,0.59,1.18,6.48,3.54,1.77,1.18,1.18,10.0,00:02:05,8.62,7.0,00:01:51,4.6
Shane Wright,SEA,C,10,00:14:56,1.2,1.2,6.42,3.21,2.41,0.0,15.26,7.0,00:15:16,1.68,1.12,8.98,1.68,3.37,0.0,12.91,10.0,00:01:35,7.54,7.0,00:01:36,5.34
Danila Yurov,MIN,R,9,00:09:42,0.69,0.0,4.12,5.5,2.75,0.0,12.37,7.0,00:09:52,0.87,0.0,4.34,3.47,2.6,0.0,9.54,,,,,,
Brian Halonen,N.J,L,7,00:07:41,0.0,0.0,3.34,18.93,0.0,5.57,0.0,6.0,00:07:49,0.0,0.0,3.83,19.16,0.0,6.39,0.0,,,,,,
Nick Blankenburg,NSH,D,1,00:12:04,0.0,0.0,4.97,9.94,0.0,0.0,0.0,1.0,00:12:04,0.0,0.0,4.97,9.94,0.0,0.0,0.0,,,,,,
Ben Meyers,SEA,C,4,00:08:57,0.0,3.35,1.67,13.4,1.67,0.0,18.42,4.0,00:08:57,0.0,3.35,1.67,13.4,1.67,0.0,18.42,,,,,,
Ethen Frank,WSH,C,3,00:11:18,0.0,1.77,5.31,3.54,3.54,7.08,0.0,3.0,00:11:18,0.0,1.77,5.31,3.54,3.54,7.08,0.0,,,,,,
Adam Klapka,CGY,R,10,00:10:24,0.58,1.15,6.34,19.61,1.73,14.42,0.58,6.0,00:09:33,1.05,1.05,8.37,17.79,2.09,21.97,1.05,,,,,,
Elias Pettersson,VAN,D,11,00:14:23,0.0,0.38,2.27,4.93,5.31,0.76,0.0,7.0,00:15:15,0.0,0.56,2.81,6.18,5.62,0.0,0.0,,,,,,
Noah Laba,NYR,C,11,00:11:05,0.49,0.98,4.92,4.42,4.92,0.0,18.19,7.0,00:10:07,0.85,0.0,5.08,3.39,6.77,0.0,16.93,,,,,,
Nikita Grebenkin,PHI,R,6,00:08:52,0.0,1.13,1.13,7.89,1.13,21.41,2.25,5.0,00:08:55,0.0,0.0,1.34,8.06,0.0,25.53,2.69,,,,,,
Dominic James,T.B,C,4,00:12:40,0.0,0.0,10.64,8.28,3.55,2.37,16.56,4.0,00:12:40,0.0,0.0,10.64,8.28,3.55,2.37,16.56,,,,,,
Victor Mancini,VAN,D,5,00:10:31,0.0,0.0,3.42,6.84,5.7,5.7,0.0,3.0,00:09:10,0.0,0.0,2.18,4.36,6.54,10.9,0.0,,,,,,
Andrei Kuzmenko,L.A,L,11,00:15:55,0.69,1.37,5.14,4.46,1.03,0.69,0.0,7.0,00:15:11,0.56,1.13,4.51,3.38,0.56,0.0,0.0,11.0,00:02:52,5.7,7.0,00:02:37,6.55
Parker Ford,WPG,C,3,00:10:30,0.0,0.0,3.81,13.33,1.9,3.81,15.23,3.0,00:10:30,0.0,0.0,3.81,13.33,1.9,3.81,15.23,,,,,,
Max Sasson,VAN,C,8,00:09:39,2.33,0.0,6.22,2.33,6.22,0.0,8.55,7.0,00:09:42,1.77,0.0,4.42,2.65,7.07,0.0,9.72,,,,,,
Connor Bedard,CHI,C,10,00:21:25,1.68,1.68,8.4,1.4,0.84,2.8,10.36,7.0,00:21:42,1.58,1.97,9.87,1.58,0.39,2.37,12.24,10.0,00:03:11,5.63,7.0,00:02:52,5.98
Zach Benson,BUF,L,7,00:19:25,0.0,3.09,6.62,1.76,2.65,2.65,0.44,7.0,00:19:25,0.0,3.09,6.62,1.76,2.65,2.65,0.44,7.0,00:03:12,5.35,7.0,00:03:12,5.35
Gavin Brindley,COL,C,11,00:09:06,0.6,0.6,7.18,5.39,1.2,1.2,1.2,7.0,00:09:37,0.0,0.89,8.02,4.45,0.0,1.78,0.0,,,,,,
Leo Carlsson,ANA,C,9,00:19:24,1.37,2.4,8.59,0.34,2.06,0.69,17.86,7.0,00:19:29,1.32,2.2,7.91,0.44,2.64,0.88,15.83,9.0,00:03:59,6.68,7.0,00:04:17,5.99
Easton Cowan,TOR,R,7,00:12:06,0.0,2.13,4.96,6.38,1.42,0.0,0.71,6.0,00:11:46,0.0,2.55,5.1,5.1,1.7,0.0,0.85,,,,,,
Adam Fantilli,CBJ,C,9,00:15:49,0.84,1.26,8.0,5.06,1.69,1.69,13.06,7.0,00:16:04,0.53,1.07,8.0,5.33,1.6,2.13,10.66,9.0,00:01:20,0.0,,,
Samuel Honzek,CGY,L,9,00:12:17,0.54,0.54,7.05,11.93,1.63,0.0,0.0,7.0,00:12:08,0.71,0.71,6.35,12.0,2.12,0.0,0.0,,,,,,
Ryan Leonard,WSH,R,10,00:12:51,1.4,0.93,8.87,7.0,1.4,0.93,1.4,7.0,00:13:18,1.29,1.29,7.73,7.09,1.93,1.29,1.93,10.0,00:01:22,4.35,7.0,00:01:30,5.68
Axel Sandin-Pellikka,DET,D,10,00:19:05,0.31,0.31,4.4,0.94,5.03,1.89,0.0,7.0,00:18:15,0.47,0.47,4.69,1.41,5.16,1.88,0.0,10.0,00:01:33,3.85,7.0,00:01:36,5.36
Will Smith,S.J,C,10,00:17:43,1.02,2.03,7.44,2.03,1.69,2.03,0.34,7.0,00:17:47,1.44,1.44,6.74,1.93,1.93,0.96,0.48,10.0,00:03:37,3.31,7.0,00:03:27,2.48
Tom Willander,VAN,D,1,00:12:37,0.0,0.0,9.51,4.76,0.0,0.0,0.0,1.0,00:12:37,0.0,0.0,9.51,4.76,0.0,0.0,0.0,,,,,,
Matthew Wood,NSH,R,4,00:12:39,0.0,1.19,8.3,4.74,1.19,0.0,2.37,4.0,00:12:39,0.0,1.19,8.3,4.74,1.19,0.0,2.37,,,,,,
Sam Malinski,COL,D,11,00:14:57,0.36,1.46,6.56,1.46,3.64,0.73,0.0,7.0,00:15:15,0.0,1.69,6.18,1.69,2.81,1.12,0.0,,,,,,
Uvis Balinskis,FLA,D,9,00:13:26,0.0,0.0,2.48,4.96,3.97,0.99,0.0,7.0,00:13:20,0.0,0.0,2.57,5.14,5.14,1.28,0.0,,,,,,
Zach Metsa,BUF,D,4,00:08:49,0.0,0.0,1.7,1.7,3.4,3.4,0.0,4.0,00:08:49,0.0,0.0,1.7,1.7,3.4,3.4,0.0,,,,,,
Nikolas Matinpalo,OTT,D,7,00:14:31,0.0,0.59,2.95,5.9,4.13,1.18,0.0,5.0,00:14:16,0.0,0.84,3.36,6.73,1.68,1.68,0.0,,,,,,
Dmitri Simashev,UTA,D,11,00:15:32,0.0,0.0,5.26,0.7,4.56,5.62,0.0,7.0,00:16:36,0.0,0.0,4.64,0.0,4.13,6.19,0.0,,,,,,
Matvei Michkov,PHI,R,9,00:15:03,0.44,0.89,7.52,3.54,0.44,3.54,0.0,7.0,00:15:19,0.56,1.12,8.39,4.48,0.56,2.24,0.0,9.0,00:02:30,0.0,7.0,00:02:45,0.0
Charles Alexis Legault,CAR,D,3,00:11:52,0.0,0.0,6.73,3.37,6.73,6.73,0.0,3.0,00:11:52,0.0,0.0,6.73,3.37,6.73,6.73,0.0,,,,,,
Emmitt Finnie,DET,C,10,00:16:04,1.49,1.49,6.72,10.07,2.61,0.0,0.37,7.0,00:16:58,2.02,1.01,7.58,9.6,3.03,0.0,0.51,10.0,00:01:06,5.4,7.0,00:01:35,5.4
Beckett Sennecke,ANA,R,9,00:17:27,1.15,0.76,5.35,4.2,1.91,0.76,0.0,7.0,00:17:12,0.5,0.5,2.99,2.99,1.99,1.0,0.0,9.0,00:01:50,3.61,7.0,00:01:53,0.0
Zayne Parekh,CGY,D,9,00:15:53,0.0,0.42,4.62,1.68,1.68,0.0,0.0,7.0,00:15:24,0.0,0.56,4.45,2.23,1.11,0.0,0.0,9.0,00:02:39,2.51,7.0,00:02:46,3.1
Jett Luchanko,PHI,C,4,00:08:58,0.0,0.0,1.67,3.35,5.02,3.35,18.4,3.0,00:09:24,0.0,0.0,2.13,2.13,6.38,4.26,17.02,,,,,,
Artyom Levshunov,CHI,D,9,00:14:41,0.0,1.36,3.63,5.44,1.36,4.54,0.0,7.0,00:14:05,0.0,1.22,3.04,6.08,1.22,1.22,0.0,9.0,00:01:34,4.24,,,
Michael Brandsegg-Nygård,DET,R,9,00:12:27,0.0,0.54,7.5,14.99,1.61,1.07,0.0,6.0,00:12:04,0.0,0.83,8.29,15.75,0.83,1.66,0.0,9.0,00:01:24,0.0,,,
Zeev Buium,MIN,D,11,00:19:37,0.56,1.67,4.45,0.56,1.11,0.56,0.0,7.0,00:18:50,0.45,0.91,2.73,0.45,0.45,0.91,0.0,11.0,00:04:01,6.78,7.0,00:03:00,0.0
Berkly Catton,SEA,C,5,00:13:52,0.0,2.59,6.05,0.86,3.46,0.0,0.86,5.0,00:13:52,0.0,2.59,6.05,0.86,3.46,0.0,0.86,,,,,,
Macklin Celebrini,S.J,C,10,00:20:46,1.73,2.89,8.08,1.73,1.15,0.58,26.85,7.0,00:20:42,2.48,2.9,10.76,2.48,1.66,0.83,24.83,10.0,00:03:36,9.98,7.0,00:03:21,12.75
Sam Dickinson,S.J,D,8,00:14:02,0.0,0.0,4.27,2.67,2.67,3.2,0.0,6.0,00:14:45,0.0,0.0,5.42,3.39,2.71,1.36,0.0,,,,,,
Justin Hryckowian,DAL,C,9,00:09:07,0.0,0.0,4.38,9.49,1.46,6.57,4.38,6.0,00:09:55,0.0,0.0,5.04,8.06,1.01,0.0,6.05,,,,,,
Harrison Brunicke,PIT,D,7,00:16:09,0.53,0.0,3.71,1.59,6.89,3.18,0.0,4.0,00:16:50,0.0,0.0,2.67,1.78,9.8,1.78,0.0,,,,,,
Matvei Gridin,CGY,R,4,00:14:43,1.02,0.0,9.17,1.02,3.06,0.0,0.0,,,,,,,,,,,,,,,
Collin Graf,S.J,R,9,00:14:47,0.45,0.9,3.16,4.96,1.8,0.0,0.45,7.0,00:14:34,0.59,1.18,3.53,6.47,1.76,0.0,0.59,,,,,,
Maxim Tsyplakov,NYI,R,7,00:09:08,0.94,0.0,7.5,10.31,0.0,0.0,0.0,5.0,00:08:21,1.43,0.0,7.17,10.04,0.0,0.0,0.0,,,,,,
Ivan Demidov,MTL,R,11,00:13:47,0.79,2.77,3.96,1.19,1.58,2.37,0.0,7.0,00:13:52,0.62,3.09,4.94,1.24,1.24,1.24,0.0,11.0,00:02:04,7.85,7.0,00:01:51,13.9
Matthew Schaefer,NYI,D,9,00:23:14,0.57,1.43,8.03,1.15,2.87,0.57,0.0,7.0,00:23:41,0.36,1.45,6.87,1.09,3.26,0.72,0.0,9.0,00:03:28,5.76,7.0,00:04:00,4.27
Braeden Cootes,VAN,C,3,00:10:46,0.0,0.0,0.0,5.57,1.86,0.0,9.28,,,,,,,,,,,,,,,
Michael Misa,S.J,C,6,00:11:59,0.83,1.67,10.0,1.67,3.33,1.67,13.34,5.0,00:11:22,1.05,2.11,12.66,2.11,2.11,2.11,14.77,6.0,00:02:07,0.0,,,
Brady Martin,NSH,C,3,00:11:25,0.0,1.75,3.5,0.0,3.5,0.0,8.76,1.0,00:10:51,0.0,0.0,11.06,0.0,5.53,0.0,11.06,,,,,,
Ben Kindel,PIT,C,9,00:13:18,1.0,0.0,8.01,1.5,4.01,2.0,15.02,5.0,00:12:30,0.96,0.0,9.59,0.96,4.8,0.0,12.47,9.0,00:01:13,0.0,,,
David Tomasek,EDM,R,10,00:12:24,0.48,0.97,9.19,2.9,0.48,2.9,5.8,6.0,00:11:56,0.84,0.0,7.54,3.35,0.0,0.0,10.05,10.0,00:03:10,3.78,6.0,00:02:36,0.0
Max Shabanov,NYI,R,6,00:11:43,0.85,1.71,6.83,4.27,0.0,0.0,0.0,4.0,00:11:55,0.0,2.52,5.03,6.29,0.0,0.0,0.0,,,,,,
